"Source","Target","Weight"
"Ethanol Production","Sugarcane vs Corn","1"
"Agricultural Income & Taxation","Capital Asset Exemption","1"
"Intangible Assets","Intellectual Property","1"
"Raja Ram Mohan Roy","Social Reform","1"
"Money Multiplier","Reserve Ratios","1"
"Right to Education","NCTE","1"
"Democracy & Administrative Competence","Governance Capacity","1"
"Capital Markets Components","Call Money","1"
"Reservoir Management & Flood Control","Hydropower Dependence","1"
"Troposphere Thickness","Convection","1"
"Number System","Two Subjects","1"
"State and Liberty","Political Philosophy","1"
"Indian Patents Act","Biological Processes","1"
"Ratio & Proportion","Share Comparison","1"
"Logical Reasoning","Coding-Decoding","2"
"Rajya Sabha Powers","Constitutional Amendment","1"
"State Formation & Features","Tripura","1"
"3D Printing Applications","Bioprinting","1"
"Regulation & Economic Growth","Economic Competitiveness","2"
"Smallholder Farmers & Climate Risk","Food Security","2"
"Poverty Line Methodology","State Variations","1"
"Waste-to-Energy Technologies","Pyrolysis","1"
"Election Commission of India","Party Splits","1"
"India-EU Trade Agreement","BTIA","1"
"Logical Reasoning","Range","1"
"Urban Planning Education","Planning Curriculum","1"
"Historical Places & Present States","Bhilsa","1"
"Obesity & Dieting","Lifestyle Habits","1"
"Logical Reasoning","Path Tracking","1"
"Biotechnology","Cloning","1"
"Pollination Ecology","Natural Vegetation","1"
"Anaemia Mukt Bharat","Deworming","1"
"Metagenomics","Air Samples","1"
"Mahajanapadas & Rivers","Avanti","1"
"Digital Signatures","Integrity","1"
"Logical Reasoning","Order","1"
"Jain Sects","Jainism","1"
"Food Security vs Trade Rules","MSP Subsidies","1"
"Number System","Circle","1"
"Ancient Indian Literature","Sanskrit Drama","1"
"Constitution Amendment Ratification","Seventh Schedule","1"
"Number System","Date","1"
"Political Economy","Politics-Economics Interdependence","1"
"Parliamentary System","Collective Responsibility","1"
"Resource-Rich Countries","Indonesia Nickel","1"
"Zero Tillage","Residue Management","1"
"Financial Markets Regulation","Debt Platforms","1"
"SUMED Pipeline","Oil Route","1"
"Number System","Blood Relations","1"
"Percentage","Inequalities","1"
"Preamble Legal Status","Kesavananda Bharati","1"
"Time & Work","Ratio of Wages","1"
"Number System","Negative Powers","1"
"Indian Physiography","Himalayas","1"
"Indian State Geography","Interstate Connectivity","1"
"Political Parties & Leaders","CFD","1"
"Permutation & Combination","Minimization","1"
"AI Action Summit 2025","Bletchley","1"
"Corporate Capitalism & Growth","Structural Transformation","1"
"Atal Innovation Mission","Innovation Ecosystem","1"
"Constituent Assembly Leadership","Sachchidananda Sinha","1"
"Urban Sanitation & Public Health","Manual Scavenging","1"
"Permutation & Combination","Place Value","1"
"Indo-Islamic Architecture","Fatehpur Sikri","1"
"Economic Development vs Growth","Unemployment","1"
"Portuguese Fort at Bhatkal","Vijayanagara","1"
"Percentage","Score Analysis","1"
"Nitrogen-fixing Plants","Clover","1"
"Dyarchy","Justice","1"
"Cloud Radiative Effects","Warming/Cooling","1"
"Wetlands & Ramsar","Ramsar Convention","1"
"Radar Applications","Tracking","1"
"Time, Speed & Distance","Differences","1"
"India?s Memberships","SCO","1"
"Pulses & Sustainable Agriculture","Stubble Burning","1"
"Number System","Surface Colors","1"
"Permutation & Combination","Arithmetic Operations","1"
"Human Capital Formation","Intangible Capital","1"
"Tea-Producing States","Himachal Pradesh","1"
"Global Climate Change Alliance","Climate Finance","1"
"Averages","Weighted Mean","1"
"UNESCO Intangible Heritage","Garba","1"
"Social Capital","Social Cohesion","1"
"Judicial Review","Judicial Powers","1"
"Capital Flight & ECBs","Currency Risk","1"
"15th Finance Commission Recommendations","Grants","1"
"Continental Drift Evidence","Rock Match","1"
"Inequality & Economic Power","Income Inequality","1"
"Intellectual Property Rights Policy","DIPP","1"
"Quality Council of India","Quality Standards","1"
"Number System","Last Digit","1"
"Debt vs Equity Risk","Shareholders","1"
"Native Trees","Red Sanders","1"
"Democratic Values","Political Equality","1"
"Permutation & Combination","Modular Arithmetic","1"
"North Eastern Council Composition","Governors/CMs","1"
"UNCLOS Provisions","Territorial Sea","1"
"Middle East Peace Process","Israel-Arab Relations","1"
"Astrophysics & Cosmology","String Theory","1"
"UN-Habitat","Urban Development","1"
"Cornwallis Revenue Settlements","Ryotwari","1"
"Percentage","Price Increase","1"
"Geoengineering","Solar Radiation Management","1"
"Conflict Regions","Ituri","1"
"Sustainable Road Construction","Low-Carbon Materials","1"
"Percentage","Complement","1"
"Habit Formation","Behavioral Habits","1"
"Constitution Amendments","First Amendment","1"
"Algal Biofuels","Biofuel Technology","1"
"Space Exploration & Economy","Risk and Investment","1"
"Profit & Loss","Percentage Loss","1"
"Writ Jurisdiction","Public Duty","1"
"Choice Overload","Decision Paralysis","1"
"Number System","Weighted Outcomes","1"
"Astronomy Objects","Pulsars","1"
"Carbon Cycle & Soil Carbon","Soil Carbon","1"
"Geoengineering","Climate Intervention","1"
"Green Hydrogen for Heavy Industry","Fertilizer","1"
"Rare Earth Elements Uses","Displays","1"
"Energy Policy & Climate Transition","Energy Access","1"
"Number System","Liquidity Management","1"
"Regions & Countries","Amhara","1"
"Swadeshi Movement","Indigenous Industry","1"
"Charter Act 1833","Governor General of India","1"
"Ashokan Administration","Pradeshika","1"
"Antarctic Climate Change","Marine Biodiversity","1"
"Number System","Reflection","1"
"Aadhaar & Identity","Citizenship vs Identity","1"
"Bioenergy Sustainability","Climate-Energy Models","1"
"Indian Patents Act","Biotech","1"
"Casual Workers & Labour Laws","Wage Payments","45"
"Poverty Line Methodology","Cost of Living","1"
"Banking System Reforms","Bank Resolution","1"
"Logical Reasoning","Integers","1"
"Charter Act 1833","Company Rule","1"
"Cultural Traditions & Festivals","Thang-Ta","1"
"Evolution & Natural Selection","Extinction","1"
"Money Market Instruments","Call Money","1"
"Plant Descriptions","Cassava","1"
"Carnatic Composers","Tyagaraja","1"
"Web 3.0","Blockchain","1"
"Agroecology","Nutrient Cycling","1"
"Oral Traditions in History","Oral Historiography","1"
"Indian Culture","Performing Arts","1"
"Number System","Mod 7","1"
"Cultural Relativism & Universal Values","Travel and Values","1"
"Evolutionary Biology","Common Ancestry","1"
"Biodiversity Loss","Habitat Loss","1"
"Agriculture vs Non-Agriculture Growth","Subsidies","1"
"Structural Change in Employment","Rural Non-farm Economy","1"
"Logical Reasoning","Logic","1"
"Time & Work","Work Rates","5"
"Profit & Loss","Cost Price","2"
"Gucchi Mushroom","Non-cultivated","1"
"E-commerce FDI Rules","Related Party Sales","1"
"Ratio & Proportion","Number Properties","1"
"International Agreements & Initiatives","Alma-Ata Declaration","1"
"PMSMA Scheme","Antenatal Care","1"
"Corporate Governance & Investment","Disclosure Standards","1"
"Wildlife Protection Act","1972","1"
"IAEA Safeguards & Nuclear Fuel","Nuclear Fuel Cycle","1"
"BIMSTEC","Dhaka Declaration","1"
"Upanishads & Puranas","Vedic Literature Chronology","1"
"Countercyclical Fiscal Policy","Public Expenditure","10"
"Traditional Performing Arts","Manipuri Sankirtana","1"
"Coal Gasification Products","Urea","1"
"Number System","Number Theory","1"
"Indian Elephant Biology & Conservation","Elephant Population","1"
"Right to Education & Quality","Universal Access","5"
"Logical Reasoning","Prime Factors","1"
"Regions & Countries","Sardinia","1"
"Fundamental Duties","Enforcement","1"
"Number System","Divisibility Rules","2"
"India?s Memberships","MTCR","1"
"Number System","Dependency Ratio","1"
"Climate Change & Migration","Environmental Risk","1"
"Climate Risk & Investments","Extreme Weather","1"
"Averages","Age Problems","3"
"Somnath Temple","Al-Biruni","1"
"EU Stability and Growth Pact","Budget Deficit Limits","1"
"Protected Areas","Nagarhole","1"
"RTGs in Spacecraft","Plutonium-238","1"
"Food Price Policy","MSP","1"
"Logical Reasoning","Operator Substitution","1"
"Conservation Agriculture","Minimum Tillage","1"
"Sports Awards in India","Khel Ratna","1"
"Mongol Invasions of India","Mongol Sieges","1"
"Urban Sustainability & Climate Change","Citizen Participation","1"
"Stock Market Beta","Market Volatility","1"
"MPLADS Scheme","Local Area Development","1"
"Capabilities Approach to Poverty","Opportunities","1"
"Number System","Exponent of Prime","1"
"Benzene Pollution & Exposure","Automobile Exhaust","1"
"Ratio & Proportion","Divisibility","1"
"Presidential Election","Vote Value","1"
"State Legislature Procedures","Rules of Procedure","1"
"Opportunity Cost","Public Provision","1"
"Number System","Unique Solutions","1"
"Averages","Average","3"
"Indian Dynasties & Kings","Chandela","1"
"Thermal Power Plants & Water Stress","Cooling Water","1"
"Water Vapour Distribution","Altitude","1"
"Number System","111...^2","1"
"Economic Progress & Leisure","Education","1"
"Number System","Cost-Volume","1"
"Higher Education Pedagogy","Funding","1"
"Ratio & Proportion","Proportions","1"
"Number System","Day Calculation","1"
"Decision-Making & Perseverance","Indecision","1"
"Number System","Population Decline","1"
"Capital Flight & ECBs","Fed Policy","1"
"Forced Labour","Social Obligations","1"
"Bank Balance Sheet","Deposits","1"
"National Rail Plan & Kavach","NRP 2028","1"
"Big Data & Digital Sovereignty","Digital Trade","2"
"Malnutrition & Public Health","Public Health Measures","1"
"Food Loss & Waste","Food Distribution","1"
"Fundamental Duties","Constitutional Duties","1"
"GM Food Import Rules","GM Approval","1"
"Zika Virus","Aedes Mosquito","1"
"Country News","2023-24","1"
"Number System","Number Pairs","1"
"Insect Classification","Cicada","1"
"Obesity & Dieting","Individualized Nutrition","1"
"Sustainable Road Construction","Cold Mix Asphalt","1"
"Patents & Access","Drug Prices","1"
"Percentage","Borrowing","1"
"Logical Reasoning","Sums","1"
"Scheduled Tribes Recognition","Presidential Notification","1"
"National Investment and Infrastructure Fund","Infrastructure Financing","1"
"Permutation & Combination","Non-adjacent Selection","1"
"Religious Tolerance & Pluralism","Denominations","1"
"Number System","Divisibility Rule","1"
"Time, Speed & Distance","Divisibility Rules","1"
"Percentage","Operation Mistake","1"
"Number System","Volume","1"
"Logical Reasoning","Mean","1"
"International Agreements & Initiatives","Talanoa Dialogue","1"
"Self-Help Groups","Joint Liability","1"
"Agriculture vs Non-Agriculture Growth","Corporate Farming","1"
"Geoengineering","Climate Change","1"
"Carbon Markets","Emissions Trading","1"
"Soil Properties & Salinization","Irrigation","1"
"Genome Editing & Germline Modification","Embryo Editing","1"
"RNA Interference","Therapeutics","1"
"Number System","Time Cycles","1"
"Number System","Repeating Decimals","1"
"Green Economy","Rio+20","1"
"Number System","Intersections","1"
"Ratio & Proportion","Replacement","2"
"Primary Deficit Calculation","Fiscal Deficit","1"
"Agro-biodiversity & Food Security","Monocropping","1"
"Food Security & Monoculture Risk","Crop Diversity","1"
"Economic Insecurity & Inequality","Poverty Line","1"
"Sahel Instability","Coups","1"
"World Toilet Organization","World Toilet Day","1"
"Number System","Area Probability","1"
"Participatory Notes","Offshore Investment","1"
"Number System","Multiples of 5","1"
"Solid Waste Management Rules 2016","Segregation","1"
"Cooperative Banking Structure","DCCBs","1"
"RNA Interference","Gene Silencing","1"
"Time & Work","Relative Progress","1"
"Agricultural Transformation & Poverty Reduction","Rural Transformation","1"
"Logical Reasoning","Inequality Coding","1"
"Mughal Music","Hindustani Music","1"
"Percentage","Allowances","1"
"Biodiversity Loss","Sixth Extinction","1"
"River Sand Mining Impacts","Water Table","1"
"India's Maritime Strategy","Regional Connectivity","1"
"Number System","Reversal of Digits","1"
"Number System","Difference Calculation","1"
"Percentage","Percentage Difference","1"
"Attorney General of India","Parliamentary Participation","1"
"Averages","Ratio","3"
"Marsupials & Biogeography","Australia","1"
"Constitutional Immunities","Legislative Privilege","1"
"Sugarcane Cultivation Techniques","Bud Chip Settlings","1"
"Microsatellite DNA Applications","Genetic Diversity","1"
"Early Medieval Dynasties","Gahadavala","1"
"Number System","Geometric Progression","1"
"Number System","Positional Reasoning","1"
"Permutation & Combination","Odd/Even","1"
"Number System","Two-Digit Equations","1"
"Medieval Administrative Terms","Mughal Administration","1"
"Constitutional Amendments","44th Amendment","1"
"Cultural Festivals & Communities","Nanda Raj Jaat Yatra","1"
"Economic Progress & Leisure","Leisure","1"
"Ganga Tributaries Sequence","Gomati","1"
"Emerging Technologies","CRISPR-Cas9","1"
"Logical Reasoning","Statement Sufficiency","1"
"UN-Habitat","Sustainable Cities","1"
"Number System","Cyclicity","2"
"Social Capital","Trust","1"
"Gandhi-Irwin Pact","Civil Disobedience Movement","1"
"Number System","Area","2"
"Number System","Difference of Squares","1"
"India CO2 Emissions Profile","Per Capita Emissions","1"
"Geographical Indications & TRIPS","TRIPS Agreement","1"
"Digital Signatures","Authentication","1"
"Indian Waterfalls","Jog (Gersoppa)","1"
"Hundi","Medieval Trade","1"
"Hydrofluorocarbons Applications","Aerosols","1"
"Ageing Population Countries","South Korea","1"
"Cotton Cultivation Requirements","Crop Geography","1"
"Chief of Defence Staff Roles","COSC Chair","1"
"Israel-Palestine Conflict","Two-State Solution","1"
"Agricultural Technology & Food Security","Future Food Demand","1"
"Capital Budget","Public Expenditure","1"
"Global Food Security","Hunger","1"
"Conservation & Biodiversity","Protected Areas","5"
"Exercise Mitra Shakti 2023","India-Sri Lanka","1"
"Number System","Ordering Constraints","1"
"BRICS 16th Summit","Membership","1"
"Number System","Factors","1"
"PM-SYM Scheme","Contribution","1"
"WTO Agreements","Innovation Programs","1"
"Number System","Perfect Cubes","1"
"Reservation & Efficiency","Article 16(4)","1"
"Number System","Linear Equations","7"
"Net-Zero Transition","Supply Incentives","1"
"Rights & Social Order","Social Contract","1"
"Number System","Displacement","2"
"Agricultural Imports","Pulses","1"
"Reactive Nitrogen Emissions","Livestock","1"
"Higher Education & Flipped Classroom","Pedagogy","1"
"Carbon Capture & Sequestration","Ocean Alkalinity","1"
"Sustainable Agriculture Practices","Crop Diversification","1"
"DPSP Enforceability","Guidance to State Policy","1"
"Parliamentary Procedures","Speaker & Deputy Speaker","1"
"Number System","Calendar","3"
"Opportunity Cost","Taxpayer Burden","1"
"Financial Inclusion","Inclusive Finance","1"
"Agriculture Dependence & Demography","Agricultural Employment","1"
"Soil Health Card Scheme","Agricultural Extension","1"
"Leisure and Human Progress","Creativity","1"
"Fanam","Monetary History","1"
"Financial Markets Regulation","FII G-Secs","1"
"Municipal Waste Management","Biomethanation","1"
"Permutation & Combination","Divisibility by 5","1"
"Financial Sector Reforms","Regulation","1"
"Monetary Policy Instruments","Repo Rate","1"
"Number System","Integrated Pest Management","1"
"Earth's Early Atmosphere","Magnetic Field Reversal","1"
"Innovation Programs","Smart India Hackathon","1"
"Internal Security & Preventive Detention","POTA","1"
"71st Amendment Languages","Manipuri","1"
"Trust in Markets","Entrepreneurship","1"
"Environmental Toxicology","Developmental Toxicity","1"
"Rule of Law","Limited Government","1"
"Permutation & Combination","Balls","1"
"DNA Barcoding","Food Authentication","1"
"Concept of Equality","Social Justice","1"
"Indian Handicrafts","Uppada Jamdani","1"
"Water Conservation in Agriculture","Micro-Irrigation","1"
"Summer Solstice","Earth's Tilt","1"
"Light Pollution & Ecosystem Effects","Plant-Animal Interactions","1"
"Equalization Levy","Digital Taxation","1"
"Happiness & Gift-Giving","Joy","1"
"Major Minerals","Chromite","1"
"Musk Deer Habitat","Askot","1"
"Ratio & Proportion","Cost Ratios","1"
"Bills Lapse on Dissolution","Lok Sabha","1"
"Dyarchy","Police","1"
"Ecoagriculture & Biodiversity","Agro-biodiversity","1"
"Food Security & Resource Management","Water Management","1"
"Foundational Learning & Education","Foundational Skills","1"
"Gandikota Canyon","Geomorphology","1"
"Number System","Multiples of 7","1"
"National Integration & Civic Responsibility","Citizenship Duties","1"
"Separation of Judiciary and Executive","Directive Principles","1"
"UPI International Acceptance","Singapore","1"
"Public Health & Productivity","Human Capital","1"
"Animal Tool Use","Orangutan","1"
"Education & Culture","Human Development","1"
"Anaemia Mukt Bharat","Delayed Cord Clamping","1"
"Nature Solutions Finance Hub","ADB Initiative","1"
"Permutation & Combination","Spacing Constraint","1"
"Visible Light Communication","Optical Wireless","1"
"Biodiversity & Climate Adaptation","Ecosystem Resilience","2"
"Atmospheric Radiation","Water Vapour","1"
"Janani Suraksha Yojana","Institutional Delivery","1"
"Number System","Inequalities","5"
"Number System","Percentages","3"
"Economic Sectors Classification","Primary/Secondary/Tertiary Activities","1"
"Number System","Row-wise Logic","1"
"Averages","Mean of Consecutive Numbers","1"
"Number System","Positioning","1"
"Deputy Speaker of Lok Sabha","Parliamentary Practice","1"
"Edible Oil Imports","Customs Duty","1"
"Profit & Loss","Clock Error","1"
"Public Health System","State Responsibility","1"
"Child Labour","ILO Conventions","1"
"Number System","Coordinates","1"
"Right against Exploitation","Child Labour","1"
"Number System","Logic Deduction","1"
"President Election & Powers","Assent Timelines","1"
"Urban Waste Management & Drainage","Solid Waste","1"
"Industrial Labour Legislation","Factories Act 1881","1"
"Number System","Path Distance","1"
"Economic Insecurity & Inequality","Social Inequality","1"
"Education System & Learning Outcomes","Employability","1"
"Cocoa Producers","Cote d???Ivoire","1"
"Number System","Mod 100","1"
"Number System","Combinatorics","4"
"Indian Physiography","Western Ghats","1"
"Number System","Powers","3"
"Constitution Parts","Part IXA","1"
"Algal Biofuels","Ecological Concerns","1"
"EP100 & Climate Group","Corporate Networks","1"
"Overwork & Self-Improvement","Materialism","1"
"Constitutional Bodies","NCBC","1"
"Buddhist Concepts","Future Buddha","1"
"Logical Reasoning","Logic Games","1"
"Santhal Parganas","Santhal Uprising","1"
"IMF Emergency Financing","Rapid Credit Facility","1"
"Averages","Harmonic Mean","1"
"Adolescent Psychology & Parenting","Parental Guidance","1"
"River Sand Mining Impacts","Groundwater Pollution","1"
"Number System","Divisibility by 3","1"
"Physical Capital Types","Fixed vs Working Capital","1"
"Number System","Distance Formula","1"
"Leader of Opposition","Recognition Criteria","5"
"RTGS vs NEFT","Charges","1"
"Jaina Texts","Trishashtilakshana Mahapurana","1"
"Indian Wetlands & Lakes","Sasthamkotta","1"
"Number System","Integer Sums","1"
"Chemical Weathering","Oxidation","1"
"Soil Health Card Scheme","Soil Fertility","1"
"Constitutional Amendments","Right to Property","1"
"State, Morality & Law","Authority","1"
"Indus Valley Civilization","Harappan Sites","1"
"Cultural Traditions & Festivals","Khongjom Parba","1"
"Quantum Computing & AI","Majorana Chip","1"
"Number System","Repdigits","2"
"Number System","Rates of Change","1"
"Delhi Sultanate Revenue Administration","Revenue System","1"
"Deforestation & Desertification","Soil Erosion","1"
"Afghanistan Bordering Countries","Tajikistan","1"
"Logical Reasoning","Sufficiency","12"
"Time, Speed & Distance","Time Overlaps","1"
"Parasitoid Species","Beetles","1"
"Permutation & Combination","Numbering Pages","1"
"Gravitational Waves","LIGO","1"
"Time, Speed & Distance","PIN Combinations","1"
"Artificial Rainmaking","Silver Iodide","1"
"Number System","Relative Speed","1"
"Nitric Oxide Physiology","Blood Flow","1"
"Carbon Fibre Materials","Aerospace Uses","1"
"Seas and Bordering Countries","Adriatic","1"
"Ratio & Proportion","Proportionality","1"
"Interest Coverage Ratio","Credit Risk Assessment","1"
"Indian Islands Geography","Great Nicobar","1"
"Gucchi Mushroom","Himalayan Morchella","1"
"Union vs State Subjects","Inter-State Commerce","1"
"Artificial Intelligence Applications","Disease Diagnosis","1"
"Number System","Interval Calculation","1"
"Sun Temples in India","Modhera Sun Temple","1"
"Cocoa Producers","Ghana","1"
"Environmental Management","Sustainable Practices","3"
"Number System","Fixed Points","1"
"Permutation & Combination","Route Counting","1"
"Permutation & Combination","Diophantine Solutions","1"
"Military Coups in Africa","Guinea","1"
"World Rivers & Drainage","Volga-Caspian","1"
"Blockchain Technology","Permissionless Networks","1"
"15th Finance Commission Recommendations","Tax Effort","1"
"Permutation & Combination","Currency Denominations","1"
"Number System","Day-Date Calculation","2"
"Ancient Irrigation Devices","Water Lifting","1"
"Number System","Denominations","1"
"Profit & Loss","Time-Weighted Capital","1"
"Chauri Chaura Defence","C.R. Das","1"
"National Payments Corporation of India","RuPay","1"
"Ratio & Proportion","Density","1"
"Permutation & Combination","Ordering","6"
"Number System","Pigeonhole Principle","1"
"Democratic Decentralization","Local Self-Government","1"
"Social Welfare","Social Schemes","1"
"Household Air Pollution","Health Impacts","1"
"Poetry and Truth","Power and Tyranny","1"
"Logical Reasoning","Logical Sufficiency","1"
"Presidential Election Electoral College","Nominated Members","1"
"US Sovereign Debt","Treasury Bonds","1"
"Corporate Governance & Investment","External Financing","1"
"Number System","Reverse Alphabet","1"
"Small Farmer Large Field Model","Synchronization","1"
"Municipal Waste Management","Segregation","2"
"Number System","Linear Expression","1"
"Atmospheric Radiation","Infrared Absorption","1"
"Overwork & Self-Improvement","Distraction","1"
"Number System","Summation","1"
"Logical Reasoning","Goals","1"
"Regional Navigation Systems","GNSS","1"
"Number System","Right Triangles","1"
"Champaran Satyagraha","Peasant Movements","1"
"Financial Inclusion","Banking Correspondents","1"
"EU Net-Zero Industry Act","Carbon Neutrality","1"
"Time, Speed & Distance","Arithmetic Progression","1"
"Missile Systems","Ballistic vs Cruise","1"
"Vernal Window & Ecosystems","Seasonal Shifts","1"
"Public Sector Banks Governance","SBI Associate Banks","1"
"Climate Change & Water Resources","Groundwater Recharge","1"
"Monetary Policy Committee","RBI Governance","1"
"Real Sector of Economy","Agriculture","1"
"Archaeological Sites","Salihundam","1"
"Small Finance Banks","Financial Inclusion","1"
"Number System","Digit Inequalities","1"
"Inflation Control","Reserve Bank of India","1"
"Number System","Diophantine Equations","1"
"Number System","Doubling Time","1"
"Indian Lakes & River Systems","Kolleru Lake","1"
"Nutrition Programs","Anaemia Reduction","1"
"Vernal Window & Ecosystems","Climate Change","1"
"Gold Trade & Reserves","Gold Refining","1"
"Global Indices","Global Gender Gap Index","1"
"Ecological Interdependence","Pollination","1"
"Food Conversion Efficiency","Wealthy Diets","1"
"Levant Region","Eastern Mediterranean","1"
"National Skills Qualification Framework","Vocational Education","1"
"CAMPA","Compensatory Afforestation Fund","1"
"Andes Mountains Countries","Ecuador","1"
"National Food Security Act","Women Head of Household","1"
"Historical Injustice & Social Discrimination","Economic Deprivation","2"
"Inflation Indices","WPI Coverage","1"
"Internal Security & Preventive Detention","Preventive Detention","1"
"Tuberculosis & Social Determinants","Stigma","1"
"Water Vapour Distribution","Humidity","1"
"Hepatitis Viruses","Hepatitis C","1"
"Number System","Line Graph","1"
"Consumer Product Safety","Lead in Lipstick","1"
"Number System","Cubic Units","1"
"Constitutional Government","Limited Government","1"
"Number System","Workforce Trend","1"
"Permutation & Combination","Calendar","1"
"Number System","Diameter","1"
"Number System","Migration","1"
"Number System","Cutting Shapes","1"
"Food Loss & Waste","Carbon Footprint","1"
"UNOPS S3i Investments","MRT","1"
"Ratio & Proportion","Fraction Adjustment","1"
"Freshwater Fish Distribution","River Systems","1"
"Money Bill Procedure","Article 109","1"
"Opposition in Democracy","Accountability","1"
"Number System","Smallest Number","1"
"Averages","Corrected Mean","1"
"Number System","Table Analysis","1"
"Continental Drift Evidence","Gondwana Sediments","1"
"Acid Rain Causes","Sulphur Dioxide","1"
"Agricultural Productivity","Irrigation","1"
"Markets, Welfare & Democracy","Market Limitations","1"
"Public Key Infrastructure","Encryption","1"
"Food Conversion Efficiency","Animal Feed","1"
"Plastic in Chewing Gum","Pollution","1"
"Percentage","Quantity Change","1"
"Number System","Repunit","1"
"Climate Change & Agriculture","Crop Shifts","1"
"Bhakti Saints","Nimbarka","1"
"Logical Reasoning","Ages","1"
"Current Affairs Country Events","Guinea","1"
"Leadership & Political Legitimacy","Democratic Leadership","1"
"Number System","Venn Diagram","1"
"Home Guards","Border Wing","1"
"Gharial Conservation","National Chambal Sanctuary","1"
"Desertification & Deforestation","Hydrology Changes","3"
"Intellectual Property Rights Policy","TRIPS Agreement","1"
"Permutation & Combination","Digit Count","1"
"Global Compact for Migration","International Migration","1"
"Number System","Perfect Squares","1"
"Enforcement Agencies","DG Systems & Data Management","1"
"Financial Instruments","ETFs","1"
"Coastal Geomorphology","Marshlands","1"
"Logical Reasoning","Assignment Constraints","10"
"Banks Board Bureau","Capital Raising","1"
"India?s Memberships","AIIB","1"
"Fertigation","Nutrient Use Efficiency","1"
"Hundi","Bills of Exchange","1"
"Skill Development Programs","National Skill Development","1"
"Fifth Schedule","Land Protection","1"
"Coal Sector Nationalization","Coal Blocks","1"
"Arctic Geopolitics & Resources","Resource Competition","1"
"Sanskrit & Jain Literature","Milinda-panha","1"
"International Grains Council","Grain Trade Governance","1"
"Averages","Family","1"
"Parliamentary Procedure","Parliamentary Procedure","3"
"IoT Security","Cybersecurity","1"
"Indian Freedom Struggle","Round Table Conferences","1"
"Carbon Capture & Sequestration","Enhanced Weathering","1"
"Desert National Park","Great Indian Bustard","1"
"IMF Reserve Tranche","Balance of Payments","1"
"Rule of Law","Equality Before Law","1"
"Logical Reasoning","Logical Inference","1"
"Parliamentary System","Executive Responsibility","1"
"Inflation Measurement","Consumption Baskets","1"
"Food Loss & Waste","Supply Chain Losses","1"
"Right to Marry","Article 21","1"
"Charter Act 1813","East India Company","1"
"Logical Reasoning","Statement Conclusions","1"
"Number System","Time & Work","1"
"Number System","Powers of 10","2"
"Plant vs Animal Cells","Cell Wall","1"
"Bioenergy Sustainability","Food vs Fuel","1"
"Number System","Logical Deduction","3"
"Financial Inclusion","Banking Regulation","1"
"Green Economy","UNEP","1"
"Ashokan Inscriptions","Mauryan Art","1"
"Volcanic Eruption Products","Ash","1"
"Buddhist Sects","Sautrantika","1"
"Ecosystem Valuation","Biodiversity Economics","1"
"Botanical Pesticides & Sustainable Agriculture","Synthetic Pesticides","1"
"Number System","Speed Ratio","1"
"Number System","Graph","3"
"Regulation & Economic Growth","Regulatory Policy","2"
"Food Price Policy","Stockpiling","1"
"Government Securities & Treasury Bills","RBI","1"
"Financialization of Savings","Financial Inclusion","1"
"Number System","Diagonals","1"
"Number System","Remainders","3"
"Plant Descriptions","Malabar Spinach","1"
"AR & VR Technologies","Augmented Reality","1"
"Finance Commission Devolution Criteria","Demographic Performance","1"
"Food Security & Resource Management","Diet Patterns","1"
"Decision-Making & Perseverance","Perseverance","1"
"Pulses & Sustainable Agriculture","Pulse Varieties","1"
"Office of Profit","Parliament","1"
"Quality Council of India","Public-Private Institution","1"
"Bioremediation","Genetic Engineering","1"
"Logical Reasoning","Truth/False Statements","1"
"Logical Reasoning","Day-Date","1"
"Plant Defense & Pest Control","Biopesticides","1"
"Atmospheric Phenomena","Jet Streams & Cyclones","1"
"Musk Deer Habitat","Himalayan Protected Areas","1"
"Food Conversion Efficiency","Calorie Loss","2"
"State-Level Climate Action","Regional Impacts","1"
"Regions & Countries","Anatolia","1"
"GM Mustard","Genetic Engineering","1"
"Circular Economy & Battery Recycling","Growth Compatibility","1"
"Turmeric Production","Export Leader","1"
"Biochar in Agriculture","Soil Amendment","1"
"Soil Properties & Salinization","Organic Matter","1"
"Self-Respect Movement","Periyar E.V. Ramasamy","1"
"Corporate Capitalism & Growth","Jobs","1"
"Science & Faith","Limits of Science","1"
"Patents & Access","Innovation Incentives","1"
"Time & Work","Percentage Change","1"
"Nari Shakti Vandan Adhiniyam","SC Women","1"
"Religious Freedom & State Regulation","Public Order","1"
"Number System","Environmental Safety","1"
"Light Pollution & Ecosystem Effects","Street Lighting","1"
"Concept of Rights","State vs Citizen Rights","1"
"Work & Leisure","Leisure Balance","1"
"OLED Technology","Display Technology","1"
"Climate Change & Resource Conflicts","Resource Scarcity","1"
"Averages","Mean Calculation","1"
"Space Missions & Microgravity","SpaDeX","1"
"Number System","Number Formation","1"
"Number System","Alternating Pattern","1"
"Consumerism & Environmental Sustainability","Aspirations","1"
"Number System","Kinship","1"
"Macroeconomics","Policy Measures","10"
"Mitochondrial Replacement Therapy","Pronuclear Transfer","1"
"Committee on Subordinate Legislation","Delegated Legislation","1"
"Conflict Regions","Kachin","1"
"Ancient Religious Terms","Shramana","1"
"Logical Reasoning","Order of Operations","1"
"UNESCO Intangible Heritage","ICH List 2023","1"
"Number System","Overlapping Groups","1"
"Energy Transition & Renewables","Gas-based Economy","1"
"Logical Reasoning","Prime Numbers","1"
"Crop Residue Burning","Biomass Burning","1"
"Number System","Pattern Logic","1"
"Solar Power Manufacturing","SECI","1"
"Effective Exchange Rate","NEER/REER","1"
"Jain Sects","Sthanakvasi","1"
"Money Bill vs Finance Bill","Rajya Sabha Role","1"
"Freedom Fighters","Central Assembly","1"
"Biofuel Feedstocks","National Biofuel Policy","1"
"Number System","Primes Under 20","1"
"UNCLOS Provisions","Innocent Passage","1"
"Nuclear Fuel & Power Generation","Coal Dependence","1"
"Number System","Letter Rearrangement","1"
"Mineral Resources in India","Gold Mines","1"
"Manufacturing Upgradation","Productivity Growth","1"
"Number System","Packing","1"
"Regions & Countries","Cabo Delgado","1"
"Logical Reasoning","Statement & Conclusion","3"
"Averages","Incremental Average","1"
"Biodiversity & Hydrological Cycle","Water Cycle","1"
"Civil Nuclear Cooperation","International Agreements","1"
"DILRMP","Cadastral Maps","1"
"Afghanistan Bordering Countries","Uzbekistan","1"
"Biodiversity & Hydrological Cycle","Ecosystem Services","1"
"Medieval Gujarat & Portuguese","Bahadur Shah","1"
"Food Prices & Demand","Emerging Economies","1"
"Presidential Pardoning Power","Cabinet Advice","1"
"Cryptocurrency","Digital Payments","1"
"Particularly Vulnerable Tribal Groups","Tribal Welfare","1"
"Supreme Court Powers","Complete Justice","1"
"Sun Temples in India","Konark Sun Temple","1"
"Country News","Argentina Crisis","1"
"Summer Solstice","Longest Day","1"
"Glaciers and Rivers","Zemu","1"
"Number System","Greatest Common Divisor","1"
"Number System","Cost","2"
"Indian Flying Fox","Wildlife Protection Act","1"
"Buddhist Sects","Sthaviravada","1"
"Mountain Ranges & Types","Andes","1"
"UNCLOS Provisions","EEZ","1"
"Missile Systems","BrahMos","1"
"Open-source Digital Platforms","CoWIN","1"
"Fanam","Medieval Coins","1"
"Short-range Communication Tech","WLAN","1"
"Logical Reasoning","Symbolic Inequalities","1"
"Number System","Modular ArithmeticPowers","1"
"Food Security vs Trade Rules","WTO Agriculture","1"
"Ukraine Neighbors","Hungary","1"
"Data Privacy & IoT","Cybersecurity","1"
"Data Privacy & IoT","Privacy Risk","1"
"Monetary Policy","Inflation Control","1"
"Indian State Geography","Indian States","1"
"Profit & Loss","Percentage Profit/Loss","1"
"Ayushman Bharat Digital Mission","Health IDs","1"
"Capital Adequacy Ratio","Banking Regulation","2"
"Permutation & Combination","Inclusion-Exclusion","1"
"Number System","Months","1"
"Civil Society & State","Buffer Role","1"
"Time, Speed & Distance","Time Intervals","1"
"Qubit","Quantum Computing","1"
"Preamble Legal Status","Constitutional Interpretation","1"
"Government of India Act 1935","Residuary Powers","1"
"Tiger Reserves & Critical Tiger Habitat","Tiger Conservation","1"
"Ratio & Proportion","Gender Ratio","1"
"Xerophytic Adaptations","Desert Plants","5"
"Averages","Weighted Average","2"
"Boards & Ministries","Coir Board","1"
"Natural Fibre Crops","Textile Fibre","1"
"Number System","Ratio","3"
"Constitutional Provisions Mapping","Fundamental Rights","1"
"Columbian Exchange Crops","Domesticated Plants","1"
"Inflation Control","Monetary Policy","1"
"Agricultural Technology & Food Security","Food Wastage","1"
"Number System","Sum of AP","1"
"Number System","Sign Analysis","1"
"Demographic Dividend","Higher Education","1"
"Adaptive Immunity","T Cells","1"
"Averages","Income","1"
"Logical Reasoning","Deductions","1"
"Dams & Reservoirs","Irrigation Projects","1"
"Country News","Sudan Conflict","1"
"EP100 & Climate Group","Energy Efficiency Commitments","1"
"Profit & Loss","Percentage Profit","1"
"President Election & Powers","Dissolution","1"
"Smallholder Farmers & Climate Risk","Climate Vulnerability","2"
"Number System","LCM","4"
"Middle-Income Trap","Economic Development","1"
"Carbon Cycle & Soil Carbon","CO2 Feedbacks","1"
"Cripps Mission Proposals","Provincial Option","1"
"Number System","Algebra","6"
"Environment & Health Behavior","Collective Action","1"
"Minor Minerals Governance","Sand Mining","1"
"Minor Minerals Governance","State Rules","1"
"Number System","Minimum Draws","1"
"Isotherms","January","1"
"Logical Reasoning","Counting Constraints","1"
"Sangam Practices","Vattakirutal","1"
"Ecoagriculture & Biodiversity","Sustainable Farming","1"
"Sustainable Development & Energy Transition","Consumption Patterns","1"
"Time, Speed & Distance","Coincidence","1"
"Constitutional Government","Rule of Law","1"
"Percentage","Conditional Percentage","1"
"Number System","Population","2"
"Cryptocurrency","Financial Regulation","1"
"Agricultural Market Reforms","e-NAM","1"
"Flag Code of India","Standard Sizes","1"
"Antimicrobial Resistance","Antibiotic Misuse","1"
"Nature Restoration Law","European Union","1"
"Permutation & Combination","Digit Patterns","1"
"Tuberculosis & Social Determinants","Poverty","1"
"Activated Carbon Adsorption","Waste-derived Carbon","1"
"National Food Security Act","PDS Entitlements","1"
"Somnath Temple","Jyotirlinga","1"
"UN International Years","Women Farmers","1"
"Petroleum & Natural Gas Regulatory Board","Energy Regulation","1"
"Ecosystem Resilience & Climate Change","Human Impact","1"
"Small Finance Banks","Banking Regulation","1"
"Number System","Reverse Product","1"
"Non-Cooperation Programme","Panchayats","1"
"Number System","Digit Difference","1"
"Planning in India","Plan Objectives","1"
"Governance Accountability","Internal vs External Accountability","4"
"Medieval Ports & Trade","Maritime Trade","1"
"Capital Markets Components","Government Bonds","1"
"Cybersecurity Reporting","CERT-In","1"
"National Skills Qualification Framework","Mobility","1"
"Ratio & Proportion","Proportion","1"
"Money Bill","Consolidated Fund","1"
"Red Sea Characteristics","Low Rainfall","1"
"Tiger Monitoring Systems","M-STrIPES","1"
"Countercyclical Fiscal Policy","Recession Response","10"
"Money Market Instruments","Commercial Paper","1"
"Scheduled Areas Governance","Governor Powers","1"
"Mitochondrial Replacement Therapy","Mitochondrial Disease","1"
"Committee on Subordinate Legislation","Parliamentary Committees","1"
"Evolutionary Biology","Homologous Limbs","1"
"Microbiome & Malnutrition","Gut Microbiome","2"
"PM-SYM Scheme","Eligibility","1"
"Rule of Law Index","Global Governance Indices","1"
"Fixed-term Employment","Standing Orders","1"
"Keystone Species & Seed Dispersal","Biodiversity","1"
"Fiscal-Monetary Policy Interaction","Inflation Control","1"
"Number System","Percentage Change","1"
"Parliamentary System","Vote of No Confidence","1"
"Skill Development","PMKVY","1"
"Logical Reasoning","Quadratic ComparisonAlgebra","1"
"Major Minerals","Sillimanite","1"
"Leadership & Political Legitimacy","Dictatorship","1"
"Fungus-Farming Insects","Mutualism","1"
"Solstice Daylength","Tropic of Cancer","1"
"Number System","Cube Mapping","1"
"Gandikota Canyon","Pennar River","1"
"Money Multiplier","Banking Habits","1"
"Israel-Palestine Conflict","Middle East Peace","1"
"IAEA Safeguards & Nuclear Fuel","Imported Uranium","1"
"Time & Work","Rates","1"
"Democratic Political Maturity","Sovereignty","1"
"Humanitarian Crises","Conflict Zones","1"
"Climate Change & Resource Conflicts","Water Conflicts","1"
"Green Technology Transition","Green Investment","1"
"Fifth Generation Fighter Aircraft","MiG-29","1"
"Global Rice Exports","Rice Exporter Countries","1"
"Monetary Policy Instruments","SLR","1"
"Titanium Minerals","Ilmenite","1"
"Indian Squirrels Behavior","Nesting","1"
"Averages","Age","1"
"Time, Speed & Distance","Circular Track","1"
"Fiscal Deficits","Primary Deficit","1"
"PM-SYM Scheme","Pension","1"
"Titanium Minerals","Rutile","1"
"Aadhaar APIs","Digital Identity","1"
"Vietnam Economy","Export-led Growth","1"
"Land-Sea Thermal Contrast","Seasonal Contrast","1"
"Sustainable Diets & Resources","Resource Use","1"
"Indian National Movement","Extremists vs Moderates","1"
"Delhi Sultanate Revenue Administration","Iqtas","1"
"Global Food Security","Supply-Demand Balance","1"
"Bank Balance Sheet","Assets vs Liabilities","1"
"Modern Indian Timeline","Anandmath","1"
"National Rail Plan & Kavach","ATP System","1"
"Judicial Review","Constitutionality of Laws","1"
"Time, Speed & Distance","Time-Distance","3"
"Pesticides","Organophosphates","1"
"Water Resource Management","Water Distribution","1"
"North Sea Bordering Countries","UK","1"
"Industrial Disputes Data","Closures & Layoffs","1"
"Indigo Cultivation Decline","Synthetic Dyes","1"
"Mahajanapadas & Rivers","Kosala","1"
"Early Medieval Dynasties","Hoysala","1"
"Legume Family Crops","Groundnut","1"
"Indian Forest Act","Forest Offences","1"
"Indian Reservoirs","Gandhi Sagar","1"
"Demographic Dividend","Growth","1"
"US Sovereign Debt","Default Risk","1"
"Agricultural Households","NSSO Surveys","5"
"IUCN Bodies","GISD","1"
"Crop Residue Burning","Air Pollutants","1"
"Writ Jurisdiction","Quo Warranto","1"
"Bioenergy Sustainability","Food Security","1"
"Logical Reasoning","Position Constraints","3"
"Handloom Sector Modernization","State Support","1"
"Nutrition Programs","National Nutrition Mission","1"
"Urban Air Pollution Policy","Vehicle Emissions","1"
"Indian Freedom Struggle","Quit India Movement","1"
"Multilateral Financing Institutions","World Bank Initiatives","1"
"Food Loss & Waste","Social Responsibility","1"
"Time, Speed & Distance","Arithmetic Series","1"
"Permutation & Combination","Numbers","1"
"Ashokan Rock Edicts","Erragudi","1"
"Urban Planning Education","Professional Training","1"
"Number System","Digit Reversal","3"
"Inflation-Indexed Bonds","Inflation Protection","1"
"Viruses & Hosts","Marine Viruses","1"
"Number System","Circle-Square Intersections","1"
"Economic Development vs Growth","Poverty","1"
"Percentage","Comparison","1"
"Indian Culture","Cultural Heritage","1"
"Number System","Birth Rate","1"
"Current Affairs Country Events","Lebanon","1"
"Number System","Missing Digits","1"
"Vedic Civilization","Cultural Differences","1"
"Global Competitiveness Index","World Economic Forum","1"
"Foreign Direct Investment","Equity Investment","1"
"Miyawaki Method","Urban Mini Forests","1"
"Percentage","Percent Difference","1"
"Biodiversity Loss","Climate Change","1"
"Anaemia Mukt Bharat","Non-nutritional Causes","1"
"Number System","Sequence Pattern","1"
"Time, Speed & Distance","Time Difference","2"
"Concept of Equality","Privileges","1"
"Number System","Change Making","1"
"Logical Reasoning","Constraints","3"
"Paleoclimate Change","Carbon Release","1"
"Equality & Democracy","Non-discrimination","1"
"Indian Federalism","National Integrity","1"
"North Eastern Council Composition","NEC Act","1"
"Number System","Partitioning","1"
"Number System","Pigeonhole","1"
"Basic Structure & Judicial Review","Basic Structure Doctrine","1"
"Freshwater Fish Distribution","Mahseer","1"
"Gharial Conservation","Riverine Habitats","1"
"Wood's Dispatch","Colonial Education Policy","1"
"Groundwater Extraction","Water Security","1"
"Agricultural Households","NSSO","5"
"Indian Fauna Distribution","Asiatic Lion","1"
"Money Supply Measures","Demand Deposits","1"
"COVID-19 Vaccines","Sputnik V","1"
"Bhasa Literature","Madhyama-vyayoga","1"
"Percentage","Discount","1"
"Net-Zero Transition","Low-carbon Options","1"
"Banks Board Bureau","PSB Appointments","1"
"Big Data & Digital Sovereignty","Data Monopoly","2"
"Time, Speed & Distance","Net Displacement","1"
"Logical Reasoning","Digit Reversal","1"
"Traditional Performing Arts","Krishna Bhakti","1"
"Chemical Weathering","Carbonic Acid","1"
"Judicial Impeachment Process","Judges Inquiry Act","1"
"Rashtriya Gokul Mission","Indigenous Cattle","1"
"Lokpal Provisions","PM","1"
"Cooperative Banking Structure","PACS","1"
"Ratio & Proportion","Optimization","1"
"Number System","Letter Number Mapping","1"
"Rock Permeability","Clay Impermeability","1"
"Percentage","Successive Change","1"
"Number System","Digit Counting","2"
"Number System","Relative Ages","1"
"Monazite & Rare Earths","Coastal Sands","1"
"Industrial Waste Utilization","Soil Amendment","1"
"UAV Capabilities","Hover","1"
"Digital Payments","BHIM App","1"
"Cyber Attacks","EternalBlue","1"
"Number System","Number Sequence","1"
"Number System","Perfect Squares/Cubes","1"
"Number System","Squares","3"
"Science & Philosophy","Education","1"
"IoT Security","Device Vulnerabilities","1"
"Indian Avifauna","Coppersmith Barbet","1"
"Averages","Mean of Combined Set","1"
"Oral Traditions in History","Cultural Memory","1"
"Number System","Death Rate","1"
"Capital vs Revenue Expenditure","Financing Sources","1"
"Lake Faguibine","West Africa","1"
"Direct Air Capture","Synthetic Fuels","1"
"Regional Connectivity Projects","BCIM","1"
"India Way Author","S. Jaishankar","1"
"Multidimensional Poverty","Capabilities","1"
"Inequality & Economic Power","Power Structures","1"
"Home Rule League","Swarajya Sabha","1"
"Primary Deficit Calculation","Interest Payments","1"
"Nanoparticles","Cosmetics","1"
"Mediterranean Region","Mediterranean Sea","1"
"World Rivers & Drainage","Zambezi-Indian Ocean","1"
"Averages","Average Age","1"
"GDP Growth & Development","Distribution","1"
"Number System","Difference","1"
"Adaptive Immunity","B Cells","1"
"Number System","3-7-10-11 Divisibility","1"
"Sustainable Aviation Fuel","Sludge","1"
"Permutation & Combination","Arrangement Restrictions","1"
"Permutation & Combination","Counting Digits","1"
"Social Reform & Women's Rights","Age of Consent","1"
"Number System","Economic Growth","1"
"Logical Reasoning","Route Constraints","3"
"Musk Deer Habitat","Gangotri","1"
"Fiscal Indicators","Tax Revenue","1"
"Plastics in Products","Lenses","1"
"Number System","Deduction","1"
"Fixed-term Employment","Labour Law","1"
"Permutation & Combination","Restrictions","1"
"International Date Line Effect","Calendar Day","1"
"Inflation-Indexed Bonds","Government Borrowing","1"
"Parliamentary Accountability","Adjournment Motion","1"
"Logical Reasoning","Age Comparison","1"
"Energy Transition & Renewables","Technology Subsidies","1"
"Mahayana Buddhism Concepts","Paramitas","1"
"Self-Help Groups","SHG-Bank Linkage","1"
"Pumped-Storage Hydropower","Grid Balancing","1"
"Ratio & Proportion","Income-Expenditure","1"
"Political Economy","Economic Power","1"
"Inflation Indices","CPI Weight","1"
"Real Sector of Economy","Financial Sector","1"
"NATO Membership","Austria","1"
"Agroecology","Mixed Farming","1"
"Wildlife Corridors","Sathyamangalam Tiger Reserve","1"
"Solar Storm Impacts","Auroras","1"
"Ramanuja Philosophy","Bhakti","1"
"Ramanuja Philosophy","Vishishtadvaita","1"
"Maternity Benefit Act","Leave Entitlements","1"
"Permutation & Combination","Counting Triangles","1"
"Economic Progress & Leisure","Automation","1"
"Ratio & Proportion","Distribution","2"
"Global Food Security","Purchasing Power","1"
"Number System","Pattern Mapping","1"
"Participatory Notes","FPI","1"
"Crude Oil Benchmarks","WTI","1"
"Climate Change Adaptation","Adaptation Policy","1"
"Number System","Prime Factorization","1"
"Supreme Court Powers","Judicial Power","1"
"Mahajanapadas & Rivers","Asmaka","1"
"AI Action Summit 2025","Paris","1"
"Direct Air Capture","Carbon Sequestration","1"
"Time & Work","Efficiency","1"
"Number System","3D Counting","1"
"Atmospheric Phenomena","Cyclone Eye","1"
"Carbon Sequestration Technology","Basalt","1"
"Number System","Relative Position","2"
"Kho Kho World Cup 2025","India Champions","1"
"Biofilms","Antibiotic Resistance","1"
"Indian Ocean Naval Symposium","Indian Ocean Region","1"
"Cripps Mission Proposals","Constituent Assembly","1"
"Number System","Net Gain","1"
"Logical Reasoning","Arrangement Logic","1"
"Investment Risk & Asset Allocation","Risk Management","1"
"Number System","Political Theory","1"
"Mughal Music","Akbar's Court","1"
"Fiscal-Monetary Policy Interaction","Bond Yields","1"
"Number System","Venn","1"
"Green Hydrogen for Heavy Industry","Refineries","1"
"Glaciers and Rivers","Bandarpunch","1"
"Fig-fig Wasp Mutualism","Coevolution","1"
"Antimicrobial Resistance","Livestock","1"
"G20 Common Framework for Debt","Low-Income Country Debt","1"
"G20 Formation & Priorities","Finance Ministers","1"
"Animal Tool Use","Foraging Tools","1"
"Goods and Services Tax","Indirect Tax Reform","1"
"World Toilet Organization","Sanitation NGO","1"
"Remote Sensing Applications","Greenhouse Gases","1"
"UAV Capabilities","Power Sources","1"
"Seismic Waves","P Waves","1"
"Congo Basin Geography","Central Africa","1"
"Ecological Interdependence","Trophic Interactions","1"
"Percentage","Household Income Distribution","1"
"Number System","Increment Effects","1"
"Logical Reasoning","Consistency","1"
"Constitution Amendments","Fundamental Rights","1"
"Number System","Digit Arithmetic","1"
"Drone Applications","Precision Agriculture","1"
"Peacock Tarantula","Habitat","1"
"Short-range Communication Tech","RFID","1"
"Logical Reasoning","Digit Sum","1"
"Right to Marry","Personal Liberty","1"
"Logical Reasoning","Logical Validity","2"
"Percentage","Comparisons","1"
"Wildlife Trade Monitoring","TRAFFIC","1"
"Digital Society & Governance","Digital Technologies","1"
"Ratio & Proportion","Volume","1"
"CBLO Instruments","Repo","1"
"PMSMA Scheme","Private Doctors","1"
"Desertification & Deforestation","Soil Degradation","3"
"Ganga Tributaries Sequence","Ghaghara","1"
"Pesticides","Agricultural Chemicals","1"
"GDPR","Data Protection","1"
"SUMED Pipeline","Red Sea to Mediterranean","1"
"Agroforestry & Food Security","Resilience","1"
"Domestic Content Requirement","Trade Policy","1"
"President's Rule","Parliamentary Authority","1"
"OLED Technology","Organic Semiconductors","1"
"Municipal Waste Management","Waste-to-Energy","1"
"Community Reserve","Community Rights","1"
"Cyber Attacks","WannaCry","1"
"Mahayana Buddhism Concepts","Bodhisattva Path","1"
"Digital India Programme","Wi-Fi Access","1"
"Merchant Discount Rate","Banking Charges","1"
"Thermal Power Plants & Water Stress","Ownership","1"
"Stock Market Beta","Systematic Risk","1"
"Ratio & Proportion","Operator Substitution","1"
"Barren Island Volcano","Andaman Volcanism","1"
"Social Contract & General Will","Popular Sovereignty","1"
"Humanitarian Crises","Famine","1"
"Refugee Settlements in Kenya","Bidibidi","1"
"Government of India Act 1935","All-India Federation","1"
"Non-Financial Debt","Household Debt","1"
"Percentage","Population Proportion","1"
"Logical Reasoning","System of Equations","1"
"Permutation & Combination","Positioning","1"
"Agriculture Dependence & Demography","Population Growth","1"
"Antibiotics & Environmental Pollution","Effluent Treatment","1"
"Number System","Carry Over","1"
"Non-Cooperation Programme","Boycott","1"
"Vedic Civilization","Indus Valley Civilization","1"
"Waste-to-Energy Technologies","Plasma Gasification","1"
"WTO Trade Facilitation Agreement","Customs Procedures","1"
"Ease of Doing Business Index","Sub-indices","1"
"Number System","Coordinate Movement","1"
"Deputy Speaker of Lok Sabha","Powers of Presiding Officer","1"
"Popular Sovereignty","Social Contract","1"
"FCI Economic Cost","Distribution Costs","1"
"Due Process of Law","Natural Justice","1"
"Time, Speed & Distance","Odd/Even Positions","1"
"UAV Capabilities","VTOL","1"
"Fuel Cell Vehicles Emissions","Water Vapour","1"
"Invasive Species","Disturbed Habitats","1"
"Law and Liberty","Liberty","1"
"Indian Princely States Policy","Butler Committee (1927)","1"
"Logical Reasoning","Family Tree","2"
"ASI & Archaeology in India","Archaeological Surveys","1"
"Reactive Nitrogen Emissions","Agriculture","1"
"Andes Mountains Countries","Colombia","1"
"Number System","Equations","1"
"Profit & Loss","Time Difference","1"
"Hydrogels Applications","Biomedical Uses","1"
"Archaeological Sites","Inamgaon","1"
"Agroforestry & Food Security","Forest Foods","1"
"Religious Freedom & State Regulation","Article 25","1"
"Niger Seed Cultivation","Kharif Crop","1"
"Unemployment & Aspirations","Job Market","1"
"Number System","Scaling","1"
"Permutation & Combination","Digit Arrangement","1"
"Permutation & Combination","Password Counting","1"
"Sanitation Behavior","Purity-Pollution Norms","1"
"Percentage","Weighted Average","2"
"Logical Reasoning","Inclusion-Exclusion","1"
"Child Labour","ILO Convention 138","1"
"Early Political Associations","Indian Association","1"
"Rashtriya Gokul Mission","Rural Livelihoods","1"
"Genome Editing","Genetic Modification","1"
"Nanoparticles","Environmental Safety","1"
"Denisovan Hominins","Human Evolution","1"
"Green Hydrogen Applications","Blending","1"
"National Handloom Day","Swadeshi Movement","1"
"Antibiotic Resistance & Livestock","Superbugs","1"
"Coastal Geomorphology","Sea Level Change","1"
"Flood & Drought Management","Cropping Pattern","1"
"ASEAN Free Trade Partners","ASEAN+6","1"
"India's Maritime Strategy","Chabahar Port","1"
"Time, Speed & Distance","Angle","1"
"Sangam Literature","Warrior Ethic","1"
"Distributed Energy Resources","Rooftop Solar","1"
"Indian Military Aircraft Types","Dornier-228","1"
"UNESCO World Heritage 2023","Shantiniketan","1"
"Deciduous Trees","Teak","1"
"Capital Receipts","Disinvestment","1"
"Time, Speed & Distance","Coordinates","1"
"Animal Habitats","Bonobo","1"
"Election Nomination Rules","Electoral Roll","1"
"Foundational Learning & Education","Learning Outcomes","1"
"Cement Industry Emissions","Limestone","1"
"Central Bank Digital Currency","Programmability","1"
"Money Bill","Contingency Fund","1"
"Environment Protection Act 1986","Environmental Standards","1"
"Logical Reasoning","Ranking","3"
"Legal Profession Regulation","Bar Councils","1"
"Missile Defense Systems","THAAD","1"
"Ashokan Administration","Yukta","1"
"Financial Inclusion","Payment Banks","1"
"Atmospheric Greenhouse Effect","Heat Trapping","1"
"Atal Innovation Mission","NITI Aayog","1"
"Ratio & Proportion","Linear Ratio","1"
"Sustainable Development & Energy Transition","Public Transport","1"
"Markets, Welfare & Democracy","Welfare State","1"
"Space Missions & Microgravity","Axiom-4","1"
"Kisan Credit Card","Short-term Agricultural Credit","1"
"India Exports & PLI Scheme","Export Share","1"
"Alternative Powertrain Vehicles","FCEV","1"
"Digital Single Market Strategy","European Union","1"
"Permutation & Combination","Circle Arrangements","1"
"Ayushman Bharat Digital Mission","Voluntary Participation","1"
"Number System","Calendar Cycles","1"
"Logical Reasoning","Pattern","2"
"Logical Reasoning","Speed/Rate","1"
"Balance of Trade & Current Account","Merchandise Trade","1"
"Number System","Scoring Scheme","1"
"Non-Fungible Tokens","Blockchain","1"
"State-Level Climate Action","Green Energy","1"
"Carbon Nanotubes","Biosensors","1"
"Averages","Average Weight","1"
"Extremophiles","Psychrophiles","1"
"Microplastic Pollution","Marine Pollution","1"
"Green Economy","PAGE","1"
"Number System","Number Series","1"
"Bioenergy Sustainability","Negative Emissions","1"
"Science and Society","Progress vs Conflict","1"
"Crop Disease Risk & Genetic Diversity","Wild Relatives","1"
"Happiness & Gift-Giving","Adult Psychology","1"
"Mountain Ranges & Types","Appalachians","1"
"Percentage","Percent Shortfall","1"
"Averages","Group Averages","1"
"Monetary Policy","Rate Hikes","1"
"Government Securities & Treasury Bills","Treasury Bills","1"
"Jain Philosophy","Jainism","1"
"Parliamentary Oversight of Regulators","Standing Committees","1"
"Fiscal Deficits","Fiscal Deficit","1"
"Forced Labour","Gupta Period","1"
"Science & Human Progress","Social Progress","1"
"Indian National Movement","INC Positions","1"
"Electoral Rights","Right to Vote","1"
"Trade Union Movement","Hind Mazdoor Sabha","1"
"Sustainable Road Construction","Geotextiles","1"
"Intangible Assets","Client Lists","1"
"Open-source Digital Platforms","DigiLocker","1"
"Conservation Agriculture","Crop Residue","1"
"DPSP Enforceability","Non-Justiciable","1"
"Ethanol Production","Brazil vs USA","1"
"Globalization & Economic Sovereignty","Technology","1"
"Fractional Orbital Bombardment System","Hypersonic Delivery","1"
"Time, Speed & Distance","Circular","2"
"IMF Reserve Tranche","IMF Credit Facilities","1"
"Evolution & Natural Selection","Environmental Change","1"
"Indian Federalism","Federal Features","1"
"Ocean Mean Temperature","OMT","1"
"Conflict Regions","Nagorno-Karabakh","1"
"Ghadar Party Associates","Rash Behari Bose","1"
"Number System","Work Progress","1"
"Number System","Repetition","1"
"Political Parties & Leaders","Swatantra","1"
"Himalayan National Parks","Protected Areas","2"
"Nari Shakti Vandan Adhiniyam","Duration","1"
"Gravitational Waves","Black Hole Merger","1"
"Buddhist Sects","Mahasanghika","1"
"Human Evolution & Lactose Tolerance","Domestication","1"
"Climate Action Tracker","Emission Pledges","1"
"Aadhaar Act","Aadhaar Data Sharing","1"
"ASEAN Free Trade Partners","Regional Trade Agreements","1"
"Genomic Breeding","Crop Improvement","1"
"Tiger Reserves & Critical Tiger Habitat","Nagarjunasagar-Srisailam","1"
"Membrane Bioreactors","Wastewater Treatment","1"
"Elephants as Keystone Species","Biodiversity","1"
"Portuguese Introduced Crops","Papaya","1"
"Solstice Daylength","Arctic Circle","1"
"Habit Formation","Routine & Efficiency","1"
"PNGRB Regulation Scope","Storage","1"
"Sustainable Development & Energy Transition","Fossil Fuels","1"
"Economic Liberalization & Role of State","Inequality","1"
"Evolution & Natural Selection","Extinction Drivers","1"
"GAGAN System","SBAS","1"
"Somnath Temple","Reconstruction","1"
"Buddha Epithets","Tathagata","1"
"Democracy & Education","Populism","1"
"G20 Formation & Priorities","Digital Public Infrastructure","1"
"Time, Speed & Distance","Speed Ratio","1"
"Number System","Multiplicative Pattern","1"
"Classical Sanskrit Scholars","Kalidasa","1"
"DILRMP","Land Records","1"
"Ashokan Edicts & Dhamma","Edicts","1"
"Digital Economy & Privacy","Trust","1"
"Governance & Citizenship","Unity","1"
"Number System","Outstanding Balance","1"
"Agricultural Income & Taxation","Allied Activities","1"
"Number System","Proportions","3"
"UN International Years","Peace & Trust","1"
"Speaker of Lok Sabha","Tenure","1"
"Industrial Revolution Impact on India","Handicrafts","1"
"Number System","Word Problems","1"
"Right against Exploitation","Forced Labour","1"
"Aadhaar Act","Welfare Entitlements","1"
"Logical Reasoning","Logic Puzzle","2"
"Financial Inclusion","Financial Literacy","1"
"Number System","Trend","1"
"Greenfield Airports","Vijayawada","1"
"High-Energy Explosives","CL-20","1"
"Asiatic Lion Conservation","Translocation","1"
"Number System","Seconds","1"
"Legal Profession Regulation","Legal Education","1"
"Manual Scavenging Rehabilitation","Innovation Programs","1"
"Currency Crisis Risk","Remittances","1"
"Blockchain Technology","Distributed Ledger","1"
"Profit & Loss","Discount","1"
"Percentage","Percentage Calculation","1"
"Agricultural Transformation & Poverty Reduction","Inclusive Agricultural Growth","1"
"Tea Board of India","Statutory Body","1"
"Number System","Tax Revenue","1"
"Logical Reasoning","Pattern Recognition","1"
"Benami Property Law","Confiscation","1"
"Geographical Indications & TRIPS","WTO","1"
"Number System","Worst Case","1"
"Wolbachia for Mosquito Control","Dengue","1"
"UN Credentials Committee","General Assembly","1"
"Number System","Max/Min","2"
"Global Competitiveness Index","Competitiveness","1"
"Circular Economy & Battery Recycling","Critical Minerals","1"
"National Payments Corporation of India","Financial Inclusion","1"
"Digital India Programme","Broadband Connectivity","1"
"State-Level Climate Action","Mitigation","1"
"Inflation Indices","CPI vs WPI","1"
"UN International Years","Tourism","1"
"Sanitation Behavior","Open Defecation","1"
"Fiscal Deficits","Revenue Deficit","1"
"Industrial Waste Utilization","Cement","1"
"Crony Capitalism","Market Distortions","1"
"Sustainable Agriculture Practices","Tensiometer","1"
"Number System","Volume-Weight","1"
"Web 3.0","Data Ownership","1"
"Number System","Unpainted Cubes","1"
"International Date Line Effect","Nome","1"
"Siachen Glacier Geography","Nubra Valley","1"
"Bird Identification","Spoonbill","1"
"Software as a Service","Cloud Applications","1"
"Mercury Pollution","Gold Mining","1"
"Permutation & Combination","Primes","1"
"RTGs in Spacecraft","Deep Space Power","1"
"Number System","Comparison","2"
"Permutation & Combination","Multiples","1"
"Regional Connectivity Projects","East-West Corridor","1"
"Number System","Certainty","1"
"Economic Freedom & Education Investment","Tax Incentives","1"
"Denisovan Hominins","Fossils","1"
"Evolution & Natural Selection","Catastrophes","1"
"Indian Patents Act","Patentability","1"
"Agricultural Heritage Systems","Agro-biodiversity","1"
"Keystone Species & Seed Dispersal","Fig Trees","1"
"Indian Forest Act","Amendment","1"
"Logical Reasoning","Venn Diagram","2"
"Climate Change & Resource Conflicts","Political Conflict","1"
"Scheduled Areas Administration","Fifth Schedule","1"
"Number System","Middle Term","1"
"Nutrition Security & Crop Diversity","Millets","1"
"Number System","Circular Track","1"
"Global Climate Change Alliance","EU Climate Aid","1"
"Percentage","Winning Margin","1"
"Climate Action Tracker","Research Consortium","1"
"Financial Inclusion","Banking Access","1"
"Solar Power Projects in India","Airports","1"
"Jaina Texts","Parishishtaparvan","1"
"Logical Reasoning","Ranking & Inequalities","1"
"Casual Workers & Labour Laws","EPF Coverage","45"
"Nuclear Suppliers Group","Nuclear Non-Proliferation","1"
"Number System","Page Pairs","1"
"Education System & Skills","New-Age Skills","1"
"Ajanta Cave Paintings","Bodhisattva Padmapani","1"
"Financialization of Savings","Household Assets","1"
"Percentage","Percent Decrease","1"
"Logical Reasoning","Prime Sum","1"
"IBRD Role","Post-WWII Reconstruction","1"
"Dams & Reservoirs","Reservoirs","1"
"Sangam Literature","Material Culture","1"
"Medieval Gujarat & Portuguese","Diu","1"
"Agrobiodiversity Loss","Food Security","1"
"Ratio & Proportion","Cubes","2"
"Countries with Many Time Zones","France","1"
"Cyber Insurance","Legal Liability","1"
"Indian Ports","Mundra Port","1"
"Public Investment in Agriculture","MSP","1"
"Power Sector Reforms","UDAY Scheme","1"
"Kharif Crops Area","Rice","1"
"UPI International Acceptance","France","1"
"Fiscal Responsibility & Debt","State Borrowing","1"
"Domestic Content Requirement","Solar Power Policy","1"
"External Debt","Debt Composition","1"
"Regional Navigation Systems","QZSS (Japan)","1"
"National Integration & Civic Responsibility","Communalism","1"
"10th Schedule Disqualification","Political Party","1"
"Vijayanagara Temple Architecture","Vijayanagara","1"
"Number System","Even-Odd Properties","2"
"Number System","Minimum Cuts","2"
"Indian Laws & Offences","Arms Amendment","1"
"Agricultural Technology & Food Security","Infrastructure","1"
"US-EU Trade and Technology Council","Standards","1"
"Governance & Citizenship","Rule of Law","1"
"Logical Reasoning","Logic Puzzles","10"
"Constitutional Bodies","NSC","1"
"External Debt","Currency","1"
"Capital Receipts","Borrowings","1"
"Power Sector Reforms","DISCOM Financial Health","1"
"Military Coups in Africa","Mali","1"
"Parliamentary Procedure","Private Member Bill","4"
"Non-Cooperation Programme","Non-violence","1"
"Number System","Money Distribution","1"
"Logical Reasoning","Order Relations","1"
"Pulse Crops in India","Green Gram","1"
"Banking Technology","Core Banking Systems","1"
"Dalit Movement Publications","Gopal Baba Walangkar","1"
"Number System","Digit Positions","1"
"PNGRB Regulation Scope","Distribution","1"
"Inter-State River Water Governance","Basin-Based Allocation","1"
"Ancient Religious Terms","Upasaka","1"
"Subsidiary Alliance","Paramountcy","1"
"Energy Transition & Renewables","Emissions Targets","1"
"Social Media & Democracy","Political Discourse","2"
"Digital Payments","Authentication Factors","1"
"Rights and Duties","Justice","2"
"Sangam Practices","Ritual Suicide","1"
"Water Pollution Indicators","Aquatic Pollution","1"
"Wildlife Protection Act Schedule VI","Cultivation License","1"
"Number System","Cyclicity of Powers","1"
"UNESCO Intangible Heritage","Latest","1"
"Internet of Things","Connected Devices","1"
"Wealth & Failure","Success","1"
"Agroecology","Biodiversity Mimicry","1"
"Bioenergy Sustainability","Biomass Energy","2"
"Web 3.0","Decentralization","1"
"Summer Solstice","June","1"
"Agricultural Market Reforms","Agricultural Marketing","1"
"IMFC","Economic Indicators","1"
"Himalayan Peaks","Nanda Devi","1"
"Permutation & Combination","Sequence Count","1"
"Sustainable Aviation Fuel","Agricultural Residues","1"
"Permutation & Combination","Distinct Digits","1"
"Logical Reasoning","Number Series","1"
"Money Supply Measures","Currency in Circulation","1"
"Education Equity","RTE Quotas","1"
"Jagirdari & Zamindari","Mughal Administration","1"
"Employment & Structural Transformation","Sectoral Employment","1"
"Missile Systems","Agni-V","1"
"Skill Development","Skill Training","1"
"State Formation & Features","Nagaland","1"
"Sea Turtles & Marine Reptiles","Herbivory","1"
"Ministerial Eligibility & Disqualification","Representation of People Act","1"
"Nari Shakti Vandan Adhiniyam","Women Reservation","1"
"Atmospheric Dust Distribution","Dry Winds","1"
"Food Security & Monoculture Risk","Plant Disease","1"
"Number System","Remainder Theorem","1"
"Food Safety & Globalization","Supply Chain Risk","1"
"Higher Education & Flipped Classroom","Online Courses","1"
"Number System","Pattern Completion","2"
"Time, Speed & Distance","Overtaking","3"
"Finance Commission Devolution Criteria","Forest & Ecology","1"
"Metaverse Concept","Digital Property","1"
"National Handloom Day","7 August","1"
"Agricultural Technology & Food Security","Yield Plateau","1"
"Number System","Orientation","1"
"Industrial Waste Utilization","Road Construction","1"
"Panchayats","Finance Commission","1"
"Number System","Substitution","1"
"National Integration & Civic Responsibility","Social Cohesion","1"
"President Election & Powers","Election Validity","1"
"Cybersecurity & IoT Risks","Connected Devices","1"
"Middle-Income Trap","Productivity Growth","1"
"AI Action Summit 2025","Seoul","1"
"Logical Reasoning","Inequalities","5"
"Number System","Modulo","1"
"Tropical Rainforest Soils","Decomposition","1"
"Space Exploration & Economy","Frontier Economy","1"
"Net-Zero Transition","Demand-side Behavior","1"
"Logical Reasoning","Coding","1"
"Number System","Cryptarithm","1"
"Indian Federalism","Rajya Sabha Special Powers","1"
"Indian Islands Geography","Andaman-Nicobar","1"
"Directive Principles Amendments","Workers' Participation","1"
"Number System","Powers of 30","1"
"Manual Scavenging Rehabilitation","Technology Applications","1"
"Number System","Mileage","1"
"Global Food Security","Hunger Reduction","1"
"Social Cost of Carbon","CO2 Damage","1"
"Nutrition Security & Crop Diversity","Monoculture","1"
"Global Indices","World Economic Forum","1"
"G20 Common Framework for Debt","Paris Club","1"
"Agricultural Transformation & Poverty Reduction","Rural Employment","1"
"Lok Sabha Ethics Committee","Ad-hoc Origins","1"
"Greenfield Airports","Kushinagar","1"
"Central Bank Digital Currency","Cross-border Payments","1"
"Subsidiary Alliance","Lord Wellesley","1"
"Right to Education","Teacher Eligibility Test","1"
"Harijan Upliftment","Social Reform","1"
"Currency Management","Rupee Stabilization","1"
"Buddhist Concepts","Maitreya","1"
"Environmental Institutions","National Green Tribunal","3"
"Time, Speed & Distance","Distance Formula","1"
"State and Liberty","Freedom","1"
"Social Nature of Man","Social Cooperation","1"
"Biotechnology Regulation & GM Crops","GM Crops","2"
"Wet-Bulb Temperature Impacts","Human Survival","1"
"Effective Exchange Rate","Trade Competitiveness","1"
"Accelerometer Applications","Airbags","1"
"High-Energy Explosives","LLM-105","1"
"PNGRB Regulation Scope","Refining","1"
"Percentage","Net Change","1"
"Indian Federalism","Federalism","2"
"Time, Speed & Distance","Head Start","1"
"Agriculture vs Non-Agriculture Growth","Structural Change","1"
"Number System","Spacing","1"
"Ryotwari Settlement","British Land Revenue Systems","1"
"Alternative Investment Funds","Securities","1"
"Logical Reasoning","Family Relations","2"
"Media & Democratic Accountability","Freedom of Expression","1"
"Conflict Zones in West Asia","Aleppo","1"
"Inclusive Wealth & Sustainability","Natural Capital","1"
"Number System","Elimination","2"
"PFAS Pollution","Persistent Organic Pollutants","1"
"Greenwashing","False Environmental Claims","1"
"Privacy Rights & State Responsibility","Right to Privacy","1"
"Ancient Ports of South India","Muchiri","1"
"Metagenomics","Environmental DNA","1"
"Legume Family Crops","Horse-gram","1"
"Isotherms","Currents","1"
"Number System","CRT","1"
"Logical Reasoning","Set Counts","1"
"Happiness & Gift-Giving","Joy in Present","1"
"Climate Change & Land Use","Deforestation","1"
"Number System","Resultant Displacement","1"
"Ayushman Bharat Digital Mission","Portability","1"
"Flood & Drought Management","Interlinking","1"
"Logical Reasoning","Transitivity","1"
"Logical Reasoning","Set Theory","1"
"Averages","Deviation from Mean","1"
"INSTC Corridor","India-Iran-Central Asia-Europe","1"
"Indian Wetlands & Lakes","Renuka","1"
"Logical Reasoning","Differences","1"
"Food Safety & Public Health","Regulatory Surveillance","1"
"Internet of Things","Smart Systems","1"
"Fifth Schedule","Tribal Areas","1"
"Constitutional Philosophy","Directive Principles","1"
"CBLO Instruments","Money Market","1"
"PM Surya Ghar Yojana","Skill Development","1"
"Congo Basin Geography","Cameroon","1"
"Climate Change & Polar Ecosystems","Polar Bears","1"
"Public Health & Productivity","Anemia","1"
"Number System","Letter Substitution","2"
"Benzene Pollution & Exposure","VOCs","1"
"Indo-Islamic Architecture","Lucknow Monuments","1"
"Number System","Day Count","1"
"Money Bill vs Finance Bill","Joint Sitting","1"
"Education & Culture","Intellectual Capital","1"
"Animal Communication","Honeybee Waggle DanceBees","1"
"Agricultural Technology & Food Security","Smallholders","1"
"Permutation & Combination","Chessboard","1"
"Enforcement Agencies","DRI","1"
"Logical Reasoning","Algebraic Reasoning","1"
"Metaverse Concept","Virtual Worlds","1"
"Teesta River System","Brahmaputra Basin","1"
"Number System","Periodicity","1"
"Time & Work","Defect Percentage","1"
"Banking Reforms & NPAs","Bad Loans","1"
"Middle East Peace Process","Arab Peace Initiative","1"
"Kharif Crops Area","Cotton","1"
"Law and Liberty","Rule of Law","1"
"Fifth Schedule","Scheduled Areas","1"
"Number System","Sets","1"
"Union Budget Procedure","President Recommendation","1"
"Rivers & Cities","Pilgrimage Towns","1"
"Yogavasi??ha Translation","Akbar","1"
"Carbon Nanotubes","Drug Delivery","1"
"Logical Reasoning","Weight Comparison","1"
"RBI Income Sources","Forex","1"
"UDHR and Indian Constitution","Preamble","1"
"Buddhist Stupas","Relics","1"
"Panchayats","Age","1"
"Handloom Sector Modernization","Market Appeal","1"
"Dyarchy in India","Government of India Act 1919","1"
"Seas and Bordering Countries","Black","1"
"Number System","Analogies","1"
"Ethnic Conflicts","Technology Applications","1"
"Number System","Bearings","2"
"Reservoir Management & Flood Control","Flood Management","1"
"Civic Participation & Voting Duty","Electoral Responsibility","1"
"Foreign Bank Subsidiaries Rules","Board Composition","1"
"Averages","Mean","1"
"Famine in Somalia","Horn of Africa","1"
"Inclusive Innovation & Inequality","R&D Policy","1"
"Constitutional Bodies","Law Commission","1"
"Bioenergy Sustainability","Biomass Limits","1"
"Permutation & Combination","Row Constraints","1"
"Carbon Sequestration","Carbon Capture and Storage","1"
"Science & Philosophy","Ethics","1"
"Logical Reasoning","Number Formation","1"
"Permutation & Combination","Worst Case","1"
"Coal Controller?s Organization","Captive Blocks","1"
"Science and Society","Human Agency","2"
"Early Medieval Dynasties Chronology","Pallavas","1"
"Himalayan Peaks","Namcha Barwa","1"
"Economic Insecurity & Inequality","Poverty Alleviation","1"
"Biotechnology","Somatic Cell Nuclear Transfer","1"
"Early Medieval Dynasties","Kakatiya","1"
"Council of Ministers & 91st Amendment","Ministerial Ranks","1"
"European Trading Powers in India","Goa","1"
"External Sector Resilience","Capital Account Convertibility","1"
"Fungi Properties","Psychoactive","1"
"Forest Cover in India","State-wise Forest Cover","1"
"Number System","Backward Reasoning","1"
"Financial Sector Reforms","Economic Welfare","1"
"Number System","Polygon Diagonals","1"
"Fertigation","Reduced Leaching","1"
"Number System","Linear Arrangement","1"
"Radar Applications","Weather Radar","1"
"Number System","Figure Series","2"
"Monetary Policy Committee","Monetary Policy","1"
"RBI Governance","RBI Act","45"
"Manufacturing Upgradation","High-Tech Manufacturing","1"
"Indian Elephant Biology & Conservation","Gestation Period","1"
"Number System","Opposite Faces","3"
"Anti-Defection Law","Nominated Members","1"
"Syndicated Lending","Risk Sharing","1"
"Probiotics","Yeast","1"
"Number System","Grid Navigation","1"
"Permutation & Combination","Logical Deduction","1"
"Number System","Rates","2"
"Demographic Dividend","Dependency Ratio","1"
"Number System","Exponential Function","1"
"Logical Reasoning","Directed Graph","3"
"Wetlands & Ramsar","Wetland Rules","1"
"Union vs State Subjects","Corporation Tax","1"
"Faxian in India","Gupta Period","1"
"Education System & Learning Outcomes","Competency-Based Learning","1"
"Jagirdari & Zamindari","Land Revenue","1"
"UPI International Acceptance","UAE","1"
"Wildlife Protection Act","Protected Species","1"
"Number System","Arithmetic Series","2"
"Indian Philosophers","Dignaga","1"
"Number System","Sum of Factors","1"
"Sahel Instability","Security Crisis","1"
"Food Security & Nutrition","Malnutrition","1"
"Stellar Evolution","Giant Stars","1"
"Radar Applications","Surveillance","1"
"GDP Growth & Development","Income Growth","1"
"Number System","Area Coverage","1"
"Number System","Equal ????","1"
"Permutation & Combination","Combinations","4"
"Number System","Right-Angled Triangles","1"
"Kharif Crops Area","Sugarcane","1"
"Big Cats Behavior","Lion Breeding","1"
"Agricultural Productivity","Arable Land","1"
"Urban Planning Education","Systems Approach","2"
"Physical Geography","Tides","2"
"Science & Technology","Technology Applications","17"
"Drone Applications","Volcano Monitoring","1"
"Percentage","Ratios","1"
"Economic Liberalization & Role of State","Global Integration","1"
"Number System","Permutations","2"
"Number System","Weighted Average","1"
"Nature Solutions Finance Hub","Nature-based Finance","1"
"Missile Defense Systems","US Defense","1"
"Synthetic Biology","Artificial DNA","1"
"Number System","AP Triples","1"
"Cultural Relativism & Universal Values","Travel and Learning","1"
"Number System","Logical Deductions","1"
"Mercury Pollution","Coal Plants","1"
"Number System","Truth/False","1"
"Number System","Pairs","1"
"Classical Sanskrit Scholars","Amarasimha","1"
"Kisan Credit Card","Post-harvest Expenses","1"
"Number System","Geometry","1"
"Operation Sadbhavana","Army Civic Action","1"
"Mineral Resources in India","Iron Ore","1"
"Mountain Ranges & Types","Alps","1"
"Constitution Amendments","Judicial Review","1"
"Separation of Judiciary and Executive","Judicial Independence","1"
"Agricultural Emissions","Rice Cultivation","1"
"Number System","Cyclic Work Pattern","1"
"Currency Crisis Risk","Forex Earnings","1"
"Monazite & Rare Earths","Atomic Minerals","1"
"Leadership Development","Leadership Training","1"
"Wearable Technology","Health Monitoring","1"
"Conflict Zones in West Asia","Kirkuk","1"
"Time, Speed & Distance","Clock Geometry","1"
"Logical Reasoning","Symbol-Number Mapping","1"
"Mediterranean Region","West Asia","1"
"WTO TRIMs Agreement","Investment Measures","1"
"Indian Military Aircraft Types","C-17","1"
"Pumped-Storage Hydropower","Energy Storage","1"
"Indian Philosophers","Aryadeva","1"
"Poetry and Truth","Plurality of Reality","1"
"Venezuela Economy & Oil","Oil Reserves","1"
"Tidal Phenomena","Tides","1"
"Recirculating Aquaculture System","Biofilters","1"
"Tea-Producing States","Kerala","1"
"Social Reform & Women's Rights","Restitution of Conjugal Rights","1"
"Deciduous Trees","Jackfruit","1"
"Logical Reasoning","Relative Distances","1"
"Environmental Toxicology","BPA","1"
"Modern Indian Timeline","Neeldarpan","1"
"Leisure and Human Progress","Technological Progress","1"
"Exercise Mitra Shakti 2023","Counter-terrorism","1"
"Plant Descriptions","Ginger","1"
"Number System","3D Visualization","3"
"Inclusive Wealth & Sustainability","GDP vs Inclusive Wealth","1"
"Buddhist Stupas","Votive Structures","1"
"Indian Elephant Biology & Conservation","Matriarchal Herds","1"
"Number System","GCD","2"
"Indian Cave Sites","Bhaja","1"
"Logical Reasoning","Product","1"
"Water Ecosystems & Policy","Wetlands","1"
"Genome Editing","Molecular Tools","1"
"Seas and Bordering Countries","Caspian","1"
"Science & Social Responsibility","Industrial Revolution","1"
"Central Ground Water Authority","Environment Protection Act","1"
"Green Technology Transition","Learning Curve","1"
"Ratio & Proportion","Fractional Ratios","1"
"Interest Coverage Ratio","Debt Servicing","1"
"Number System","Relationships","1"
"Pollination Ecology","Crop Dependence","1"
"Logical Reasoning","Linear Combination","1"
"Macroeconomics","Economic Indicators","10"
"Ashokan Rock Edicts","Dhauli","1"
"Goods and Services Tax","Single Market","1"
"Lok Sabha Ethics Committee","Complaint Process","1"
"Ordinance Powers","Retrospective Effect","1"
"RTGS vs NEFT","Settlement","1"
"Ancient Ports of South India","Korkai","1"
"Climate Change & Land Use","Agriculture Emissions","1"
"Inter-State River Water Governance","Water Stress","1"
"UN Convention against Corruption","Anti-Corruption","1"
"Capital vs Revenue Expenditure","Technology Acquisition","1"
"Parliamentary Procedure","Parliament","1"
"Indian Handicrafts","Sujni Embroidery","1"
"Leadership Development","Decision-Making","1"
"Bond Market Participants","Pension","1"
"Handloom Sector Modernization","Cultural Heritage","1"
"Genome Editing & Germline Modification","Human-Animal Chimera","1"
"Multidimensional Poverty","Deprivations","1"
"Evolution & Natural Selection","Species Survival","1"
"Water Resource Management","Monsoon Storage","1"
"Logical Reasoning","Symbolic Operations","2"
"Permutation & Combination","Odd Digits","1"
"State, Morality & Law","Moral Order","1"
"Number System","Mod 10","1"
"Right to Privacy","Article 21","1"
"Greenwashing","ESG Marketing","1"
"Pollination & Evolutionary Function","Reproductive Strategy","1"
"Data Privacy & IoT","Consumer Data","2"
"Nitrogen Use Efficiency","Fertilizer Losses","1"
"Siachen Glacier Geography","Karakoram Range","1"
"Solar Storm Impacts","GPS Disruption","1"
"UDHR and Indian Constitution","Fundamental Duties","1"
"Fort William College","British Civil Service","1"
"Ashokan Inscriptions","Kanganahalli","1"
"Number System","Place Value","4"
"Inland Water Bodies","Aral Sea","1"
"Number System","Direct vs Indirect Taxes","1"
"Indian Lakes & River Systems","Kanwar Lake","1"
"Home Guards","Auxiliary Police","1"
"Foreign Bank Subsidiaries Rules","WOS","1"
"Preamble to the Constitution","Preamble Objectives","1"
"Permutation & Combination","Inequalities","1"
"Number System","Order Positions","1"
"Number System","2-3-37 Divisibility","1"
"Agricultural Emissions","Methane & Nitrous Oxide","1"
"Crude Oil Benchmarks","Oil Prices","1"
"Wolbachia for Mosquito Control","Vector Control","1"
"IMFC","Policy Measures","1"
"Digital Rupee","RBI Liability","1"
"Current Affairs Country Events","Tunisia","1"
"Pallava Rulers & Titles","Mahendravarman I","1"
"Union Budget Procedure","Annual Financial Statement","1"
"Number System","Birth/Death Rates","1"
"Monetary Policy Instruments","MSF","1"
"Maternity Benefit Act","Labour Law","1"
"Groundwater Extraction","WWDR 2022","1"
"Gold Trade & Reserves","Switzerland","1"
"UNOPS S3i Investments","Healthcare","1"
"Number System","Consecutive Integers","1"
"Visible Light Communication","EM Spectrum","1"
"Conflict Zones in West Asia","Mosul","1"
"Buddhist Sites","Mahasanghika","1"
"Climate Adaptation & Food Security","Agricultural Extension","1"
"Constitution Parts","Part XX","1"
"Buddhist Sites","Dhanyakataka","1"
"Number System","Calendar Days","1"
"Corporate Social Responsibility Rules","Spending Norms","1"
"Logical Reasoning","Counting","1"
"Permutation & Combination","Digit Constraints","2"
"Kulah-Daran","Headgear Title","1"
"British Colonial Rule","Colonial Policies","1"
"Number System","Repetition Cycle","1"
"Urban Development Cooperation","Housing & Urban Development","1"
"Evolution & Natural Selection","Darwinism","1"
"Time & Work","Combined Work","2"
"Number System","Combined Rates","1"
"Agricultural Productivity","Yield","1"
"Critical Minerals Policy","MMDR Amendment 2023","1"
"Public Sector Banks Governance","Capital Infusion","1"
"Indian Laws & Offences","Official Secrets Act","1"
"National Movements & Organizations","Social Reform","1"
"US-EU Trade and Technology Council","Tech Cooperation","1"
"Ratio & Proportion","Savings","1"
"Ratio & Proportion","Minimum Total","1"
"Number System","Integers","1"
"Tribal Revolts","Birsa Munda","1"
"Fungus-Farming Insects","Ants","1"
"WHO Air Quality Guidelines","Asthma","1"
"Mahayana Buddhism","Bodhisattva","1"
"IMF Emergency Financing","Rapid Financing Instrument","1"
"Overwork & Self-Improvement","Leisure","1"
"Gold Monetization Policy","Savings Mobilization","1"
"European Trading Powers in India","Madras","1"
"Ocean Carbon Cycle","Iron Nutrients","1"
"Climate Types","Marine West Coast Climate","1"
"Corporate Capitalism & Growth","Employment","1"
"Countries with Many Time Zones","UK","1"
"Logical Reasoning","Letter-Number Coding","1"
"Foreign Investment & Employment","FDI Volatility","1"
"Chola Expeditions","Rajendra I","1"
"Public Investment in Agriculture","Rural Infrastructure","1"
"Number System","Page Numbers","1"
"Number System","15!","1"
"Industrial Labour Legislation","Labour Movement","1"
"Number System","Comparative Analysis","2"
"Number System","Optimization","3"
"Fifth Generation Fighter Aircraft","Rafale","1"
"Antibiotics & Environmental Pollution","Drug Resistance","1"
"Labour Reforms & Employment","Employment Growth","1"
"Climate Finance & Policy","Adaptation Funding","1"
"Governor Discretion & Bills","Reservation","1"
"Number System","Arithmetic","2"
"English Education Policy","Charter Act 1813","1"
"Constitutionalism","Limits on Government Power","1"
"Conflict Regions","Donbas","1"
"Animal Habitats","Elk","1"
"Microbiome & Malnutrition","Child Nutrition","2"
"Logical Reasoning","Percent Overlap","1"
"IUCN Bodies","Invasive Species Specialist Group","1"
"Percentage","Percentage Change","1"
"FRBM Act","Budget Documents","1"
"Rule of Law Index","World Justice Project","1"
"Zika Virus","Sexual Transmission","1"
"Poisonous Species","Fish","1"
"Presidential Election Electoral College","MLA Vote Value","1"
"Aadhaar APIs","Authentication","1"
"Permutation & Combination","Paths","1"
"Software as a Service","Web Mail","1"
"Volcanic Eruption Products","Sulphur Compounds","1"
"Number System","Graphs","1"
"Convertible Bonds","Equity Option","1"
"Due Process of Law","Fair Procedure","1"
"Number System","System of Equations","4"
"Gold Monetization Policy","Sovereign Gold Bonds","1"
"Urban Water Governance","Urban Local Bodies","1"
"Time, Speed & Distance","Time Measurement","1"
"Indirect Transfers","Capital Gains","1"
"Ocean Carbon Cycle","Phytoplankton Productivity","1"
"Fifth Schedule Areas","Tribal Land Protection","1"
"Speaker Removal Procedure","Voting Rights","1"
"Time, Speed & Distance","Clock Error","1"
"Public Investment in Agriculture","Cold Storage","1"
"Urban Sanitation & Public Health","Sanitation Policy","1"
"IRNSS/NavIC","Coverage","1"
"Number System","Man-Woman Work Rates","1"
"Number System","Linear Constraints","1"
"Credit Rating Agencies","ICRA","1"
"Tribal Revolts","Munda Rebellion","1"
"Speaker of Legislative Assembly","Dissolution","1"
"BRSR Reporting","SEBI Requirements","1"
"Solar Water Pump Technology","Pump Types","1"
"Speaker of Lok Sabha","Removal Procedure","1"
"Indus Valley Civilization","Archaeology","1"
"Number System","Sum and Product","1"
"Agricultural Technology & Food Security","Technology Adaptation","1"
"Circular Economy Benefits","Resource Efficiency","1"
"Indian Reservoirs","Maithon","1"
"Parliamentary Accountability","Question Hour","1"
"Nitrogen-fixing Plants","Alfalfa","1"
"NATO Membership","Bulgaria","1"
"Extremophiles","Acidophiles","1"
"Education Outcomes & Skills","Employability","1"
"Education Outcomes & Skills","Expectations","1"
"Constitution Amendment","Repeal","1"
"Summer Solstice","Arctic Circle","1"
"WTO Trade Facilitation Agreement","Trade Facilitation","1"
"Number System","Prime Numbers","2"
"Real Sector of Economy","Manufacturing","1"
"Animal Habitats","Indri","1"
"Adaptive Immunity","Pathogen Defense","1"
"Ordinance Powers","Fundamental Rights","1"
"Agriculture vs Non-Agriculture Growth","Rural Economy","1"
"Ageing Population Countries","Italy","1"
"Presidential Pardoning Power","Judicial Review","1"
"Logical Reasoning","Direction Sense","1"
"ASI & Archaeology in India","Alexander Rea","1"
"Logical Reasoning","Conditional Logic","2"
"Conflict Regions","North Kivu","1"
"Number System","Metric Conversions","1"
"Number System","Patterned Sequence","1"
"Columbian Exchange Crops","New World Crops","1"
"Benami Property Law","PBPT Act","1"
"Logical Reasoning","Set Logic","1"
"Forced Labour","Vishti","1"
"Asiatic Lion Conservation","Kuno Palpur","1"
"National Food Security Act","Maternity Benefits","1"
"Poisonous Species","Frogs","1"
"Rare Earth Elements Uses","Phosphors","1"
"Right to Privacy","Fundamental Rights","1"
"Mineral Resources in India","Mining Policy","1"
"UNGA Observer Status","IGOs","1"
"European Travellers in India","Jean-Baptiste Tavernier","1"
"Globalization & Economic Sovereignty","Geopolitics","1"
"Wetland Ecosystem Services","Nutrient Removal","1"
"Permutation & Combination","Digit Permutation","1"
"Civic Participation & Voting Duty","Political Participation","1"
"Groundwater Regulation in India","Groundwater Irrigation","1"
"Permutation & Combination","Arrangement","1"
"Tropical Rainforest Soils","Nutrient Cycling","1"
"Hydrofluorocarbons Applications","Foam Agents","1"
"Global Compact for Migration","Non-binding","1"
"Carbon Fertilization","Plant Growth","1"
"Janani Suraksha Yojana","Maternal Health","1"
"Profit & Loss","Percentage Change","2"
"Digital Payments","BHIM/UPI","1"
"UNGA Observer Status","Non-member States","1"
"Fertilizer Production & Pricing","Sulphur","1"
"Digital Society & Governance","Social Transformation","1"
"Parliamentary Procedures","Collective Responsibility","1"
"Longitudes in India","Indian Cities Longitude","1"
"Global Food Security","Price Affordability","1"
"Number System","Number of Digits","1"
"Number System","Alphanumeric","1"
"Permutation & Combination","Runs","1"
"Percentage","Percentage Increase/Decrease","1"
"Regions & Countries","Mallorca","1"
"Percentage","Maximum Marks","1"
"BRSR Reporting","ESG Disclosures","1"
"Early Medieval Dynasties Chronology","Palas","1"
"Legal Tender","Settlement of Claims","1"
"Invasive Species","Prosopis","1"
"Ashokan Edicts & Dhamma","Religious Tolerance","1"
"Chief of Defence Staff Roles","DMA","1"
"Equator & Water Bodies","Lake Tanganyika","1"
"Vietnam Economy","Supply Chains","1"
"Logical Reasoning","Divisibility","2"
"Defence Rank Equivalence","Army-Airforce-Navy Ranks","1"
"UDHR and Indian Constitution","Directive Principles","1"
"Constitution Amendment Ratification","State Executive","1"
"Number System","Sum vs ProductConsecutive Integers","1"
"Ocean Mean Temperature","26?C Isotherm","1"
"Convertible Bonds","Lower Coupons","1"
"India Sanitation Coalition; NIUA","Sanitation Platform","1"
"Biodiversity Management Committees","Access and Benefit Sharing","1"
"Ecological Interdependence","Biodiversity Loss","1"
"Number System","Tables","2"
"Gandharva Mahavidyalaya","Music Education","1"
"Higher Education Pedagogy","Evolving Education","1"
"Financial Markets Regulation","NBFC LAF","1"
"Time, Speed & Distance","Scheduling","2"
"Logical Reasoning","Match Result","1"
"Opinions & Success","Independence of Thought","1"
"Public Health & Community Hygiene","Market Influence","1"
"Number System","37","1"
"Labour Reforms & Employment","Informal Sector","1"
"January Isotherms","Land-Ocean Thermal Contrast","1"
"Time, Speed & Distance","Variable Speed","1"
"Ancient Religious Terms","Parivrajaka","1"
"Portuguese Fort at Bhatkal","Adil Shah","1"
"Permutation & Combination","Diagonal Counting","1"
"Capital Markets Components","T-bills","1"
"Climate Risk & Investments","Stranded Assets","1"
"Urban Water Governance","Sustainable Water Delivery","2"
"Asian Infrastructure Investment Bank","Multilateral Development Bank","1"
"Mongol Invasions of India","Alauddin Khalji","1"
"Ratio & Proportion","Cube","1"
"Carbon Fertilization","CO2 Enrichment","1"
"Religious Tolerance & Pluralism","Mutual Judgment","1"
"Constitution Parts","Part XVIII","1"
"Chess Records","Abhimanyu Mishra","1"
"Wildlife Protection Act","Hunting Prohibitions","1"
"Small Farmer Large Field Model","Farmer Aggregation","1"
"Cryptocurrency","Blockchain Technology","1"
"India Sanitation Coalition; NIUA","Urban Affairs Institutions","1"
"GAGAN System","Aviation Navigation","1"
"Legume Family Crops","Soybean","1"
"Time, Speed & Distance","Angle Calculation","1"
"Visible Light Communication","Li-Fi","1"
"Food Safety & Public Health","Food Contamination","1"
"Industrial Farming & Sustainability","Environmental Cost","1"
"Microsatellite DNA Applications","Population Genetics","1"
"Hydrogels Applications","Drug Delivery","1"
"Cybersecurity & IoT Risks","Vulnerability","1"
"Industrial Disputes Data","Labour Bureau","1"
"Education System & Skills","Industrial Age Schooling","1"
"Bond Market Participants","Retail","1"
"Public Health & Community Hygiene","Infectious Disease","1"
"Food Security & Nutrition","Agricultural Productivity","1"
"National Investment and Infrastructure Fund","Sovereign Fund","1"
"Infrastructure Investment Trusts","Debt Markets","1"
"Public Health System","Curative vs Preventive","1"
"Boards & Ministries","NCTI","1"
"Fort William College","Colonial Administration Training","1"
"Soil Erosion & Food Security","Carbon Sequestration","1"
"G20 Membership","G20 Countries","1"
"Turmeric Production","Major States","1"
"Insect Classification","Froghopper","1"
"State Legislature Procedures","Governor Address","1"
"Logical Reasoning","Logical Implication","2"
"Merchant Discount Rate","Digital Payments","1"
"Classical Sanskrit Scholars","Panini","1"
"Communication Technologies","Spectrum","1"
"Indigo Cultivation Decline","Global Market","1"
"Logical Reasoning","Symbolic Logic","1"
"BIMSTEC","Tourism Lead","1"
"Percentage","Percentage","3"
"Protected Areas","Sathyamangalam","1"
"Sanskrit & Jain Literature","Hammira-Mahakavya","1"
"Wildlife Protection Law","State Ownership","1"
"Parliamentary System","Cabinet Government","1"
"Benzene Pollution & Exposure","Tobacco Smoke","1"
"Crop Disease Risk & Genetic Diversity","Selective Breeding","1"
"Fertilizer Production & Pricing","Ammonia","1"
"Monoclonal Antibodies","Antigen Binding","1"
"Circular Economy & Battery Recycling","Reuse","1"
"Productive Employment & Inclusion","Structural Transformation","1"
"Number System","Weeks-Days-Hours","1"
"Communication Technologies","Telecom Standards","1"
"Indian Reservoirs","Indira Sagar","1"
"Coriolis Force","Latitude Dependence","1"
"Legal Services Authorities Act","Free Legal Aid","1"
"Constitutional Philosophy","Fundamental Rights","1"
"Public Key Infrastructure","Digital Security","1"
"Solar Power Manufacturing","Silicon Wafers","1"
"Science & Technology","Innovation Programs","17"
"Fifth Generation Fighter Aircraft","Tejas","1"
"Space Missions & Microgravity","Gaganyaan","1"
"Number System","Order","1"
"Logical Reasoning","Letter Coding","1"
"Credit Rating Agencies","Brickwork Ratings","1"
"Delimitation Commissions","Constitutional Commissions","1"
"Rights & Social Order","Conventions","1"
"Lake Faguibine","Desertification","1"
"Logical Reasoning","Seating Arrangement","3"
"Barasingha Conservation","Kanha National Park","1"
"Opposition in Democracy","Checks and Balances","1"
"Number System","Equilateral Triangles","1"
"Methane Hydrates","Seafloor Deposits","1"
"Logical Reasoning","Syllogism","10"
"Constitution Amendment Ratification","Governor","1"
"Short-range Communication Tech","CCTV","1"
"Malnutrition & Public Health","Child Nutrition","1"
"Climate Change & Water Resources","Hydrological Cycle","1"
"GM Mustard","Hybridization","1"
"Science & Faith","Spirituality","1"
"Gold Monetization Policy","Gold Imports","1"
"Permutation & Combination","Binary Sequences","1"
"Teesta River System","River Rangeet","1"
"Governance Accountability","Civil Services Reform","4"
"Historical Places & Present States","Sthaneshvara","1"
"Energy Policy & Climate Transition","Renewable Initiatives","1"
"Chess Olympiad 2022","Chennai","1"
"Insect Classification","Pond Skater","1"
"Number System","Prime-based","1"
"Big Cats Behavior","Leopard Scent","1"
"Logical Reasoning","Data Sufficiency","37"
"UNCCD","Technology Applications","1"
"Indian National Movement","Surat Split (1907)","1"
"MSME Classification & Priority Sector","Priority Sector Lending","1"
"Directive Principles","Legislative vs Executive FunctionsNature","1"
"Permutation & Combination","Positions","1"
"Nuclear Security Governance","Nuclear Security Summits","1"
"Solid Waste Management Rules 2016","Landfill Criteria","1"
"Solar Storm Impacts","Power Grids","1"
"Rajya Sabha Powers","All India Services","1"
"Climate Justice","Compensation","1"
"Mughal Painting","Manuscript Art","1"
"100 Million Farmers Initiative","Farmer Resilience","1"
"71st Amendment Languages","Konkani","1"
"Ratio & Proportion","Conditions","1"
"Carbon Fibre Materials","Recycling","1"
"Bird Identification","Nightjar","1"
"Indian Ocean Dipole","Climate Variability","1"
"Kishangarh School of Painting","Bani Thani","1"
"Andes Mountains Countries","Bolivia","1"
"Presidential Election","Electoral College","1"
"Science and Society","War and Progress","1"
"Education System & Learning Outcomes","One-size-fits-all","1"
"Nitric Oxide Physiology","Vasodilation","1"
"Aadhaar & Identity","UIDAI","1"
"Metagenomics","Air Sampling","1"
"GPS Applications","Banking","1"
"Indian Waterfalls","Hundru","1"
"Internal Security & Preventive Detention","Article 355","1"
"Chauri Chaura Defence","Defence Lawyers","1"
"Nature Restoration Law","Biodiversity Policy","1"
"Logical Reasoning","Algebraic ComparisonInequalities","1"
"Physical Geography","Coastal Processes","2"
"Battery Cathode Materials","Lithium","1"
"Chess Records","Gukesh","1"
"Human Evolution & Lactose Tolerance","Genetic Adaptation","1"
"Media & Democratic Accountability","Media Responsibility","1"
"Crony Capitalism","Oligarchies","1"
"Number System","Algebraic Reasoning","1"
"Electoral Rights","Constitutional Right","1"
"Critical Minerals Policy","Minerals Security Partnership","1"
"Mahayana Buddhism","Image Worship","1"
"MPLADS Scheme","SC/ST Allocation","1"
"European Travellers in India","Diamond Mines","1"
"Judicial Impeachment Process","Parliament","1"
"Invasive Species","Alien Species","1"
"European Trading Powers in India","Dutch Factories","1"
"Number System","Mod Arithmetic","1"
"Non-Fungible Tokens","Unique Tokens","1"
"Artificial Intelligence Applications","Text-to-Speech","1"
"Number System","Work","1"
"Major Minerals","Kyanite","1"
"Central Ground Water Authority","Groundwater Regulation","1"
"Government Schemes","Scheme Objectives","9"
"Debt vs Equity Risk","Bondholders Priority","1"
"RBI Forex & Monetary Operations","Forex Intervention","1"
"Infrastructure Investment Trusts","InvITs Taxation","1"
"Constitutional Immunities","Governor Immunity","1"
"Number System","Inclusion-Exclusion","2"
"Number System","Rotation","1"
"Cultural Traditions & Festivals","Chapchar Kut","1"
"100 Million Farmers Initiative","Net-zero Agriculture","1"
"Coal Sector Nationalization","Energy Policy","1"
"Judicial Review & Constitutional Amendments","High Courts","1"
"Logical Reasoning","Logic Grid","9"
"Liberty","Positive vs Negative Liberty","1"
"Effective Exchange Rate","Inflation Differential","1"
"Bengal Exports","Saltpetre","1"
"Desert National Park","Rajasthan Protected Areas","1"
"Averages","Error","1"
"Historical Lessons for Leadership","Leadership Traits","1"
"Chess Olympiad 2022","Mascot Thambi","1"
"Logical Reasoning","Age Ratio","1"
"Bhakti Saints","Chaitanya","1"
"Wildlife Corridors & Conservation","Habitat Connectivity","2"
"Paris Agreement Article 6","Carbon Markets","1"
"North Sea Bordering Countries","Norway","1"
"Synthetic Biology","Lab Replication","1"
"Merchant Discount Rate","MDR","1"
"Number System","Repeating 9s","1"
"Value of Research","Practical Value","1"
"Number System","Opposite Order","1"
"Equalization Levy","DTAA","1"
"Flood & Drought Management","Water Storage","1"
"Logical Reasoning","Equations","1"
"Enforcement Agencies","ED","1"
"Cultural Relativism & Universal Values","Common Humanity","1"
"Indian Hill Ranges","Seshachalam","1"
"Time & Work","with Slippage","1"
"Parliamentary Procedures","Election Rules","1"
"Gupta Period Maritime Trade","Foreign Trade","1"
"Charter Act 1813","British Parliament","1"
"Climate Justice","Adaptation","1"
"Fiscal-Monetary Policy Interaction","Debt Dynamics","1"
"Number System","Chinese Remainder","1"
"Ratio & Proportion","Ratios","1"
"Averages","Effect of Transfer","1"
"Right to Equality","Article 17","1"
"Number System","Averages","4"
"Averages","Relative Speed","1"
"Prorogation & Dissolution","Council Advice","1"
"Number System","Last Two Digits","2"
"Bird Identification","Golden Mahseer (Fish)","1"
"Logical Reasoning","Symbolic Relations","1"
"Number System","Letter Blocks","1"
"Logical Reasoning","Grouping & Selection","1"
"Climate-Smart Agriculture","GACSA","1"
"Raja Ram Mohan Roy","Rationalism","1"
"General Relativity","Spacetime Curvature","1"
"Stressed Assets Resolution","Banking Reforms","2"
"Ratio & Proportion","Transfer Process","1"
"Number System","Divisibility by 4","1"
"Monetary Policy","Central Banks","1"
"Government Schemes","Policy Implementation","9"
"Climate Change & Agriculture","Climate Adaptation","1"
"Logical Reasoning","Propositional Logic","1"
"Stressed Assets Resolution","IBC","1"
"Number System","Roots","1"
"Coal Pollution & Ash","Heavy Metals","1"
"Food Safety Regulation","Food Safety and Standards Act","1"
"Unnat Bharat Abhiyan","Rural Development","1"
"Battery Cathode Materials","Cobalt","1"
"Climate and Clean Air Coalition","International Partnership","1"
"Fungi Properties","Medicinal","1"
"ASI & Archaeology in India","Burgess","1"
"Ecosystem Conservation vs Livelihoods","Biodiversity","1"
"Climate Change & Polar Ecosystems","Arctic Sea Ice","1"
"GM Technology & IPR","Intellectual Property","2"
"Number System","Work Rates","1"
"RBI Forex & Monetary Operations","Open Market Operations","1"
"Indian National Movement","Nationalist Leaders","1"
"Trade Union Movement","Labour Leaders","1"
"RBI Income Sources","Open Market Operations","1"
"Crop Disease Risk & Genetic Diversity","Food Security","1"
"Political Parties & Leaders","Jana Sangh","1"
"Global Food Security","Food Supply Chains","1"
"Higher Education Pedagogy","Critical Thinking","1"
"Fertilizer Production & Pricing","Urea","1"
"Nitrogen-fixing Plants","Chickpea","1"
"Xerophytic Adaptations","Leaf Modifications","5"
"Santhal Parganas","Land Transfer Restrictions","1"
"Number System","Two-Digit","1"
"Edible Oil Imports","Agricultural Imports","1"
"Parliamentary Accountability","Supplementary Questions","1"
"Environment & Health Behavior","Lifestyle Change","1"
"Historical Places & Present States","Dwarasamudra","1"
"Plastics in Products","Tyres","1"
"Cultural Relativism & Universal Values","Common Values","1"
"Sea Turtles & Marine Reptiles","Carnivory","1"
"Polar Code","Polar Waters","1"
"BRICS 16th Summit","Theme","1"
"Anti-Defection Law","Presiding Officer Delay","1"
"Digital Economy & Privacy","Data Protection","1"
"GPS Applications","Navigation","1"
"Poverty Measurement","Rural-Urban Diversity","1"
"Parasitoid Species","Flies","1"
"Truthfulness & Morality","Truth and Lies","1"
"Number System","Circles","2"
"Number System","Constraints","5"
"Logical Reasoning","Logical Deduction","7"
"Indian Cave Sites","Sittanavasal","1"
"Number System","Time","1"
"Number System","Interval Arithmetic","1"
"Bioremediation","Biodegradation","1"
"Percentage","Percentage Increase","1"
"Particularly Vulnerable Tribal Groups","PVTG Criteria","1"
"Unemployment & Aspirations","Education Expectations","1"
"Number System","Citizen Rights","1"
"Percentage","Percent of Total","2"
"Legal Tender","Money and Banking","1"
"Fiscal Responsibility & Debt","FRBM Review","1"
"Biodiversity Management Committees","Nagoya Protocol","1"
"Biofuel Feedstocks","Non-food Feedstocks","1"
"Permutation & Combination","Selection","1"
"Artificial Intelligence Applications","Industrial Efficiency","1"
"Indian Hill Ranges","Amarkantak","1"
"Medieval Ports & Trade","Kakatiya Kingdom","1"
"Number System","Letter-Number Mapping","2"
"Productive Employment & Inclusion","Informal Sector Jobs","1"
"Gupta Period Maritime Trade","Port Towns","1"
"Payment Data Localization","Data Storage","1"
"Sustainable Diets & Resources","Dietary Choices","1"
"Number System","Angles","1"
"Alternative Powertrain Vehicles","Hybrid","1"
"Time, Speed & Distance","Graph Interpretation","1"
"Alternative Powertrain Vehicles","BEV","1"
"Democratic Political Maturity","Democratic Legitimacy","1"
"Soil Erosion & Food Security","Soil Degradation","1"
"Afghanistan Bordering Countries","Turkmenistan","1"
"Logical Reasoning","Conclusions","8"
"Software as a Service","SaaS","1"
"Distributed Energy Resources","Battery Storage","1"
"Percentage","Ratio","2"
"Yogavasi??ha Translation","Nizamuddin Panipati","1"
"Number System","Two-Digit Numbers","1"
"Paleoclimate Change","PETM","1"
"Writ of Prohibition","Judicial Review","1"
"Logical Reasoning","Rank","1"
"Countries with Many Time Zones","Australia","1"
"Jain Philosophy","Jiva in All Things","1"
"Self-Help Groups","Microcredit","1"
"Import Cover","Innovation Programs","1"
"Judicial Review & Constitutional Amendments","Supreme Court","1"
"Permutation & Combination","Coin Change","1"
"Number System","Factors of 10","1"
"Bureaucracy in India","Policy Implementation","1"
"Environment Protection Act 1986","Public Participation","1"
"Number System","Per Capita Income","1"
"Consumer Product Safety","Monosodium Glutamate","1"
"Radiative Cooling & Clouds","Dew Formation","1"
"Number System","Fractions","4"
"System of Rice Intensification","Water Management","1"
"Emerging Technologies","Blockchain","1"
"Number System","Fraction Conversion","1"
"Unified Payments Interface","Payments Infrastructure","1"
"Ecosystem Conservation vs Livelihoods","Resource Sharing","1"
"Inter-State River Water Governance","Federalism","1"
"Number System","Density of Water","1"
"Miyawaki Method","Afforestation","1"
"Historical Injustice & Social Discrimination","Social Discrimination","2"
"Famine in Somalia","Food Crisis","1"
"Indian Squirrels Behavior","Food Caching","1"
"Permutation & Combination","Symmetry","1"
"Number System","Income Comparison","1"
"Constitutional Provisions Mapping","DPSP","1"
"Logical Reasoning","Order Constraints","1"
"Household Financial Savings & Public Debt","Government Securities","1"
"Equator & Water Bodies","Tonle Sap","1"
"Number System","Multiplication","2"
"Lakes in India","Artificial Lake","1"
"Opposition in Democracy","Governance","1"
"Social Nature of Man","Human Society","1"
"Methane Hydrates","Arctic Tundra","1"
"Permutation & Combination","Integer Solutions","1"
"Senkaku Islands Dispute","China-Japan","1"
"Ratio & Proportion","Linear Equations","2"
"Permutation & Combination","Counting Parallelograms","1"
"Logical Reasoning","Oldest/Youngest","1"
"Currency Management","Monetary Policy","1"
"Number System","Sector Angles","1"
"Ratio & Proportion","Segment Division","1"
"Agricultural Imports","Vegetable Oils","1"
"Economic Freedom & Education Investment","Human Capital","1"
"Sugarcane Cultivation Techniques","Tissue Culture","1"
"Profit & Loss","Ratio","1"
"Alternative Investment Funds","Hedge Funds","1"
"Number System","Trend Analysis","3"
"PFAS Pollution","Bioaccumulation","1"
"Community Reserve","Wildlife","1"
"Indian Cave Sites","Besnagar","1"
"Ukraine Neighbors","Slovakia","1"
"Ghadar Party Associates","Revolutionary Networks","1"
"NATO Membership","Croatia","1"
"Wildlife Protection Act","Wildlife Law","1"
"Ashokan Rock Edicts","Jaugada","1"
"Stressed Assets Resolution","S4A Scheme","1"
"CRISPR-Cas9","Gene Editing","1"
"Election Commission of India","Election Administration","1"
"Microplastic Pollution","Cosmetics","1"
"Ukraine Neighbors","Romania","1"
"Truthfulness & Morality","Ethical Conduct","1"
"Number System","Factorization","2"
"Economic Liberalization","Forex Reserves","1"
"BIMSTEC","Members","1"
"FCI Economic Cost","Procurement","1"
"Indian Hill Ranges","Biligirirangan","1"
"Number System","Letter Series","1"
"State-Level Climate Action","Regional Planning","1"
"Money Bill Procedure","Rajya Sabha Role","1"
"Global Food Security","Food Affordability","1"
"Structural Change in Employment","Labour Productivity","1"
"Averages","Linear Equations","2"
"Seismic Waves","S Waves","1"
"Directive Principles of State Policy","Welfare State","1"
"Climate Finance & Policy","Development Needs","1"
"Reservation & Efficiency","Article 335","1"
"North Sea Bordering Countries","Germany","1"
"Alternative Investment Funds","Venture Capital","1"
"Number System","Factor Powers","1"
"Council of Ministers & 91st Amendment","15% Cap","1"
"Permutation & Combination","Arrangements","2"
"Biotechnology Regulation & GM Crops","Climate Adaptation","2"
"Crop Disease Risk & Genetic Diversity","Disease Migration","1"
"Gandhi???s Sedition Quote","Dandi Salt March","1"
"Indian Waterfalls","Dhuandhar","1"
"Rights and Duties","Correlative Rights","1"
"Lok Sabha Exclusive Powers","No-Confidence Motion","1"
"Percentage","Proportion","1"
"Nitrogen Use Efficiency","Pollution","1"
"Number System","Alphabet Mapping","2"
"Urban Water Governance","User Charges","1"
"Solar Power Projects in India","Floating Solar","1"
"Green Technology Transition","Solar Costs","1"
"RBI Governance","Government Directions","45"
"Land Reforms","Redistribution","1"
"Sun Temples in India","Arasavalli","1"
"Ecosystem Conservation vs Livelihoods","Livelihoods","1"
"Union vs State Subjects","Quarantine","1"
"Public Health & Community Hygiene","Sanitation","1"
"Science & Human Progress","Scientific Knowledge","1"
"Crop Diversity & Food Security","Climate Change","1"
"Kulah-Daran","Sayyids","1"
"Indian Federalism","Legislative Powers","1"
"Investment Risk & Asset Allocation","Diversification","1"
"Employment & Economic Growth","Organized Sector Jobs","1"
"Seismic Waves","Seismograph","1"
"Nuclear Suppliers Group","International Regimes","1"
"India CO2 Emissions Profile","Sector Sources","1"
"Number System","Installments","1"
"IBRD Role","Middle-Income Loans","1"
"Big Cats Behavior","Cheetah Roar","1"
"Himalayan Peaks","Nokrek","1"
"Himalayan National Parks","Alpine Zone","2"
"Number System","Prime Factors","2"
"Conflict Regions","Tigray","1"
"Cyber Insurance","Malware Restoration","1"
"Banking System Reforms","Industrial Credit","1"
"Number System","Logical Comparison","1"
"Buddhist Text Commentaries","Sarvastivada Vinaya","1"
"Time, Speed & Distance","Inequalities","1"
"Consumerism & Environmental Sustainability","Ecological Limits","1"
"Urban Planning & Inclusion","Participatory Planning","1"
"Indian Avifauna","Ceylon Frogmouth","1"
"Natural Fibre Crops","Himalayan Nettle","1"
"Logical Reasoning","Logical Statements","2"
"Climate Policy & Uncertainty","Emissions","1"
"Bond Market Participants","Insurance","1"
"Food Safety Regulation","FSSAI","1"
"Nocturnal Wildlife","Lion-tailed Macaque","1"
"Time, Speed & Distance","Train","1"
"Pallava Rulers & Titles","Mattavilasa","1"
"Biodiversity & Climate Adaptation","Genetic Diversity","2"
"Logical Reasoning","Valid Conclusions","1"
"Number System","Combined Work","1"
"Parliamentary Sessions & Summoning","Parliamentary Calendar","1"
"Carbon Sequestration","Geological Storage","1"
"Attorney General of India","Tenure","1"
"Gandhi Peace Prize Jury","President","1"
"Number System","Best-Worst","1"
"Contempt of Courts","Constitutional Powers","1"
"Governor's Immunities","Article 361","1"
"Biotechnology Regulation & GM Crops","Regulatory Scope","1"
"Number System","Slope","1"
"Number System","Factor Pairs","1"
"Directive Principles Amendments","42nd Amendment","1"
"Rights and Duties","Community Solidarity","2"
"Gandhism and Marxism","Stateless Society","1"
"Number System","Net Change","1"
"DNA Barcoding","Species Identification","1"
"Global Food Security","Market Regulation","1"
"Early Medieval Dynasties Chronology","Cholas","1"
"Indian Philosophers","Nathamuni","1"
"Wildlife Protection Act","Schedule I Protection","1"
"Buddhist Sites","Amaravati","1"
"Employment & Structural Transformation","Job Creation","1"
"Energy Transition & Renewables","Renewable Energy","1"
"Urban Sustainability & Climate Change","Infrastructure","1"
"Innovation Programs","Digital Innovation","1"
"English Education Policy","Anglicist-Orientalist Debate","1"
"Opposition in Democracy","Opposition Role","1"
"Number System","Profit-Loss","1"
"PM Surya Ghar Yojana","Rooftop Solar","1"
"Green Hydrogen Applications","IC Engines","1"
"Logical Reasoning","Anagram","1"
"Dalit Movement Publications","Dalit Journalism","1"
"Education Outcomes & Skills","Learning Levels","1"
"ATM Network","NPCI","1"
"Preamble to the Constitution","Liberty","1"
"Logical Reasoning","Set Relations","2"
"Number System","Digit Constraints","4"
"Contempt of Courts","Contempt of Courts Act 1971","1"
"FRBM Act","Macro Economic Framework Statement","1"
"Federalism","Sarkaria Commission","1"
"Earth Rotation Shift","Mass Redistribution","1"
"Prorogation & Dissolution","President Powers","1"
"Urban Air Pollution Policy","Evidence-Based Policy","1"
"Percentage","Relative Scores","1"
"Number System","Pattern","8"
"Number System","Exponents","3"
"Basic Structure & Judicial Review","Judicial Review","1"
"Agricultural Transformation & Poverty Reduction","Price Incentives","1"
"Bhakti Saints","Kabir","1"
"Democracy & Education","Governance Quality","1"
"National Income Accounting","Non-Commercial Sector","1"
"Percentage","Net Effect","1"
"Indian Dynasties & Kings","Gurjara-Pratihara","1"
"Trust in Markets","Risk","1"
"Government of India Act 1935","Federal Structure","1"
"Permutation & Combination","Interior Cubes","1"
"Number System","Pattern Recognition","10"
"Resource-Rich Countries","Botswana Diamonds","1"
"Writ of Prohibition","Lower Courts","1"
"Poisonous Species","Butterflies","1"
"Buddhist Text Commentaries","Sanghabhuti","1"
"Social Welfare","Nutrition","1"
"Number System","Distinct Digits","5"
"Capital Budget","Capital Receipts","1"
"Number System","3D Partitioning","1"
"Logical Reasoning","Quadratic ComparisonInequalities","1"
"Number System","0<x<1","1"
"Logical Reasoning","Odd/Even","1"
"Ninth Schedule & Judicial Review","Constitutional Amendments","2"
"Decision-Making & Perseverance","Resolution","1"
"Number System","Growth Rate","1"
"Tribal Revolts","Ulgulan","1"
"Number System","Product Modulus","1"
"Zero Tillage","Carbon Sequestration","1"
"Troposphere Thickness","Equatorial Heating","1"
"Ratio & Proportion","Painted Cubes","2"
"Slavery in Arthashastra","Slave Rights","1"
"Logical Reasoning","Graph Paths","3"
"Atmospheric Phenomena","Jet Streams","1"
"Number System","Meeting Intervals","1"
"Viruses & Hosts","Bacteriophages","1"
"Number System","Ordering","4"
"Wet-Bulb Temperature Impacts","Heat Stress","1"
"Democracy & Administrative Competence","Political Accountability","1"
"Urban Waste Management & Drainage","Drainage Systems","1"
"MSME Classification & Priority Sector","MSMED Act","1"
"Chola Expeditions","Srivijaya","1"
"WHO Air Quality Guidelines","Ozone","1"
"Ancient Ports of South India","Poompuhar","1"
"Finance Commission Devolution Criteria","Governance Reforms","1"
"UN Credentials Committee","Member Credentials","1"
"Constitution Amendment Procedure","Presidential Assent","1"
"Adolescent Psychology & Parenting","Parent-Child Relations","1"
"Civil Society & State","Voluntary Associations","1"
"RBI Income Sources","Seigniorage","1"
"Permutation & Combination","Adjacent Constraints","1"
"Dyarchy","Reserved Subjects","1"
"Recirculating Aquaculture System","Nitrification","1"
"Time & Work","Work Rate","1"
"Space-based Gravitational Wave Astronomy","Gravitational Waves","1"
"Number System","Conservation of Quantity","1"
"Land-Sea Thermal Contrast","Specific Heat","1"
"World Rivers & Drainage","Mekong","1"
"Earth's Early Atmosphere","Atmospheric Evolution","1"
"Foreign Investment & Employment","Domestic Investment","1"
"Atmospheric Greenhouse Effect","CO2 Absorption","1"
"Balance of Trade & Current Account","Services Trade","1"
"Number System","Number Line","2"
"Commercialization of Agriculture","Colonial Economy","1"
"Democratic Values","Citizen Participation","1"
"Gandhism and Marxism","Political Ideologies","1"
"Biorock Technology","Coral Reef Restoration","1"
"Home Rule League","Nationalist Organizations","1"
"Distributed Energy Resources","Fuel Cells","1"
"Pneumococcal Conjugate Vaccine","Pneumonia Prevention","1"
"Cyber Attacks","Petya","1"
"10th Schedule Disqualification","Decision Authority","1"
"Bureaucracy in India","Civil Service","1"
"Election Nomination Rules","Representation of People Act","1"
"Number System","Price Comparison","1"
"Indian Handicrafts","Puthukkuli Shawls","1"
"WHO Air Quality Guidelines","PM2.5","1"
"Number System","Diminishing HeightsBounces","1"
"Happiness & Gift-Giving","Mindfulness","1"
"Climate Change Adaptation","Farmer Risk Perception","1"
"Skill Development","NSQF","1"
"Writ Jurisdiction","Mandamus","1"
"Time, Speed & Distance","Distance","1"
"Industrial Revolution Impact on India","Deindustrialization","1"
"Fuel Cell Vehicles Emissions","Hydrogen","1"
"Coal Gasification Products","Ethanol","1"
"Number System","Differences","1"
"National Pension System","Eligibility Rules","1"
"Profit & Loss","Marked Price","1"
"Permutation & Combination","Binary Strings","1"
"15th Finance Commission Recommendations","Devolution Share","1"
"Right to Education & Quality","Curricular Reform","5"
"Food Loss & Waste","Land Degradation","1"
"Handloom Sector Modernization","Viability","1"
"ATM Network","Payment Systems","1"
"Niger Seed Cultivation","Tribal Use","1"
"Kishangarh School of Painting","Rajasthani Schools","1"
"Number System","Digit Sum","9"
"Climate and Clean Air Coalition","Short-Lived Climate Pollutants","1"
"Number System","Percentage to Degrees","1"
"Number System","Currency Notes","1"
"Tidal Phenomena","Chandipur","1"
"Biorock Technology","Mineral Accretion","1"
"Indian Princely States Policy","Paramountcy","1"
"Astronomy Objects","Cepheids","1"
"Indian Ports","Visakhapatnam Port","1"
"Number System","Interest Rates","1"
"Coal Pollution & Ash","SO2/NOx","1"
"Banking Reforms & NPAs","Structural Reforms","1"
"Number System","Logic Games","1"
"Indian Wetlands & Lakes","Rudrasagar","1"
"Financial Instruments","Currency Swaps","1"
"Food Price Policy","Consumer Subsidies","1"
"Number System","Combinations","2"
"Ratio & Proportion","Linear Ratios","1"
"WTO TRIMs Agreement","Trade in Goods","1"
"Medieval Administrative Terms","Revenue Terms","1"
"Number System","Rate Calculation","1"
"Conservation & Biodiversity","Wildlife Conservation","5"
"Organic Farming Risks","Regulation","2"
"State-Level Climate Action","Adaptation","1"
"Banking Technology","Financial Inclusion","1"
"WTO Agreements","Technology Applications","1"
"Indian Ocean Naval Symposium","Maritime Cooperation","1"
"Number System","Movement","2"
"Sustainable Agriculture Practices","Legume Intensification","1"
"CRISPR-Cas9","Molecular Scissors","1"
"Bengal Exports","Cotton","1"
"Community Reserve","Wildlife Protection Act","1"
"Skill Development Programs","Recognition of Prior Learning","1"
"Paris Agreement Article 6","Non-market Mechanisms","1"
"President's Rule","State Legislature","1"
"Number System","Series","5"
"Coriolis Force","Wind Velocity","1"
"Green Hydrogen for Heavy Industry","Steel","1"
"Globalization & Economic Sovereignty","Supply Chains","1"
"Sustainable Development & Energy Transition","Recycling","1"
"Purchasing Power Parity","PPP Exchange Rates","1"
"Ecosystem Valuation","TEEB Initiative","1"
"Averages","Arithmetic Progression","1"
"Space-based Gravitational Wave Astronomy","Laser Interferometry","1"
"Number System","Pythagoras","1"
"Economic Liberalization","Export Growth","1"
"Historical Injustice & Social Discrimination","Untouchability","2"
"Education Equity","Equality of Opportunity","1"
"Plastics in Products","Cigarette Filters","1"
"Swadeshi Movement","National Council of Education","1"
"Time, Speed & Distance","Circular Motion","2"
"Logical Reasoning","Substitution Cipher","1"
"Digital Rupee","CBDC","1"
"Permutation & Combination","Numbering","1"
"Constitutional Bodies","NHRC","1"
"Number System","Odd-Even","1"
"Gandhi Peace Prize Jury","CJI","1"
"Number System","Modular ArithmeticPowers of 9","1"
"Time, Speed & Distance","Direction Sense","2"
"Ministerial Eligibility & Disqualification","Six-Month Rule","1"
"Number System","Number Properties","2"
"Soil Properties & Salinization","Sulphur Cycle","1"
"Work & Leisure","Work Ethic","1"
"Wood's Dispatch","1854","1"
"Logical Reasoning","Pattern Mapping","2"
"Employment & Economic Growth","Employment Elasticity","1"
"Truthfulness & Morality","Honesty","1"
"Swadeshi Literature","Nationalism in Bengal","1"
"Devolution & Decentralization","Grassroots Participation","1"
"Right to Education","RTE Act","1"
"Privacy Rights & State Responsibility","Digital Society","1"
"Ganga Tributaries Sequence","Gandak","1"
"Isotherms","Ocean-Continent Contrast","1"
"Space-based Gravitational Wave Astronomy","eLISA Mission","2"
"Number System","Comparative Statements","1"
"Land Reforms","Ceiling Laws","1"
"Chess Olympiad 2022","Trophy Names","1"
"Wildlife Protection Law","Protected Species","1"
"Carnatic Composers","Annamacharya","1"
"Ninth Schedule & Judicial Review","Judicial Review","2"
"Number System","Max Area","1"
"National Income Accounting","Measurement Issues","1"
"Fractional Orbital Bombardment System","Orbital Missile","1"
"Regions & Countries","Normandy","1"
"National Movements & Organizations","Peasant Movements","1"
"Capital-Output Ratio","Output Growth","1"
"Lead Bank Scheme","Rural Credit","1"
"Indian Laws & Offences","Evidence Act","1"
"Constitutional Provisions Mapping","Fundamental Duties","1"
"Prison Administration","State Subject","1"
"Indian Physiography","Pulicat Lake","1"
"Number System","Value Calculation","1"
"Equality & Democracy","Equal Standing","1"
"Permutation & Combination","Counting","11"
"Number System","Distance","3"
"Quantum Computing & AI","Deep Learning","1"
"Scheduled Areas Governance","Fifth Schedule","1"
"Constitution Amendment Procedure","Special Majority","1"
"UNCCD","Innovation Programs","1"
"EU Net-Zero Industry Act","Clean Tech","1"
"Scheduled Tribes Recognition","State-specific","1"
"Invasive Species","Biodiversity","1"
"Demographic Dividend","Workforce Structure","1"
"Tiger Monitoring Systems","Tiger Reserves","1"
"Climate-Smart Agriculture","Global Alliance","1"
"Protected Areas","Wayanad","1"
"Accelerometer Applications","Screen Rotation","1"
"Bioenergy Sustainability","Sustainable Biofuels","1"
"Indian Freedom Struggle","Royal Indian Navy Mutiny","1"
"Biochar in Agriculture","Water Retention","1"
"Wildlife Trade Monitoring","UNEP","1"
"Equity Options Market","SEBI Oversight","1"
"Early Political Associations","Madras Mahajana Sabha","1"
"Constitution Day","Constituent Assembly","1"
"Pulse Crops in India","Black Gram","1"
"Fiscal-Monetary Policy Interaction","Fiscal Policy","1"
"Wildlife Trade Monitoring","Wildlife Conservation","1"
"Biofilms","Surface Colonies","1"
"Non-Cooperation Movement","Phased Strategy","1"
"Number System","Logic Constraints","1"
"Number System","Sequence Counting","1"
"Number System","Logic","1"
"Permutation & Combination","Sums","1"
"Atmospheric Dust Distribution","Subtropics","1"
"Coal Controller?s Organization","Coal Statistics","1"
"Economic Liberalization & Role of State","Jobless Growth","1"
"Economic Insecurity & Inequality","Economic Anxiety","1"
"Permutation & Combination","3D Geometry","1"
"Sports Awards in India","Dronacharya","1"
"Red Sea Characteristics","No River Inflow","1"
"Logical Reasoning","Comparative Statements","7"
"Number System","Arrangement","1"
"Buddhist Sects","Mahayana","1"
"Number System","Numbers","1"
"3D Printing Applications","Manufacturing","1"
"Crop Diversity & Food Security","Monoculture Risks","1"
"Global Oxygen Production","Phytoplankton","1"
"Logical Reasoning","Unit Conversion","1"
"Conservation Agriculture","Crop Rotation","1"
"Fungi Properties","Insecticidal","1"
"Education for Citizenship","Critical Thinking","1"
"Supreme Court Powers","Article 142","1"
"Sports Awards in India","Arjuna","1"
"Permutation & Combination","5x5x5","1"
"Longest International Border","Canada-USA","1"
"Panchayats","Structure","1"
"Pollination & Evolutionary Function","Natural Selection","1"
"Chief of Defence Staff Roles","Military Advisor","1"
"Boards & Ministries","National Board","1"
"Number System","Modular Arithmetic","8"
"Flag Code of India","Flag Ratio","1"
"International Date Line Effect","Anadyr","1"
"Popular Sovereignty","Consent of the Governed","1"
"Portuguese Introduced Crops","Pineapple","1"
"UNESCO World Heritage 2023","Hoysala Temples","1"
"Remote Sensing Applications","Vegetation","1"
"Bills Lapse on Dissolution","Joint Sitting","1"
"Greenhouse Effect & Atmospheric Heating","Terrestrial Radiation","1"
"Aerospace Technology","Electric Aircraft","1"
"MSP Procurement Policy","Procurement Limits","1"
"Social Media & Democracy","Platform Incentives","1"
"Permutation & Combination","Painted Cubes","2"
"Organic Farming Risks","Safe Practices","1"
"Permutation & Combination","Prime Numbers","1"
"Glaciers and Rivers","Siachen","1"
"Lakes in India","Kodaikanal","1"
"Groundwater Regulation in India","Central Ground Water Authority","1"
"Agricultural Households","Rural Livelihoods","5"
"Logical Reasoning","Evaluation","1"
"Ajanta Cave Paintings","Buddhist Art","1"
"Pulse Crops in India","Kharif/Rabi Pulses","1"
"Governor Discretion & Bills","Discretionary Powers","1"
"Percentage","Percent Increase","1"
"Value of Research","Utility of Findings","1"
"Fiscal Indicators","Fiscal Deficit","1"
"Legal Services Authorities Act","Eligibility Criteria","1"
"Number System","Alphabet","2"
"Nutrition Security & Food Systems","Food Policy","1"
"Sanskrit & Jain Literature","Devichandragupta","1"
"Household Financial Savings & Public Debt","Internal Debt","1"
"Ratio & Proportion","Counting","2"
"Greenhouse Effect & Atmospheric Heating","Greenhouse Gases","1"
"Sustainable Aviation Fuel","Corn","1"
"Permutation & Combination","Non-divisible","1"
"Wildlife Corridors & Conservation","Human-Wildlife Conflict","2"
"Portuguese Introduced Crops","Guava","1"
"Pollination Ecology","Insect Pollinators","1"
"Mughal Painting","Album Paintings","1"
"India?s Regional Trade","South Asia","1"
"Number System","Counting","3"
"Permutation & Combination","Cube Coloring","1"
"Constitution Day","26 November","1"
"Choice Overload","Behavioral Economics","1"
"Nocturnal Wildlife","Sambar","1"
"Unified Payments Interface","Digital Payments","1"
"Foreign Direct Investment","Non-debt Capital","1"
"Number System","Cyclic Scheduling","1"
"Child Labour","ILO Convention 182","1"
"Tropical Peatlands","Carbon Storage","1"
"Cultural Festivals & Communities","Chaliha Sahib Festival","1"
"Time & Work","Increased Workload","1"
"Number System","Symmetry","1"
"Rights and Duties","Constitutional Duties","1"
"Corporate Capitalism & Growth","Welfare Effects","1"
"Hundi","Indigenous Banking","1"
"Number System","Tele-density","1"
"Solar Water Pump Technology","Surface vs Submersible Pumps","1"
"Climate Change & Migration","Climate Refugees","1"
"Industrial Farming & Sustainability","Factory Farming","1"
"Inflation Measurement","CPI vs WPI","1"
"Deciduous Trees","Mahua","1"
"Lok Sabha Exclusive Powers","Money Bills","1"
"Rock Permeability","Chalk Porosity","1"
"Number System","HCF","1"
"Political Development & Group Identity","Social Cleavages","1"
"Cornwallis Revenue Settlements","Permanent Settlement","1"
"Polar Code","Safety of Ships","1"
"Global Oxygen Production","Rainforests","1"
"Right to Equality","Untouchability","1"
"MSP Procurement Policy","MSP","1"
"Quality Standards & Certification","BIS Standard Mark","1"
"System of Rice Intensification","Methane Reduction","1"
"Hydrofluorocarbons Applications","Fire Retardants","1"
"RTGS vs NEFT","Timings","1"
"Logical Reasoning","Family RelationsRelations","2"
"Organization of Turkic States","Azerbaijan","1"
"Number System","Skewness","1"
"Fifth Schedule Areas","Governance","1"
"Number System","Compounding","1"
"Parliamentary Procedures","Executive Accountability","1"
"Parliamentary Sessions & Summoning","President's Powers","1"
"Ratio & Proportion","Equivalent Weights","1"
"Economic Liberalization & Role of State","Employment","1"
"Non-Cooperation Movement","Swaraj Objective","1"
"International Agreements & Initiatives","Under2 Coalition","1"
"Wealth & Failure","Money Accumulation","1"
"Indian National Movement","Leaders","1"
"PET","Recycling","1"
"Open-source Digital Platforms","DIKSHA","1"
"Education Outcomes & Skills","Curriculum Alignment","1"
"Water Conservation in Agriculture","Rainwater Harvesting","1"
"Biochar in Agriculture","Nitrogen Fixing Microbes","1"
"Radiative Cooling & Clouds","Cloud Cover","1"
"Logical Reasoning","Constraint Satisfaction","1"
"Social Cost of Carbon","Climate Economics","1"
"Senkaku Islands Dispute","East China Sea","1"
"Number System","Unit Digit","1"
"Time & Work","Inverse Proportion","1"
"External Sector Resilience","Short-term Borrowings","1"
"Time, Speed & Distance","Relative Motion","1"
"Water Pollution Indicators","Biological Oxygen Demand","1"
"IRNSS/NavIC","Satellite Orbits","1"
"Percentage","Successive Percentage","1"
"Tea Board of India","Export Promotion","1"
"Ratio & Proportion","Volume Ratio","1"
"Indian Squirrels Behavior","Omnivory","1"
"Number System","Socioeconomic","2"
"Lead Bank Scheme","Service Area Approach","1"
"Commercialization of Agriculture","Export Crops","1"
"Wetland Ecosystem Services","Pollution Filtration","1"
"Pneumococcal Conjugate Vaccine","Antibiotic Resistance","1"
"Buddha Epithets","Shakyamuni","1"
"Number System","Basic Probability","1"
"Water Resource Management","Reservoirs","1"
"Agrobiodiversity Loss","Crop Diversity","1"
"Resource-Rich Countries","Chile Lithium","1"
"GPS Applications","Power Grids","1"
"Indian Ports","Kamarajar Port","1"
"Ashokan Administration","Rajuka","1"
"Value of Research","Knowledge Value","1"
"Planning in India","Industrial Policy","1"
"Permutation & Combination","Arrangements with Constraints","1"
"Acid Rain Causes","Nitrogen Oxides","1"
"Constitutional Bodies","Zonal Councils","1"
"Faxian in India","Chandragupta II","1"
"Constitutional Bodies","Inter-State Council","1"
"Logical Reasoning","Ordering","2"
"Ratio & Proportion","Adult-Child Equivalence","1"
"Number System","Ratios","3"
"India?s Regional Trade","India-Sri Lanka Trade","1"
"Education for Citizenship","Social Issues","1"
"Number System","Sum of 4-digit numbers","1"
"COVID-19 Vaccines","Covaxin","1"
"Logical Reasoning","Logical Sequence","1"
"Gandharva Mahavidyalaya","Vishnu Digambar Paluskar","1"
"Deforestation & Desertification","Water Scarcity","1"
"Logical Reasoning","Statement Evaluation","2"
"High-Energy Explosives","HMX","1"
"Nutrition Security & Food Systems","Non-Communicable Diseases","1"
"Cobalt ?????????????????????","EV Batteries","1"
"Number System","Missing Digit","1"
"Equator & Water Bodies","Patos Lagoon","1"
"Human Capital Formation","Skills","1"
"Poverty Measurement","Poverty Line","1"
"Plastic in Chewing Gum","Microplastics","1"
"Corporate Social Responsibility Rules","CSR Eligibility","1"
"Ageing Population Countries","Japan","1"
"Rivers & Cities","Indian Rivers","1"
"Averages","Sports Statistics","1"
"Arctic Geopolitics & Resources","Polar Governance","1"
"Capital Budget","Loans & Advances","1"
"Time, Speed & Distance","Speed","1"
"Dyarchy in India","Provincial Subjects","1"
"GDPR","Privacy","1"
"Time, Speed & Distance","Train/Tram Length","1"
"Gandhi Peace Prize Jury","PM","1"
"Capital-Output Ratio","Investment Efficiency","1"
"Number System","Sequence","6"
"Keystone Species & Seed Dispersal","Frugivores","1"
"Science & Social Responsibility","Ethics of Science","1"
"SO2 Emissions Source","Fossil Fuel Power Plants","1"
"Volcanic Eruption Products","Pyroclastics","1"
"President's Rule","State Governance","1"
"Elephants as Keystone Species","Ecosystem Services","1"
"Stellar Evolution","Nuclear Reaction Rates","1"
"Marsupials & Biogeography","Habitat Constraints","1"
"PET","Fibre Blends","1"
"Lokpal Provisions","Jurisdiction","1"
"Tropical Peatlands","Congo Basin","1"
"Cotton Cultivation Requirements","Climatic Requirements","1"
"Ancient Irrigation Devices","Araghatta","1"
"Paleoclimate Change","Mass Extinction","1"
"Remote Sensing Applications","LST","1"
"PET","Polyethylene Terephthalate","1"
"Non-Financial Debt","Consumer Credit","1"
"Gandhi-Irwin Pact","Round Table Conference","1"
"Swadeshi Literature","Desher Katha","1"
"Nocturnal Wildlife","Malabar Civet","1"
"Carbon Capture & Sequestration","Mineralization","1"
"Number System","Arithmetic Progression","2"
"Indian Fauna Distribution","Ladakh Camel","1"
"Number System","Effective Rate","1"
"Scheduled Areas Administration","Reports","1"
"Time, Speed & Distance","Time","1"
"Number System","Unit Cost","1"
"Freedom Fighters","Nationalist Leaders","1"
"Ratio & Proportion","Fractions","1"
"Number System","Dates","1"
"Biotechnology Regulation & GM Crops","Socio-economic Impacts","1"
"Ancient Indian Literature","Shunga Dynasty","1"
"Green Technology Transition","Transition Costs","1"
"Ratio & Proportion","Concentration","1"
"Wildlife Corridors","Western & Eastern Ghats","1"
"National Career Service","Skill Development","1"
"Urban Planning & Inclusion","Urban Poor","1"
"Antarctic Climate Change","Glacier Melt","1"
"Logical Reasoning","Relation Symbols","1"
"Global Governance Indices","World Bank","1"
"Sustainable Development & Energy Transition","Clean Energy","1"
"Value of Research","Research Outcomes","1"
"Number System","Divisors","1"
"National Career Service","Employment Services","1"
"E-Waste Rules","Extended Producer Responsibility","1"
"Coal Pollution & Ash","High Ash Coal","1"
"Number System","Telecom Infrastructure","1"
"Accelerometer Applications","Free-fall Detection","1"
"Truthfulness & Morality","Ethics","1"
"Logical Reasoning","Blood Relations","2"
"UNOPS S3i Investments","Affordable Housing","1"
"Unnat Bharat Abhiyan","Higher Education Outreach","1"
"Earth Rotation Shift","Polar Ice Melt","1"
"Mercury Pollution","Health Risk","1"
"Circular Economy & Battery Recycling","Circular Use","1"
"Constitutional Philosophy","Preamble","1"
"Food Safety & Globalization","Foodborne Illness","1"
"Money Market Instruments","Certificate of Deposit","1"
"Inclusive Innovation & Inequality","Income Inequality","1"
"Vijayanagara Irrigation Works","Tungabhadra Dam","1"
"Intangible Assets","Brand Recognition","1"
"Profit & Loss","Reverse Transactions","1"
"Number System","Code Patterns","2"
"Historical Lessons for Leadership","Military History","1"
"Logical Reasoning","Deductive Logic","9"
"Environmental Institutions","Central Pollution Control Board","3"
"Consumer Product Safety","Brominated Vegetable Oils","1"
"Agro-biodiversity & Food Security","Green Revolution","1"
"Indian Flying Fox","Frugivory","1"
"Speaker of Legislative Assembly","Speaker Tenure","1"
"Scheduled Areas Administration","Governor","1"
"Government of India Act 1935","Federal Subjects","1"
"Number System","Multiples","1"
"Quality Standards & Certification","AGMARK","1"
"Ecosystem Conservation vs Livelihoods","Ecosystem Degradation","1"
"Indian Military Aircraft Types","IL-76","1"
"Hepatitis Viruses","Hepatitis B","1"
"Number System","Cycles","1"
"Military Coups in Africa","Chad","1"
"Water Ecosystems & Policy","Ecosystem-based Water Management","1"
"Archaeological Sites","Chandraketugarh","1"
"Inland Water Bodies","Lake Baikal","1"
"Kho Kho World Cup 2025","Scores","1"
"Money Bill","Article 110","1"
"Qubit","Superposition","1"
"Artificial Rainmaking","Cloud Seeding","1"
"Harijan Upliftment","Poona Pact","1"
"Climate Adaptation & Food Security","Integrated Pest Management","1"
"Logical Reasoning","Natural Numbers","1"
"Ancient Land Measurement","Agrarian Terminology","1"
"Leader of Opposition","Parliamentary Opposition","5"
"Adolescent Psychology & Parenting","Adolescence","1"
"Number System","Products","1"
"Social Media & Democracy","Digital Inclusion","1"
"Ocean Mean Temperature","Monsoon Forecasting","1"
"Number System","Even/Odd","1"
"Coastal Geomorphology","Rann of Kutch","1"
"Bengal Exports","Silk","1"
"Ratio & Proportion","Surface Area","1"
"Climate-Smart Agriculture","Climate Summit","1"
"Time, Speed & Distance","Sum of Distances","1"
"Speaker Removal Procedure","Presiding","1"
"Number System","Distinct Factors","1"
"Buddhist Sects","Sarvastivadin","1"
"Education System & Learning Outcomes","Skill Development","1"
"Permutation & Combination","Number Formation","1"
"Circular Economy Benefits","Emissions Reduction","1"
"Fig-fig Wasp Mutualism","Pollination","1"
"Venezuela Economy & Oil","Economic Recovery","1"
"Adolescent Psychology & Parenting","Autonomy","1"
"Indian Dynasties & Kings","Paramara","1"
"Logical Reasoning","Remainder","1"
"Probiotics","Lactose Digestion","1"
"Payment Data Localization","RBI Directives","1"
"Barren Island Volcano","Great Nicobar","1"
"Privacy Rights & State Responsibility","State Regulation","1"
"Permutation & Combination","Geometry","2"
"Indirect Transfers","Indirect Transfer Rules","1"
"Logical Reasoning","Fractions","1"
"Indirect Transfers","Taxation","1"
"Dancing Girl","Bronze SculptureMohenjo-daro","1"
"Number System","Primes","2"
"Net-Zero Transition","Incentives","1"
"Industrial Relations Legislation","Strikes","1"
"Number System","Units","1"
"Equity Options Market","Derivatives Market","1"
"Sterilization Operations","Open Market Operations","1"
"Federalism","Governor","1"
"Environmental Management","Pollution Control","3"
"Genomic Breeding","Disease Resistance","1"
"Time, Speed & Distance","Arrangements","1"
"Number System","Sector Angle","1"
"Wearable Technology","Sensors","1"
"Time, Speed & Distance","Geometry","1"
"Carbon Markets","Climate Policy","1"
"Number System","Algebraic Comparison","1"
"Indian Lakes & River Systems","Wular Lake","1"
"Percentage","Marks","1"
"Office of Profit","Disqualification","1"
"Overwork & Self-Improvement","Overstrain","1"
"Number System","Parity","3"
"President's Rule","Article 356","2"
"Champaran Satyagraha","National Movement","1"
"Economic Liberalization","FDI Inflows","1"
"Parasitoid Species","Wasps","1"
"Indian Forest Act","Rights","1"
"Barasingha Conservation","Swamp Deer","1"
"National Pension System","Pension Policy","1"
"Number System","Calendar Arithmetic","1"
"Logical Reasoning","Digit Constraints","1"
"Profit & Loss","Allegation","1"
"Logical Reasoning","Circular Arrangement","1"
"Wood's Dispatch","Grants-in-Aid","1"
"Number System","Weekday Counting","2"
"Cyber Insurance","Cyber Extortion","1"
"Green Hydrogen Applications","Fuel Cells","1"
"Capabilities Approach to Poverty","Human Development","1"
"Tea-Producing States","Assam","1"
"Indian History","Ancient/Medieval/Modern History","1"
"Number System","Divisibility","10"
"Green Technology Transition","Path Dependence","1"
"Number System","Odd Numbers","1"
"Logical Reasoning","Sum and Product","1"
"Public Health & Productivity","Nutrition","1"
"Number System","Demography","1"
"AR & VR Technologies","Virtual Reality","1"
"Industrial Relations Legislation","Trade Disputes Act 1929","1"
"Vijayanagara Temple Architecture","Kalyana Mandapa","1"
"Indian History","Historical Comparisons","1"
"Import Cover","Technology Applications","1"
"Monoclonal Antibodies","Therapeutics","1"
"Time, Speed & Distance","Race","1"
"Logical Reasoning","Allocation","1"
"Cloud Radiative Effects","High vs Low Clouds","1"
"Number System","Mean-Median-Mode","1"
"Logical Reasoning","Logical Deductions","3"
"Constitution Amendment","Variation","1"
"Devolution & Decentralization","Political Legitimacy","1"
"Cybersecurity Reporting","IT Act","1"
"India-EU Trade Agreement","Trade Negotiations","1"
"State Formation & Features","Arunachal","1"
"Astrophysics & Cosmology","Event Horizon","1"
"Astronomy Objects","Nebulae","1"
"Wildlife Protection Act","Schedules","1"
"Profit & Loss","Effective Discount","1"
"Number System","Litres","1"
"Monazite & Rare Earths","Thorium","1"
"Aerospace Technology","NASA Technology","1"
"Refugee Settlements in Kenya","Dadaab","1"
"Carbon Sequestration Technology","Mineral Carbonation","1"
"Ease of Doing Business Index","World Bank","1"
"Prison Administration","Prisons Act 1894","1"
"E-commerce FDI Rules","Marketplace Model","1"
"Food Prices & Demand","Fuel Prices","1"
"Freedom Fighters","Biographies","1"
"Native Trees","Cashew","1"
"Agricultural Heritage Systems","GIAHS","1"
"Vijayanagara Irrigation Works","Devaraya I","1"
"Organic Farming Risks","Farmer Guidance","1"
"Permutation & Combination","Grid","2"
"Nuclear Security Governance","Fissile Material Monitoring","1"
"Number System","Letter Pattern","1"
"Agricultural Heritage Systems","Traditional Farming Systems","1"
"Regional Connectivity Projects","Trilateral Highway","1"
"Number System","Coins","1"
"BRICS 16th Summit","Kazan","1"
"Percentage","Distance","1"
"COP28 Climate & Health Declaration","Health Sector Decarbonization","1"
"Climate Policy & Uncertainty","Technological Uncertainty","1"
"Slavery in Arthashastra","Legal Status","1"
"Political Development & Group Identity","Traditional vs Modern Identities","1"
"Global Governance Indices","Ease of Doing Business Index","1"
"Percentage","Vote Share","1"
"Logical Reasoning","Word Coding","1"
"Number System","Transitivity","1"
"Number System","XYZXYZ","1"
"Number System","Arithmetic Logic","1"
"Niger Seed Cultivation","MSP","1"
"Organization of Turkic States","Uzbekistan","1"
"Percentage","Profit","1"
"Credit Rating Agencies","Regulation","1"
"Permutation & Combination","Constraints","9"
"Urban Development Cooperation","APMCHUD","1"
"India Exports & PLI Scheme","Production-linked Incentive","1"
"Rule of Law","Civil Rights","1"
"Cobalt ?????????????????????","DRC Production","1"
"IAEA Additional Protocol","Nuclear Safeguards","1"
"Number System","Divisor Function","1"
"Number System","Carry","1"
"Number System","Run Rate","1"
"Parliamentary Oversight of Regulators","Regulatory Review","1"
"Coal Gasification Products","Nitroglycerine","1"
"Number System","Egyptian Fraction","1"
"Ratio & Proportion","Capacity","1"
"General Relativity","Gravity","1"
"Peacock Tarantula","Arboreal Species","1"
"UN Convention against Corruption","UN Treaty","1"
"Solar Power Projects in India","Solar Parks","1"
"Directive Principles of State Policy","DPSP","1"
"Extremophiles","Thermophiles","1"
"Number System","Broken Tree","1"
"Invasive Species","Biodiversity Loss","1"
"Indian Ocean Dipole","Monsoon","1"
"GM Food Import Rules","Trade Policy","1"
"Digital Rupee","Convertibility","1"
"Emerging Technologies","Belle II","1"
"Native Trees","Papaya","1"
"COVID-19 Vaccines","Covishield","1"
"Number System","Schedule vs Actual","1"
"Sustainable Development & Energy Transition","Clean Energy Access","1"
"Activated Carbon Adsorption","Heavy Metals","1"
"Drone Applications","Wildlife Sampling","1"
"Time, Speed & Distance","Number Formation","2"
"Time, Speed & Distance","Relative Speed","6"
"Household Air Pollution","Clean Cooking Fuels","1"
"Logical Reasoning","Set Constraints","1"
"Number System","Reverse","1"
"Number System","Statements","1"
"Syndicated Lending","Loan Structure","1"
"Logical Reasoning","Logical Conclusions","1"
"Kisan Credit Card","Consumption Needs","1"
"Social Contract & General Will","Rousseau","1"
"Plant vs Animal Cells","Vacuoles","1"
"Multilateral Financing Institutions","Public-Private Partnerships","1"
"Number System","Upstream/Downstream","1"
"Ratio & Proportion","Ranking","1"
"Environmental Toxicology","Stem Cell Assays","1"
"Air Pollution & AQI","Health Impacts of Air Pollution","1"
"Ecosystem Conservation vs Livelihoods","Commercial Exploitation","1"
"Higher Education Pedagogy","Teaching Reform","1"
"Ratio & Proportion","Ratio","4"
"Number System","Counting Divisors","1"
"Plant Defense & Pest Control","Plant-Insect Interaction","1"
"Permutation & Combination","Factors","1"
"Antibiotic Resistance & Livestock","Growth Promoters","1"
"Nutrition Security & Crop Diversity","Food Policy","1"
"Botanical Pesticides & Sustainable Agriculture","Ecological Balance","1"
"GM Technology & IPR","Crop Resilience","2"
"Air Pollution & AQI","Air Quality Index","1"
"Lokpal Provisions","Eligibility","1"
"Number System","Number Patterns","3"
"Ethnic Conflicts","Innovation Programs","1"
"Nuclear Fuel & Power Generation","Uranium Enrichment","1"
"Vidyanjali Scheme","Public-Private Participation in Education","1"
"Number System","Custom Operation","2"
"Minor Minerals Regulation","State vs Central Powers","1"
"Wildlife Protection Act Schedule VI","Protected Plants","1"
"Constitution Amendment","Addition","1"
"Number System","Total Sales","1"
"Modern Indian Timeline","Arya Samaj","1"
"Number System","Right Triangle","1"
"India?s Regional Trade","India-Bangladesh Trade","1"
"Governor's Immunities","Governor Emoluments","1"
"71st Amendment Languages","Nepali","1"
"Greenfield Airports","Donyi Polo","1"
"Number System","Diagonal","1"
"Number System","Fuel Price","1"
"Permutation & Combination","Combinatorics","10"
"Battery Cathode Materials","Nickel","1"
"Number System","Bar Graph","1"
"British Colonial Rule","Mahatma Gandhi","1"
"Ecosystem Resilience & Climate Change","Small Mammals","1"
"Number System","Leap Year","3"
"IAEA Additional Protocol","Civilian Nuclear Program","1"
"Employment & Structural Transformation","Services","1"
"Total Fertility Rate","Demographic Indicators","1"
"Capital Adequacy Ratio","Basel Norms","2"
"Number System","Alternating Constraints","1"
"Cement Industry Emissions","Clinker Production","1"
"Permutation & Combination","Color Arrangements","1"
