"questionId","year","subject","questionType","reasoning_type","difficulty","static_vs_dynamic","suggested_difficulty","suggested_static_vs_dynamic","suggested_reasoning_type","passage_id","suggested_passage_id","question_nature","suggested_question_nature","primary_concept","concepts","concept_suggestions","questionText","question_intent","cognitive_level","trap_type","secondary_subject","error_prone_area","confidence_level","trend_tag","set_id","set_type"
"UPSC_2016_CSAT_Q1","2016","Aptitude","mcq_standard","Reading Interpretation","medium","static","medium","static","","CSAT_2016_P1","","","","Governance Accountability","Internal vs External Accountability; Civil Services Reform","",",Q1. According to the passage, which of the following factors led to the adverse consequences for governance/public administration? Inability of civil services to strike a balance between internal and external accountabilities Lack of sufficient professional training to the officers of All India Services Lack of proper service benefits in civil services Lack of Constitutional provisions to define the respective roles of professional civil services vis-?-vis political executive Select the correct answer using the code given below: (a) 1 only (b) 2 and 3 only (c) 1 and 4 only (d) 2, 3 and 4,","Reading Interpretation","L2","Inference Trap","","Incomplete Inference","High","Declining","CSAT_2016_P1","Passage"
"UPSC_2016_CSAT_Q10","2016","Aptitude","mcq_standard","Reading Interpretation","medium","static","medium","static","","CSAT_2016_SET_1","","","","Propositional Logic","Propositional Logic","",",Q10. Consider the following statement: ?We shall go either for a picnic or for trekking.? Which of the following, if true, would falsify this claim? (a) We go for a picnic but not for trekking (b) Activities such as picnic and trekking are encouraged by the health authorities (c) We go for trekking and not for picnic (d) We do not go either for picnic or for trekking,","Reading Interpretation","L2","Inference Trap","","Incomplete Inference","High","Repeating","CSAT_2016_SET_1","Passage"
"UPSC_2016_CSAT_Q11","2016","Aptitude","mcq_standard","Reading Interpretation","medium","static","medium","static","","CSAT_2016_SET_1","","","","Set Logic","Set Logic","",",Q11. There were 50 faculty members comprising 30 males and the rest females. No male faculty member knew music, but many of the female faculty members did. The Head of the institution invited six faculty members to a tea party by draw of lots. At the party it was discovered that no member knew music. The conclusion is that: (a) the party comprised male faculty members only (b) the party comprised only those female faculty members who could not give renditions in music (c) the party comprised both male and female faculty members (d) nothing can be said about the gender composition of the party,","Reading Interpretation","L2","Inference Trap","","Incomplete Inference","High","Repeating","CSAT_2016_SET_1","Passage"
"UPSC_2016_CSAT_Q12","2016","Aptitude","mcq_standard","Reading Interpretation","medium","static","medium","static","","CSAT_2016_SET_1","","","","Arrangement Logic","Arrangement Logic","",",Q12. Five people A, B, C, D and E are seated about a round table. Every chair is spaced equidistant from adjacent chairs. (i) C is seated next to A (ii) A is seated two seats from D (iii) B is not seated next to A On the basis of above information, which of the following must be true? D is seated next to B E is seated next to A D and C are separated by two seats Select the correct answer using the code given below: (a) 1 only (b) 1 and 2 only (c) 3 only (d) Neither 1 nor 2 nor 3,","Reading Interpretation","L2","Inference Trap","","Incomplete Inference","High","Repeating","CSAT_2016_SET_1","Passage"
"UPSC_2016_CSAT_Q13","2016","Aptitude","mcq_standard","Numerical Optimization","medium","static","medium","static","","","","","","LCM / Cyclic Scheduling","LCM; Cyclic Scheduling","",",Q13. There are five hobby clubs in a college ? photography, yachting, chess, electronics and gardening. Gardening meets every 2nd day Electronics every 3rd day Chess every 4th day Yachting every 5th day Photography every 6th day How many times do all five clubs meet on the same day within 180 days? (a) 5 (b) 18 (c) 10 (d) 3,","Concept Application","L3","None","","Equation Setup Error","High","Repeating","",""
"UPSC_2016_CSAT_Q14","2016","Aptitude","mcq_standard","Logical Deduction","medium","static","medium","static","","","","","","Logical Deduction (Constraint System)","Linear Equations","",",Q14. There are some nectar-filled flowers on a tree and some bees are hovering on it. If one bee lands on each flower, one bee will be left out If two bees land on each flower, one flower will be left out The number of flowers and bees respectively are: (a) 2 and 4 (b) 3 and 2 (c) 3 and 4 (d) 4 and 3 Directions for the following 5 (five) items There are five persons in a group ? P, Q, R, S and T. The group has one doctor, one lawyer and one artist. P and S are unmarried students. T is a man married to one of the group members. Q is the brother of P and is neither doctor nor artist. R is not a doctor.,","Elimination Logic","L4","Constraint Satisfaction Trap","","State Construction Failure","High","Repeating","CSAT_2016_LOGIC_SET_1","Constraint System"
"UPSC_2016_CSAT_Q15","2016","Aptitude","mcq_standard","Reading Interpretation","medium","static","medium","static","","CSAT_2016_SET_1","","","","Logical Deduction","Logical Deduction","",",Q15. Who is the doctor? (a) T (b) P (c) Q (d) R,","Reading Interpretation","L2","Inference Trap","","Incomplete Inference","High","Repeating","CSAT_2016_SET_1","Passage"
"UPSC_2016_CSAT_Q16","2016","Aptitude","mcq_standard","Reading Interpretation","medium","static","medium","static","","CSAT_2016_SET_1","","","","Logical Deduction","Logical Deduction","",",Q16. Who is the artist? (a) P (b) Q (c) R (d) T,","Reading Interpretation","L2","Inference Trap","","Incomplete Inference","High","Repeating","CSAT_2016_SET_1","Passage"
"UPSC_2016_CSAT_Q17","2016","Aptitude","mcq_standard","Reading Interpretation","medium","static","medium","static","","CSAT_2016_SET_1","","","","Logical Deduction","Logical Deduction","",",Q17. Who is the spouse of R? (a) P (b) T (c) Q (d) S,","Reading Interpretation","L2","Inference Trap","","Incomplete Inference","High","Repeating","CSAT_2016_SET_1","Passage"
"UPSC_2016_CSAT_Q18","2016","Aptitude","mcq_standard","Reading Interpretation","medium","static","medium","static","","CSAT_2016_SET_1","","","","Logical Deduction","Logical Deduction","",",Q18. Who is the lawyer? (a) P (b) Q (c) R (d) S,","Reading Interpretation","L2","Inference Trap","","Incomplete Inference","High","Repeating","CSAT_2016_SET_1","Passage"
"UPSC_2016_CSAT_Q19","2016","Aptitude","mcq_standard","Reading Interpretation","medium","static","medium","static","","CSAT_2016_SET_1","","","","Logical Deduction","Logical Deduction","",",Q19. Who of the following is definitely a man? (a) P (b) S (c) Q (d) None of the above,","Reading Interpretation","L2","Inference Trap","","Incomplete Inference","High","Repeating","CSAT_2016_SET_1","Passage"
"UPSC_2016_CSAT_Q2","2016","Aptitude","mcq_standard","Reading Interpretation","medium","static","medium","static","","CSAT_2016_P1","","","","Governance Accountability","Internal vs External Accountability; Civil Services Reform","",",Q2. With reference to the passage, the following assumptions have been made: Political executive is an obstacle to the accountability of the civil services to the society In the present framework of Indian polity, the political executive is no longer accountable to the society Which of these assumptions is/are valid? (a) 1 only (b) 2 only (c) Both 1 and 2 (d) Neither 1 nor 2,","Reading Interpretation","L3","Inference Trap","","Assumption Misinterpretation","High","Declining","CSAT_2016_P1","Passage"
"UPSC_2016_CSAT_Q20","2016","Aptitude","mcq_standard","Logical Deduction","medium","dynamic","medium","dynamic","","","","","","Logical Deduction (Constraint System)","Work Rates; Defect Percentage","",",Q20. There is an order of 19000 quantity of a particular product from a customer. The firm produces 1000 quantity of that product per day, out of which 5% are unfit for sale. In how many days will the order be completed? (a) 18 (b) 19 (c) 20 (d) 22 Directions for the following 5 (five) items Read the following two passages and answer the items that follow each passage. Your answers should be based on the passages only. Passage-1 (Biomass) Biomass as fuel for power, heat, and transport has the highest mitigation potential of all renewable sources. It comes from agriculture and forest residues as well as from energy crops. The biggest challenge in using biomass residues is a long-term reliable supply delivered to the power plant at reasonable costs; the key problems are logistical constraints and the costs of fuel collection. Energy crops, if not managed properly, compete with food production and may have undesirable impacts on food prices. Biomass production is also sensitive to the physical impacts of a changing climate. Projections of the future role of biomass are probably overestimated, given the limits to the sustainable biomass supply, unless breakthrough technologies substantially increase productivity. Climate-energy models project that biomass use could increase nearly four-fold to around 150?200 exajoules, almost a quarter of world primary energy in 2050. However, the maximum sustainable technical potential of biomass resources (both residues and energy crops) without disruption of food and forest resources ranges from 80?170 exajoules a year by 2050, and only part of this is realistically and economically feasible. In addition, some climate models rely on biomass-based carbon capture and storage, an unproven technology, to achieve negative emissions and to buy some time during the first half of the century. Some liquid biofuels such as corn-based ethanol, mainly for transport, may aggravate rather than ameliorate carbon emissions on a life-cycle basis. Second-generation biofuels, based on ligno-cellulosic feedstocks such as straw, bagasse, grass and wood, hold the promise of sustainable production that is high-yielding and emit low levels of greenhouse gases, but these are still in the R & D stage.,","Elimination Logic","L4","Constraint Satisfaction Trap","","State Construction Failure","High","Declining","CSAT_2016_LOGIC_SET_2","Constraint System"
"UPSC_2016_CSAT_Q21","2016","Aptitude","mcq_standard","Reading Interpretation","medium","static","medium","static","","CSAT_2016_P3","","","","Bioenergy Sustainability","Biomass Energy; Food vs Fuel","",",Q21. What is/are the present constraint/constraints in using biomass as fuel for power generation? Lack of sustainable supply of biomass Biomass production competes with food production Bio-energy may not always be low carbon on a life-cycle basis Select the correct answer using the code given below: (a) 1 and 2 only (b) 3 only (c) 2 and 3 only (d) 1, 2 and 3,","Reading Interpretation","L2","Inference Trap","","Incomplete Inference","High","Declining","CSAT_2016_P3","Passage"
"UPSC_2016_CSAT_Q22","2016","Aptitude","mcq_standard","Reading Interpretation","medium","static","medium","static","","CSAT_2016_P3","","","","Bioenergy Sustainability","Biomass Energy; Food Security","",",Q22. Which of the following can lead to food security problem? Using agricultural and forest residues as feedstock for power generation Using biomass for carbon capture and storage Promoting the cultivation of energy crops Select the correct answer using the code given below: (a) 1 and 2 only (b) 3 only (c) 2 and 3 only (d) 1, 2 and 3,","Reading Interpretation","L2","Inference Trap","","Overgeneralization","High","Declining","CSAT_2016_P3","Passage"
"UPSC_2016_CSAT_Q23","2016","Aptitude","mcq_standard","Reading Interpretation","medium","dynamic","medium","dynamic","","CSAT_2016_P3","","","","Bioenergy Sustainability","Sustainable Biofuels; Negative Emissions","",",Q23. In the context of using biomass, which of the following is/are the characteristics of the sustainable production of biofuel? Biomass as a fuel for power generation could meet all the primary energy requirements of the world by 2050 Biomass as a fuel for power generation does not necessarily disrupt food and forest resources Biomass as a fuel for power generation could help in achieving negative emissions, given certain nascent technologies Select the correct answer using the code given below: (a) 1 and 2 only (b) 3 only (c) 2 and 3 only (d) 1, 2 and 3,","Reading Interpretation","L2","Inference Trap","","Incomplete Inference","High","Declining","CSAT_2016_P3","Passage"
"UPSC_2016_CSAT_Q24","2016","Aptitude","mcq_standard","Reading Interpretation","medium","dynamic","medium","dynamic","","CSAT_2016_P3","","","","Bioenergy Sustainability","Climate-Energy Models; Biomass Limits","",",Q24. With reference to the passage, following assumptions have been made: Some climate-energy models suggest that the use of biomass as a fuel for power generation helps in mitigating greenhouse gas emissions It is not possible to use biomass as a fuel for power generation without disrupting food and forest resources Which of these assumptions is/are valid? (a) 1 only (b) 2 only (c) Both 1 and 2 (d) Neither 1 nor 2 Passage-2 We are witnessing a dangerous dwindling of biodiversity in our food supply. The green revolution is a mixed blessing. Over time farmers have come to rely heavily on broadly adapted, high-yield crops to the exclusion of varieties adapted to the local conditions. Monocropping vast fields with the same genetically uniform seeds helps boost yield and meet immediate hunger needs. Yet high-yield varieties are also genetically weaker crops that require expensive chemical fertilizers and toxic pesticides. In our focus on increasing the amount of food we produce today, we have accidentally put ourselves at risk for food shortages in future.,","Reading Interpretation","L3","Inference Trap","","Assumption Misinterpretation","High","Declining","CSAT_2016_P3","Passage"
"UPSC_2016_CSAT_Q25","2016","Aptitude","mcq_standard","Reading Interpretation","medium","static","medium","static","","CSAT_2016_P4","","","","Agro-biodiversity & Food Security","Green Revolution; Monocropping","",",Q25. Which among the following is the most logical and critical inference that can be made from the above passage? (a) In our agricultural practices, we have become heavily dependent on expensive chemical fertilizers and toxic pesticides only due to green revolution (b) Monocropping vast fields with high-yield varieties is possible due to green revolution (c) Monocropping with high-yield varieties is the only way to ensure food security to millions (d) Green revolution can pose a threat to biodiversity in food supply and food security in the long run,","Reading Interpretation","L3","Inference Trap","","Overgeneralization","High","Declining","CSAT_2016_P4","Passage"
"UPSC_2016_CSAT_Q26","2016","Aptitude","mcq_standard","Logical Deduction","medium","static","medium","static","","","","","","Logical Deduction (Constraint System)","Time Intervals; Scheduling","",",Q26. A class starts at 11:00 am and lasts till 2:27 pm. Four periods of equal duration are held during this interval. After every period, a rest of 5 minutes is given to the students. The exact duration of each period is: (a) 48 minutes (b) 50 minutes (c) 51 minutes (d) 53 minutes,","Elimination Logic","L4","Constraint Satisfaction Trap","","State Construction Failure","High","Repeating","CSAT_2016_LOGIC_SET_2","Constraint System"
"UPSC_2016_CSAT_Q27","2016","Aptitude","pair_match","Logical Deduction","medium","static","medium","static","","","","","","Logical Deduction (Constraint System)","Optimization; Time & Work","",",Q27. Four friends A, B, C and D need to cross a bridge. A maximum of two persons can cross it at a time. It is night and they just have one lamp. Persons that cross the bridge must carry the lamp to find the way. A pair must walk together at the speed of slower person. After crossing the bridge, the person having faster speed in the pair will return with the lamp each time to accompany another person in the group. Finally, the lamp has to be returned at the original place and the person who returns the lamp has to cross the bridge again without lamp. To cross the bridge, the time taken by them is as follows: A: 1 minute, B: 2 minutes, C: 7 minutes and D: 10 minutes. What is the total minimum time required by all the friends to cross the bridge? (a) 23 minutes (b) 22 minutes (c) 21 minutes (d) 20 minutes,","Elimination Logic","L4","Constraint Satisfaction Trap","","State Construction Failure","High","Repeating","CSAT_2016_LOGIC_SET_2","Constraint System"
"UPSC_2016_CSAT_Q28","2016","Aptitude","mcq_standard","Logical Deduction","medium","static","medium","static","","","","","","Logical Deduction (Constraint System)","Concentration; Ratio","",",Q28. 30 g of sugar was mixed in 180 ml water in vessel A. 40 g of sugar was mixed in 280 ml of water in vessel B and 20 g of sugar was mixed in 100 ml of water in vessel C. The solution in vessel B is: (a) sweeter than that in C (b) sweeter than that in A (c) as sweet as that in C (d) less sweet than that in C,","Elimination Logic","L4","Constraint Satisfaction Trap","","State Construction Failure","High","Repeating","CSAT_2016_LOGIC_SET_2","Constraint System"
"UPSC_2016_CSAT_Q29","2016","Aptitude","mcq_standard","Logical Deduction","medium","static","medium","static","","","","","","Logical Deduction (Constraint System)","Algebra; Word Problems","",",Q29. In aid of charity, every student in a class contributes as many rupees as the number of students in that class. With the additional contribution of Rs. 2 by one student only, the total collection is Rs. 443. Then how many students are there in the class? (a) 12 (b) 21 (c) 43 (d) 45,","Elimination Logic","L4","Constraint Satisfaction Trap","","State Construction Failure","High","Repeating","CSAT_2016_LOGIC_SET_2","Constraint System"
"UPSC_2016_CSAT_Q3","2016","Aptitude","mcq_standard","Reading Interpretation","medium","static","medium","static","","CSAT_2016_P1","","","","Governance Accountability","Internal vs External Accountability; Civil Services Reform","",",Q3. Which one of the following is the essential message implied by this passage? (a) Civil services are not accountable to the society they are serving (b) Educated and enlightened persons are not taking up political leadership (c) The framers of the Constitution did not envisage the problems being encountered by the civil services (d) There is a need and scope for reforms to improve the accountability of civil services,","Reading Interpretation","L3","Inference Trap","","Incomplete Inference","High","Declining","CSAT_2016_P1","Passage"
"UPSC_2016_CSAT_Q30","2016","Aptitude","mcq_standard","Concept Application","medium","static","medium","static","","","","","","Weighted Average","Weighted Average; Percentage","",",Q30. Anita?s mathematics test had 70 problems carrying equal marks i.e., 10 arithmetic, 30 algebra and 30 geometry. Although she answered 70% of the arithmetic, 40% of the algebra and 60% of the geometry problems correctly, she did not pass the test because she got less than 60% marks. The number of more questions she would have to answer correctly to earn a 60% passing mark is: (a) 1 (b) 5 (c) 7 (d) 9,","Concept Application","L3","Hidden Constraint Trap","","Overgeneralization","High","Repeating","",""
"UPSC_2016_CSAT_Q31","2016","Aptitude","mcq_standard","Concept Application","medium","static","medium","static","","","","","","Fractions","Fractions; Gender Ratio","",",Q31. In a class, there are 18 very tall boys. If these constitute three-fourths of the boys and the total number of boys is two-thirds of the total number of students in the class, what is the number of girls in the class? (a) 6 (b) 12 (c) 18 (d) 21,","Concept Application","L2","Hidden Constraint Trap","","Equation Setup Error","High","Repeating","",""
"UPSC_2016_CSAT_Q32","2016","Aptitude","statement_correct","Logical Deduction","medium","static","medium","static","","","","","","Comparative Statements","Comparative Statements; Order; Inequalities","",",Q32. Consider the following statements: Either A and B are of the same age or A is older than B Either C and D are of the same age or D is older than C B is older than C Which of the following conclusions can be drawn from the above statements? (a) A is older than B (b) B and D are of the same age (c) D is older than C (d) A is older than C,","Elimination Logic","L3","Logical Reversal Trap","","Misreading","High","Repeating","",""
"UPSC_2016_CSAT_Q33","2016","Aptitude","mcq_standard","Logical Deduction","medium","static","medium","static","","","","","","Logical Deduction (Constraint System)","Average; Ratio","",",Q33. The monthly average salary paid to all the employees of a company was Rs. 5000. The monthly average salary paid to male and female employees was Rs. 5200 and Rs. 4200 respectively. Then the percentage of males employed in the company is: (a) 75% (b) 80% (c) 85% (d) 90% Directions for the following 3 (three) items Six boxes A, B, C, D, E and F have been painted with six different colours viz., violet, indigo, blue, green, yellow and orange and arranged from left to right (not necessarily either kept or painted with the colours in the same order). Each box contains a ball of any one of the following six games: cricket, hockey, tennis, golf, football and volleyball (not necessarily in the same order). The golf ball is in violet box and is not in box D The box A which contains tennis ball is orange in colour and is at the extreme right The hockey ball is neither in box D nor in box E The box C having cricket ball is painted green The hockey ball is neither in the box painted blue nor in the box painted yellow The box C is fifth from right and next to box B The box B contains volleyball The box containing the hockey ball is between the boxes containing golf ball and volleyball,","Elimination Logic","L4","Constraint Satisfaction Trap","","State Construction Failure","High","Repeating","CSAT_2016_LOGIC_SET_3","Constraint System"
"UPSC_2016_CSAT_Q34","2016","Aptitude","mcq_standard","Logical Deduction","medium","static","medium","static","","","","","","Logical Deduction (Constraint System)","Ordering; Constraints","",",Q34. Which one of the following boxes contains the golf ball? (a) F (b) E (c) D (d) None of the above,","Elimination Logic","L4","Constraint Satisfaction Trap","","State Construction Failure","High","Repeating","CSAT_2016_LOGIC_SET_3","Constraint System"
"UPSC_2016_CSAT_Q35","2016","Aptitude","statement_correct","Logical Deduction","medium","static","medium","static","","","","","","Logical Deduction (Constraint System)","Ordering; Constraints","",",Q35. Which of the following statements is/are correct? (a) D is painted yellow (b) F is painted indigo (c) B is painted blue (d) All of the above,","Elimination Logic","L4","Constraint Satisfaction Trap","","State Construction Failure","High","Repeating","CSAT_2016_LOGIC_SET_3","Constraint System"
"UPSC_2016_CSAT_Q36","2016","Aptitude","mcq_standard","Concept Application","medium","static","medium","static","","","","","","Ordering","Ordering; Constraints","",",Q36. The football is in the box of which colour? (a) Yellow (b) Indigo (c) Cannot be determined as data are inadequate (d) Blue,","Concept Application","L2","None","","Overgeneralization","Medium","Repeating","",""
"UPSC_2016_CSAT_Q37","2016","Aptitude","mcq_standard","Concept Application","medium","static","medium","static","","","","","","Percentage Difference","Percentage Difference; Comparison","",",Q37. Two numbers X and Y are respectively 20% and 28% less than a third number Z. By what percentage is the number Y less than the number X? (a) 12% (b) 10% (c) 9% (d) 8%,","Concept Application","L3","Hidden Constraint Trap","","Overgeneralization","High","Repeating","",""
"UPSC_2016_CSAT_Q38","2016","Aptitude","mcq_standard","Concept Application","medium","static","medium","static","","","","","","Scheduling","Scheduling; Time-Distance","",",Q38. A daily train is to be introduced between station A and station B starting from each end at 6 AM and the journey is to be completed in 42 hours. What is the number of trains needed in order to maintain the shuttle service? (a) 2 (b) 3 (c) 4 (d) 7,","Concept Application","L3","Hidden Constraint Trap","","Misreading","High","Repeating","",""
"UPSC_2016_CSAT_Q39","2016","Aptitude","mcq_standard","Concept Application","medium","static","medium","static","","","","","","Surface Area","Surface Area; Cube","",",Q39. A piece of tin is in the form of a rectangle having length 12 cm and width 8 cm. This is used to construct a closed cube. The side of the cube is: (a) 2 cm (b) 3 cm (c) 4 cm (d) 6 cm,","Concept Application","L2","None","","Overgeneralization","Medium","Repeating","",""
"UPSC_2016_CSAT_Q4","2016","Aptitude","mcq_standard","Reading Interpretation","medium","dynamic","medium","dynamic","","CSAT_2016_P1","","","","Governance Accountability","Internal vs External Accountability; Civil Services Reform","",",Q4. According to the passage, which one of the following is not a means of enhancing internal accountability of civil services? (a) Better job security and safeguards (b) Supervision by Central Vigilance Commission (c) Judicial review of executive decisions (d) Seeking accountability through enhanced participation by people in decision making process Passage-2 (Ethics) In general, religious traditions stress our duty to god, or to some universal ethical principle. Our duties to one another derive from these. The religious concept of rights is primarily derived from our relationship to this divinity or principle and the implication it has on our other relationships. This correspondence between rights and duties is critical to any further understanding of justice. But, for justice to be practiced, virtue, rights and duties cannot remain formal abstractions. They must be grounded in a community (common unity) bound together by a sense of common union (communion). Even as a personal virtue, this solidarity is essential to the practice and understanding of justice.,","Reading Interpretation","L2","Inference Trap","","Incomplete Inference","High","Declining","CSAT_2016_P1","Passage"
"UPSC_2016_CSAT_Q40","2016","Aptitude","mcq_standard","Logical Deduction","medium","static","medium","static","","","","","","Logical Deduction (Constraint System)","Combinatorics; Binary Strings; Binary Sequences","",",Q40. In a question paper there are five questions to be attempted and answers to each question has two choices ? True (T) or False (F). It is given that no two candidates have given the answers to the five questions in an identical sequence. For this to happen, the maximum number of candidates is: (a) 10 (b) 18 (c) 26 (d) 32 Directions for the following 8 (eight) items Read the following eight passages and answer the item that follows each passage. Your answers to these items should be based on the passages only. Passage-1 By killing transparency and competition, crony capitalism is harmful to free enterprise, opportunity and economic growth. Crony capitalism, where rich and influential are alleged to have received land and natural resources and various licences in return for payoffs to venal politicians, is now a major issue to be tackled. One of the greatest dangers to growth of developing economies like India is the middle-income trap where crony capitalism creates oligarchies that slow down the growth.,","Elimination Logic","L4","Constraint Satisfaction Trap","","State Construction Failure","High","Repeating","CSAT_2016_LOGIC_SET_4","Constraint System"
"UPSC_2016_CSAT_Q41","2016","Aptitude","mcq_standard","Reading Interpretation","medium","dynamic","medium","dynamic","","CSAT_2016_P5","","","","Crony Capitalism","Oligarchies; Market Distortions","",",Q41. Which among the following is the most logical corollary to the above passage? (a) Launching more welfare schemes and allocating more finances for the current schemes are urgently needed (b) Efforts should be made to push up economic growth by other means and provide licences to the poor (c) Greater transparency in the functioning of the government and promoting financial inclusion are needed at present (d) We should concentrate more on developing manufacturing sector than service sector Passage-2 Climate adaptation may be rendered ineffective if policies are not designed in the context of other development concerns. For instance, a comprehensive strategy that seeks to improve food security in the context of climate change may include a set of coordinated measures related to agricultural extension, crop diversification, integrated water and pest management and agricultural information services. Some of these measures may have to do with climate changes and others with economic development.,","Reading Interpretation","L3","Inference Trap","","Overgeneralization","High","Declining","CSAT_2016_P5","Passage"
"UPSC_2016_CSAT_Q42","2016","Aptitude","mcq_standard","Reading Interpretation","medium","static","medium","static","","CSAT_2016_P6","","","","Climate Adaptation & Food Security","Agricultural Extension; Integrated Pest Management","",",Q42. What is the most logical and rational inference that can be made from the above passage? (a) It is difficult to pursue climate adaptation in developing countries (b) Improving food security is a far more complex issue than climate adaptation (c) Every developmental activity is directly or indirectly linked to climate adaptation (d) Climate adaptation should be examined in tandem with other economic development options Passage-3 Understanding of the role of biodiversity in the hydrological cycle enables better policy-making. The term biodiversity refers to the variety of plants, animals, microorganisms, and the ecosystems in which they occur. Water and biodiversity are interdependent. In reality, the hydrological cycle decides how biodiversity functions. In turn, vegetation and soil drive the movement of water. Every glass of water we drink has, at least in part, passed through fish, trees, bacteria, soil and other organisms. Passing through these ecosystems, it is cleansed and made fit for consumption. The supply of water is a critical service that the environment provides.,","Reading Interpretation","L3","Inference Trap","","Overgeneralization","High","Declining","CSAT_2016_P6","Passage"
"UPSC_2016_CSAT_Q43","2016","Aptitude","mcq_standard","Reading Interpretation","medium","static","medium","static","","CSAT_2016_P7","","","","Biodiversity & Hydrological Cycle","Ecosystem Services; Water Cycle","",",Q43. Which among the following is the most critical inference that can be made from the above passage? (a) Biodiversity sustains the ability of nature to recycle water (b) We cannot get potable water without the existence of living organisms (c) Plants, animals and microorganisms continuously interact among themselves (d) Living organisms could not have come into existence without hydrological cycle Passage-4 In the last decade, the banking sector has been restructured with a high degree of automation and products that mainly serve middle-class and upper middle-class society. Today there is a need for a new agenda for the banking and non-banking financial services that does not exclude the common man.,","Reading Interpretation","L3","Inference Trap","","Overgeneralization","High","Declining","CSAT_2016_P7","Passage"
"UPSC_2016_CSAT_Q44","2016","Aptitude","mcq_standard","Reading Interpretation","medium","dynamic","medium","dynamic","","CSAT_2016_P8","","","","Financial Inclusion","Banking Access; Inclusive Finance","",",Q44. Which one of the following is the message that is essentially implied in the above passage? (a) Need for more automation and more products of banks (b) Need for a radical restructuring of our entire public finance system (c) Need to integrate banking and non-banking institutions (d) Need to promote financial inclusion Passage-5 Safe and sustainable sanitation in slums has immeasurable benefits to women and girls in terms of their health, safety, privacy and dignity. However, women do not feature in most of the schemes and policies on urban sanitation. The fact that even now manual scavenging exists only goes to show that not enough has been done to promote pour-flush toilets and discontinue the use of dry latrines. A more sustained and rigorous campaign needs to be launched towards the right to sanitation on a very large scale. This should primarily focus on the abolition of manual scavenging.,","Reading Interpretation","L3","Inference Trap","","Incomplete Inference","High","","CSAT_2016_P8","Passage"
"UPSC_2016_CSAT_Q45","2016","Aptitude","statement_correct","Reading Interpretation","medium","static","medium","static","","CSAT_2016_P9","","","","Urban Sanitation & Public Health","Manual Scavenging; Sanitation Policy","",",Q45. With reference to the above passage, consider the following statements: Urban sanitation problems can be fully solved by the abolition of manual scavenging only There is a need to promote greater awareness on safe sanitation practices in urban areas Which of the statements given above is/are correct? (a) 1 only (b) 2 only (c) Both 1 and 2 (d) Neither 1 nor 2 Passage-6 To understand the nature and quantity of Government proper for man, it is necessary to attend to his character. As nature created him for social life, she fitted him for the station she intended. In all cases she made his natural wants greater than his individual powers. No one man is capable, without the aid of society, of supplying his own wants; and those wants, acting upon every individual, impel the whole of them into society.,","Reading Interpretation","L2","Inference Trap","","Incomplete Inference","High","Declining","CSAT_2016_P9","Passage"
"UPSC_2016_CSAT_Q46","2016","Aptitude","mcq_standard","Reading Interpretation","medium","static","medium","static","","CSAT_2016_P10","","","","Social Nature of Man","Social Cooperation; Human Society","",",Q46. Which among the following is the most logical and rational inference that can be made from the above passage? (a) Nature has created a great diversity in human society (b) Any given human society is always short of its wants (c) Social life is a specific characteristic of man (d) Diverse natural wants forced man towards social system Passage-7 The nature of the legal imperatives in any given state corresponds to the effective demands that state encounters, and these, in their turn, depend, in a general way, upon the manner in which economic power is distributed in the society which the state controls.,","Reading Interpretation","L3","Inference Trap","","Overgeneralization","High","Declining","CSAT_2016_P10","Passage"
"UPSC_2016_CSAT_Q47","2016","Aptitude","mcq_standard","Reading Interpretation","medium","dynamic","medium","dynamic","","CSAT_2016_P11","","","","Political Economy","Politics-Economics Interdependence; Economic Power","",",Q47. The statement refers to: (a) the antithesis of Politics and Economics (b) the interrelationship of Politics and Economics (c) the predominance of Economics over Politics (d) the predominance of Politics over Economics Passage-8 About 15 per cent of global greenhouse gas emissions come from agricultural practices. This includes nitrous oxide from fertilizers; methane from livestock, rice production, and manure storage; and carbon dioxide (CO2) from burning biomass, but this excludes CO2 emissions from soil management practices, savannah burning and deforestation. Forestry, land use, and land-use change account for another 17 per cent of greenhouse gas emissions each year, three quarters of which come from tropical deforestation. The remainder is largely from draining and burning tropical peatland. About the same amount of carbon is stored in the world?s peatlands as is stored in the Amazon rainforest.,","Reading Interpretation","L2","Inference Trap","","Incomplete Inference","High","Declining","CSAT_2016_P11","Passage"
"UPSC_2016_CSAT_Q48","2016","Aptitude","mcq_standard","Reading Interpretation","medium","dynamic","medium","dynamic","","CSAT_2016_P12","","","","Climate Change & Land Use","Agriculture Emissions; Deforestation","",",Q48. Which among the following is the most logical and rational inference that can be made from the above passage? (a) Organic farming should immediately replace mechanised and chemical dependent agricultural practices all over the world (b) It is imperative for us to modify our land use practices in order to mitigate climate change (c) There are no technological solutions to the problem of greenhouse gas emissions (d) Tropical areas are the chief sites of carbon sequestration,","Reading Interpretation","L3","Inference Trap","","Overgeneralization","High","Declining","CSAT_2016_P12","Passage"
"UPSC_2016_CSAT_Q49","2016","Aptitude","mcq_standard","Logical Deduction","medium","static","medium","static","","","","","","Logical Deduction (Constraint System)","Displacement; Pythagoras; Distance","",",Q49. A person climbs a hill in a straight path from point ?O? on the ground in the direction of north-east and reaches a point ?A? after travelling a distance of 5 km. Then, from point ?A? he moves to point ?B? in the direction of north-west. Let the distance AB be 12 km. Now, how far is the person away from the starting point ?O?? (a) 7 km (b) 13 km (c) 17 km (d) 11 km,","Elimination Logic","L4","Constraint Satisfaction Trap","","State Construction Failure","High","Repeating","CSAT_2016_LOGIC_SET_4","Constraint System"
"UPSC_2016_CSAT_Q5","2016","Aptitude","mcq_standard","Reading Interpretation","medium","static","medium","static","","CSAT_2016_P2","","","","Rights and Duties","Justice; Community Solidarity","",",Q5. With reference to the passage, the following assumptions have been made: Human relationships are derived from their religious traditions Human beings can be duty bound only if they believe in god Religious traditions are essential to practice and understand justice Which of these assumption(s) is/are valid? (a) 1 only (b) 2 and 3 only (c) 1 and 3 only (d) 1, 2 and 3,","Reading Interpretation","L3","Inference Trap","","Assumption Misinterpretation","High","Declining","CSAT_2016_P2","Passage"
"UPSC_2016_CSAT_Q50","2016","Aptitude","mcq_standard","Logical Deduction","medium","static","medium","static","","","","","","Logical Deduction (Constraint System)","Algebra; Max Area","",",Q50. An agricultural field is in the form of a rectangle having length X1 meters and breadth X2 meters (X1 and X2 are variable). If X1 + X2 = 40 meters, then the area of the agricultural field will not exceed which one of the following values? (a) 400 sq m (b) 300 sq m (c) 200 sq m (d) 80 sq m,","Elimination Logic","L4","Constraint Satisfaction Trap","","State Construction Failure","High","Repeating","CSAT_2016_LOGIC_SET_4","Constraint System"
"UPSC_2016_CSAT_Q51","2016","Aptitude","mcq_standard","Logical Deduction","medium","static","medium","static","","","","","","Logical Deduction (Constraint System)","Average; Age Problems; Age","",",Q51. The sum of the ages of 5 members comprising a family, 3 years ago was 80 years. The average age of the family today is the same as it was 3 years ago, because of an addition of a baby during the intervening period. How old is the baby? (a) 6 months (b) 1 year (c) 2 years (d) 2 years and 6 months,","Elimination Logic","L4","Constraint Satisfaction Trap","","State Construction Failure","High","Repeating","CSAT_2016_LOGIC_SET_4","Constraint System"
"UPSC_2016_CSAT_Q52","2016","Aptitude","mcq_standard","Logical Deduction","medium","static","medium","static","","","","","","Logical Deduction (Constraint System)","Allowances; Ratio","",",Q52. The total emoluments of two persons are the same. One gets allowances to the extent of 65% of his basic pay and the other gets allowances to the extent of 80% of his basic pay. The ratio of the basic pay of the former to the basic pay of the latter is: (a) 16 : 13 (b) 5 : 4 (c) 7 : 5 (d) 12 : 11,","Elimination Logic","L4","Constraint Satisfaction Trap","","State Construction Failure","High","Repeating","CSAT_2016_LOGIC_SET_4","Constraint System"
"UPSC_2016_CSAT_Q53","2016","Aptitude","mcq_standard","Logical Deduction","medium","static","medium","static","","","","","","Logical Deduction (Constraint System)","Number Series; Middle Term","",",Q53. A person is standing on the first step from the bottom of a ladder. If he has to climb 4 more steps to reach exactly the middle step, how many steps does the ladder have? (a) 8 (b) 9 (c) 10 (d) 11 Directions for the following 3 (three) items When three friends A, B and C met, it was found that each of them wore an outer garment of a different colour. In random order, the garments are: jacket, sweater and tie; and the colours are: blue, white and black. Their surnames in random order are: Ribeiro, Kumar and Singh. Further, we know that: Neither B nor Ribeiro wore a white sweater C wore a tie Singh?s garment was not white Kumar does not wear a jacket Ribeiro does not like to wear black colour Each of the friends wore only one outer garment of only one colour,","Elimination Logic","L4","Constraint Satisfaction Trap","","State Construction Failure","High","Repeating","CSAT_2016_LOGIC_SET_5","Constraint System"
"UPSC_2016_CSAT_Q54","2016","Aptitude","mcq_standard","Logical Deduction","medium","static","medium","static","","","","","","Logical Deduction (Constraint System)","Ordering; Constraints","",",Q54. What is C?s surname? (a) Ribeiro (b) Kumar (c) Singh (d) Cannot be determined,","Elimination Logic","L4","Constraint Satisfaction Trap","","State Construction Failure","High","Repeating","CSAT_2016_LOGIC_SET_5","Constraint System"
"UPSC_2016_CSAT_Q55","2016","Aptitude","mcq_standard","Logical Deduction","medium","static","medium","static","","","","","","Logical Deduction (Constraint System)","Ordering; Constraints","",",Q55. What is the colour of the tie? (a) Black (b) Blue (c) White (d) Cannot be determined,","Elimination Logic","L4","Constraint Satisfaction Trap","","State Construction Failure","High","Repeating","CSAT_2016_LOGIC_SET_5","Constraint System"
"UPSC_2016_CSAT_Q56","2016","Aptitude","mcq_standard","Concept Application","medium","static","medium","static","","","","","","Ordering","Ordering; Constraints","",",Q56. Who wore the sweater? (a) A (b) B (c) C (d) Cannot be determined,","Concept Application","L2","None","","Overgeneralization","Medium","Repeating","",""
"UPSC_2016_CSAT_Q57","2016","Aptitude","mcq_standard","Concept Application","medium","static","medium","static","","","","","","Right Triangle","Right Triangle; Distance; Broken Tree","",",Q57. AB is a vertical trunk of a huge tree with A being the point where the base touches the ground. Due to a cyclone, the trunk has been broken at C which is at a height of 12 meters. The broken part is partially attached at C. If the end of the broken part B touches the ground at D which is at a distance of 5 meters from A, then the original height of the trunk is: (a) 20 m (b) 25 m (c) 30 m (d) 35 m,","Concept Application","L3","Hidden Constraint Trap","","Misreading","High","Repeating","",""
"UPSC_2016_CSAT_Q58","2016","Aptitude","mcq_standard","Concept Application","medium","static","medium","static","","","","","","Direction Sense","Direction Sense; Net Displacement","",",Q58. A person walks 12 km due north, then 15 km due east, after that 19 km due west and then 15 km due south. How far is he from the starting point? (a) 5 km (b) 9 km (c) 37 km (d) 61 km,","Concept Application","L2","None","","Overgeneralization","Medium","Repeating","",""
"UPSC_2016_CSAT_Q59","2016","Aptitude","mcq_standard","Concept Application","medium","static","medium","static","","","","","","Painted Cubes","Painted Cubes; Counting","",",Q59. A cube has all its faces painted with different colours. It is cut into smaller cubes of equal sizes such that the side of the small cube is one-fourth the big cube. The number of small cubes with only one side painted is: (a) 32 (b) 24 (c) 16 (d) 8,","Concept Application","L2","None","","Overgeneralization","Medium","Repeating","",""
"UPSC_2016_CSAT_Q6","2016","Aptitude","mcq_standard","Reading Interpretation","medium","static","medium","static","","CSAT_2016_P2","","","","Rights and Duties","Justice; Community Solidarity","",",Q6. Which one of the following is the crux of this passage? (a) Our duties to one another derive from our religious traditions (b) Having relationship to the divine principle is a great virtue (c) Balance between rights and duties is crucial to the delivery of justice in a society (d) Religious concept of rights is primarily derived from our relationship to god,","Reading Interpretation","L2","Inference Trap","","Incomplete Inference","High","Declining","CSAT_2016_P2","Passage"
"UPSC_2016_CSAT_Q60","2016","Aptitude","mcq_standard","Concept Application","medium","static","medium","static","","","","","","Work Rates","Work Rates; Combined Work","",",Q60. Ram and Shyam work on a job together for four days and complete 60% of it. Ram takes leave then and Shyam works for eight more days to complete the job. How long would Ram take to complete the entire job alone? (a) 6 days (b) 8 days (c) 10 days (d) 11 days,","Concept Application","L3","Hidden Constraint Trap","","Overgeneralization","High","Declining","",""
"UPSC_2016_CSAT_Q61","2016","Aptitude","mcq_standard","Concept Application","medium","static","medium","static","","","","","","Letter Rearrangement","Letter Rearrangement; Pattern","",",Q61. A military code writes SYSTEM as SYSMET and NEARER as AENRER. Using the same code, FRACTION can be written as: (a) CARFTION (b) FRACNOIT (c) NOITCARF (d) CARFNOIT,","Concept Application","L2","None","","Overgeneralization","Medium","Repeating","",""
"UPSC_2016_CSAT_Q62","2016","Aptitude","mcq_standard","Concept Application","medium","static","medium","static","","","","","","Divisibility","Divisibility; Modulo","",",Q62. If R and S are different integers both divisible by 5, then which of the following is not necessarily true? (a) R - S is divisible by 5 (b) R + S is divisible by 10 (c) R ? S is divisible by 25 (d) R? + S? is divisible by 5,","Concept Application","L2","None","","Overgeneralization","Medium","Repeating","",""
"UPSC_2016_CSAT_Q63","2016","Aptitude","mcq_standard","Logical Deduction","medium","static","medium","static","","","","","","Logical Deduction (Constraint System)","Digit Patterns; Counting; Numbers","",",Q63. How many numbers are there between 100 and 300 which either begin with or end with 2? (a) 110 (b) 111 (c) 112 (d) None of the above Directions for the following 8 (eight) items Passage-1 As we look to 2050, when we will need to feed two billion more people, the question of which diet is best has taken on new urgency. The foods we choose to eat in the coming decades will have dramatic ramifications for the planet. Simply put, a diet that revolves around meat and dairy, a way of eating that is on the rise throughout the developing world, will take a greater toll on the world?s resources than one that revolves around unrefined grains, nuts, fruits and vegetables.,","Elimination Logic","L4","Constraint Satisfaction Trap","","State Construction Failure","High","Repeating","CSAT_2016_LOGIC_SET_6","Constraint System"
"UPSC_2016_CSAT_Q64","2016","Aptitude","mcq_standard","Reading Interpretation","medium","static","medium","static","","CSAT_2016_P13","","","","Sustainable Diets & Resources","Dietary Choices; Resource Use","",",Q64. What is the critical message conveyed by the above passage? (a) Our increasing demand for foods sourced from animals puts a greater burden on our natural resources (b) Diets based on grains, nuts, fruits and vegetables are best suited for health in developing countries (c) Human beings change their food habits from time to time irrespective of the health concerns (d) From a global perspective, we still do not know which type of diet is best for us Passage-2 All humans digest mother?s milk as infants, but until cattle began being domesticated 10,000 years ago, children once weaned no longer needed to digest milk. As a result, they stopped making the enzyme lactase, which breaks down the sugar lactose into simple sugars. After humans began herding cattle, it became tremendously advantageous to digest milk, and lactose tolerance evolved independently among cattle herders in Europe, the Middle East and Africa. Groups not dependent on cattle, such as the Chinese and Thai, remain lactose intolerant.,","Reading Interpretation","L2","Inference Trap","","Incomplete Inference","High","Declining","CSAT_2016_P13","Passage"
"UPSC_2016_CSAT_Q65","2016","Aptitude","mcq_standard","Reading Interpretation","medium","static","medium","static","","CSAT_2016_P14","","","","Human Evolution & Lactose Tolerance","Genetic Adaptation; Domestication","",",Q65. Which among the following is the most logical assumption that can be made from the above passage? (a) About 10,000 years ago, the domestication of animals took place in some parts of the world (b) A permanent change in the food habits of a community can bring about a genetic change in its members (c) Lactose tolerant people only are capable of getting simple sugars in their bodies (d) People who are not lactose tolerant cannot digest any dairy product Passage-3 ?The conceptual difficulties in National Income comparisons between underdeveloped and industrialised countries are particularly serious because a part of the national output in various underdeveloped countries is produced without passing through the commercial channels.?,","Reading Interpretation","L3","Inference Trap","","Assumption Misinterpretation","High","Declining","CSAT_2016_P14","Passage"
"UPSC_2016_CSAT_Q66","2016","Aptitude","mcq_standard","Reading Interpretation","medium","static","medium","static","","CSAT_2016_P15","","","","National Income Accounting","Non-Commercial Sector; Measurement Issues","",",Q66. In the above statement, the author implies that: (a) the entire national output produced and consumed in industrialized countries passes through commercial channels (b) the existence of a non-commercialized sector in different underdeveloped countries renders the national income comparisons over countries difficult (c) no part of national output should be produced and consumed without passing through commercial channels (d) a part of the national output being produced and consumed without passing through commercial channels is a sign of underdevelopment Passage-4 An increase in human-made carbon dioxide in the atmosphere could initiate a chain reaction between plants and microorganisms that would unsettle one of the largest carbon reservoirs on the planet ? soil. In a study, it was found that the soil, which contains twice the amount of carbon present in all plants and Earth?s atmosphere combined, could become increasingly volatile as people add more carbon dioxide to the atmosphere. This is largely because of increased plant growth. Although a greenhouse gas and a pollutant, carbon dioxide also supports plant growth. As trees and other vegetation flourish in a carbon dioxide-rich future, their roots could stimulate microbial activity in soil that may in turn accelerate the decomposition of soil carbon and its release into the atmosphere as carbon dioxide.,","Reading Interpretation","L2","Inference Trap","","Incomplete Inference","High","Declining","CSAT_2016_P15","Passage"
"UPSC_2016_CSAT_Q67","2016","Aptitude","mcq_standard","Reading Interpretation","medium","dynamic","medium","dynamic","","CSAT_2016_P16","","","","Carbon Cycle & Soil Carbon","Soil Carbon; CO2 Feedbacks","",",Q67. Which among the following is the most logical corollary to the above passage? (a) Carbon dioxide is essential for the survival of microorganisms and plants (b) Humans are solely responsible for the release of carbon dioxide into the atmosphere (c) Microorganisms and soil carbon are mainly responsible for the increased plant growth (d) Increasing green cover could trigger the release of carbon trapped in soil Passage-5 Historically, the biggest challenge to world agriculture has been to achieve a balance between demand for and supply of food. At the level of individual countries, the demand-supply balance can be a critical policy issue for a closed economy, especially if it is a populous economy and its domestic agriculture is not growing sufficiently enough to ensure food supplies on an enduring basis; it is not so much and not always, of a constraint for an open, and growing economy, which has adequate exchange surpluses to buy food abroad. For the world as a whole, supply-demand balance is always an inescapable prerequisite for warding off hunger and starvation. However, global availability of adequate supply does not necessarily mean that food would automatically move from countries of surplus to countries of deficit if the latter lack in purchasing power. The uneven distribution of hunger, starvation, under- or malnourishment, at the world-level, owes itself to the presence of empty-pocket hungry mouths, overwhelmingly confined to the underdeveloped economies. Inasmuch as a ?two-square meal? is of elemental significance to basic human existence, the issue of worldwide supply of food has been gaining significance in recent times; both because the quantum and the composition of demand has been undergoing big changes, and because, in recent years, the capabilities of individual countries to generate uninterrupted chain of food supplies have come under strain. Food production, marketing and prices, especially price-affordability by the poor in the developing world, have become global issues that need global thinking and global solutions.,","Reading Interpretation","L3","Inference Trap","","Overgeneralization","High","Declining","CSAT_2016_P16","Passage"
"UPSC_2016_CSAT_Q68","2016","Aptitude","mcq_standard","Reading Interpretation","medium","static","medium","static","","CSAT_2016_P17","","","","Global Food Security","Food Affordability; Market Regulation","",",Q68. According to the above passage, which of the following are the fundamental solutions for the world food security problem? Setting up more agro-based industries Improving the price affordability by the poor Regulating the conditions of marketing Providing food subsidy to one and all (a) 1 and 2 only (b) 2 and 3 only (c) 1, 3 and 4 only (d) 1, 2, 3 and 4,","Reading Interpretation","L2","Inference Trap","","Overgeneralization","High","Declining","CSAT_2016_P17","Passage"
"UPSC_2016_CSAT_Q69","2016","Aptitude","mcq_standard","Reading Interpretation","medium","static","medium","static","","CSAT_2016_P17","","","","Global Food Security","Supply-Demand Balance; Hunger","",",Q69. According to the above passage, the biggest challenge to world agriculture is: (a) to find sufficient land for agriculture and to expand food processing industries (b) to eradicate hunger in underdeveloped countries (c) to achieve a balance between the production of food and non-food items (d) to achieve a balance between demand for and supply of food,","Reading Interpretation","L2","Inference Trap","","Incomplete Inference","High","Declining","CSAT_2016_P17","Passage"
"UPSC_2016_CSAT_Q7","2016","Aptitude","mcq_standard","Logical Deduction","medium","static","medium","static","","","","","","Logical Deduction (Constraint System)","Elimination; Logical Deduction","",",Q7. A ate grapes and pineapple; B ate grapes and oranges; C ate oranges, pineapple and apple; D ate grapes, apple and pineapple. After taking fruits, B and C fell sick. In the light of the above facts, it can be said that the cause of sickness was: (a) Apple (b) Pineapple (c) Grapes (d) Oranges,","Elimination Logic","L4","Constraint Satisfaction Trap","","State Construction Failure","High","Repeating","CSAT_2016_LOGIC_SET_6","Constraint System"
"UPSC_2016_CSAT_Q70","2016","Aptitude","mcq_standard","Reading Interpretation","medium","static","medium","static","","CSAT_2016_P17","","","","Global Food Security","Purchasing Power; Hunger Reduction","",",Q70. According to the above passage, which of the following helps in reducing hunger and starvation in the developing economies? Balancing demand and supply of food Increasing imports of food Increasing purchasing power of the poor Changing the food consumption patterns and practices (a) 1 only (b) 2, 3 and 4 only (c) 1 and 3 only (d) 1, 2, 3 and 4,","Reading Interpretation","L2","Inference Trap","","Incomplete Inference","High","Declining","CSAT_2016_P17","Passage"
"UPSC_2016_CSAT_Q71","2016","Aptitude","mcq_standard","Reading Interpretation","medium","static","medium","static","","CSAT_2016_P17","","","","Global Food Security","Food Supply Chains; Price Affordability","",",Q71. The issue of worldwide supply of food has gained importance mainly because of: Overgrowth of the population worldwide Sharp decline in the area of food production Limitation in the capabilities for sustained supply of food (a) 1 and 2 only (b) 3 only (c) 2 and 3 only (d) 1, 2 and 3,","Reading Interpretation","L2","Inference Trap","","Incomplete Inference","High","Declining","CSAT_2016_P17","Passage"
"UPSC_2016_CSAT_Q72","2016","Aptitude","mcq_standard","Logical Deduction","medium","static","medium","static","","","","","","Logical Deduction (Constraint System)","Arrangement Restrictions; Counting","",",Q72. Four-digit numbers are to be formed using the digits 1, 2, 3 and 4, and none of these digits are repeated. Further: 2 and 3 are not to immediately follow each other 1 is not to be immediately followed by 3 4 is not to appear at the last place 1 is not to appear at the first place How many different numbers can be formed? (a) 6 (b) 8 (c) 9 (d) None of the above,","Elimination Logic","L4","Constraint Satisfaction Trap","","State Construction Failure","High","Repeating","CSAT_2016_LOGIC_SET_6","Constraint System"
"UPSC_2016_CSAT_Q73","2016","Aptitude","mcq_standard","Logical Deduction","medium","static","medium","static","","","","","","Logical Deduction (Constraint System)","Volume; Capacity","",",Q73. A cylindrical overhead tank of radius 2 m and height 7 m is to be filled from an underground tank of size 5.5 m ? 4 m ? 6 m. How much portion of the underground tank is still filled with water after filling the overhead tank completely? (a) 1/3 (b) 1/2 (c) 1/4 (d) 1/6,","Elimination Logic","L4","Constraint Satisfaction Trap","","State Construction Failure","High","Repeating","CSAT_2016_LOGIC_SET_6","Constraint System"
"UPSC_2016_CSAT_Q74","2016","Aptitude","mcq_standard","Logical Deduction","medium","static","medium","static","","","","","","Logical Deduction (Constraint System)","Ranking; Ratio","",",Q74. In a class of 60 students, where the number of girls is twice that of boys, Kamal, a boy, ranked seventeenth from the top. If there are 9 girls ahead of Kamal, the number of boys in rank after him is: (a) 13 (b) 12 (c) 7 (d) 3,","Elimination Logic","L4","Constraint Satisfaction Trap","","State Construction Failure","High","Repeating","CSAT_2016_LOGIC_SET_6","Constraint System"
"UPSC_2016_CSAT_Q75","2016","Aptitude","mcq_standard","Logical Deduction","medium","static","medium","static","","","","","","Logical Deduction (Constraint System)","Circular Motion; Relative Speed; Circular","",",Q75. A and B walk around a circular park. They start at 8 a.m. from the same point in opposite directions. A and B walk at a speed of 2 rounds per hour and 3 rounds per hour respectively. How many times shall they cross each other after 8.00 a.m. and before 9.30 a.m.? (a) 7 (b) 6 (c) 5 (d) 8,","Elimination Logic","L4","Constraint Satisfaction Trap","","State Construction Failure","High","Repeating","CSAT_2016_LOGIC_SET_6","Constraint System"
"UPSC_2016_CSAT_Q76","2016","Aptitude","mcq_standard","Logical Deduction","medium","static","medium","static","","","","","","Logical Deduction (Constraint System)","Work Rates; Efficiency","",",Q76. W can do 25% of a work in 30 days, X can do 1/4 of the work in 10 days, Y can do 40% of the work in 40 days and Z can do 1/3 of the work in 13 days. Who will complete the work first? (a) W (b) X (c) Y (d) Z,","Elimination Logic","L4","Constraint Satisfaction Trap","","State Construction Failure","High","Declining","CSAT_2016_LOGIC_SET_6","Constraint System"
"UPSC_2016_CSAT_Q77","2016","Aptitude","mcq_standard","Logical Deduction","medium","static","medium","static","","","","","","Logical Deduction (Constraint System)","Average; Income","",",Q77. The average monthly income of a person in a certain family of 5 is Rs. 10,000. What will be the average monthly income of a person in the same family if the income of one person increased by Rs. 1,20,000 per year? (a) Rs. 12,000 (b) Rs. 16,000 (c) Rs. 20,000 (d) Rs. 34,000,","Elimination Logic","L4","Constraint Satisfaction Trap","","State Construction Failure","High","Repeating","CSAT_2016_LOGIC_SET_6","Constraint System"
"UPSC_2016_CSAT_Q78","2016","Aptitude","mcq_standard","Concept Application","medium","static","medium","static","","","","","","Sum of Distances","Sum of Distances; Arithmetic Series","",",Q78. In a race, a competitor has to collect 6 apples which are kept in a straight line on a track and a bucket is placed at the beginning of the track which is a starting point. The condition is that the competitor can pick only one apple at a time, run back with it and drop it in the bucket. If he has to drop all the apples in the bucket, how much total distance has he to run if the bucket is 5 meters from the first apple and all other apples are placed 3 meters apart? (a) 40 m (b) 50 m (c) 75 m (d) 150 m,","Concept Application","L3","Hidden Constraint Trap","","Misreading","High","Repeating","",""
"UPSC_2016_CSAT_Q79","2016","Aptitude","mcq_standard","Concept Application","medium","static","medium","static","","","","","","Area Probability","Area Probability; Circles","",",Q79. A round archery target of diameter 1 m is marked with four scoring regions from the centre outwards as red, blue, yellow and white. The radius of the red band is 0.20 m. The width of all the remaining bands is equal. If archers throw arrows towards the target, what is the probability that the arrows fall in the red region of the archery target? (a) 0.40 (b) 0.20 (c) 0.16 (d) 0.04,","Concept Application","L3","Fact Twist","","Equation Setup Error","Medium","Repeating","",""
"UPSC_2016_CSAT_Q8","2016","Aptitude","statement_correct","Concept Application","medium","static","medium","static","","","","","","Birth Rate","Birth Rate; Death Rate; Migration","",",Q8. Consider the following statements: The rate of population growth is increasing in the country The death rate is declining faster in the country compared to birth rate The birth rate is declining faster in the country compared to death rate Rural-urban migration is taking place regularly in the country Which one of the following conclusions may be true? (a) Population growth is increasing due to migration (b) Population growth is increasing due to decline in death rate only (c) Population growth is increasing due to increase in birth rate only (d) Population growth is increasing due to faster decline in death rate than birth rate,","Concept Application","L2","Fact Twist","","Overgeneralization","Medium","Repeating","",""
"UPSC_2016_CSAT_Q80","2016","Aptitude","mcq_standard","Concept Application","medium","static","medium","static","","","","","","Marked Price","Marked Price; Discount","",",Q80. A person allows a 10% discount for cash payment from the marked price of a toy and still he makes a 10% gain. What is the cost price of the toy which is marked Rs. 770? (a) Rs. 610 (b) Rs. 620 (c) Rs. 630 (d) Rs. 640,","Concept Application","L3","Hidden Constraint Trap","","Overgeneralization","High","Repeating","",""
"UPSC_2016_CSAT_Q9","2016","Aptitude","mcq_standard","Logical Deduction","medium","static","medium","static","","","","","","Grid Navigation","Grid Navigation; Coordinate Movement","",",Q9. A person X was driving in a place where all roads ran either north-south or east-west, forming a grid. Roads are at a distance of 1 km from each other in a parallel pattern. He started at the intersection of two roads, drove 3 km north, 3 km west and 4 km south. Which route could bring him back to his starting point, if the same route is repeated? (a) 3 km east, then 2 km south (b) 3 km east, then 1 km north (c) 1 km north, then 2 km west (d) 3 km south, then 1 km north,","Elimination Logic","L3","Logical Reversal Trap","","Misreading","High","Repeating","",""
"UPSC_2017_CSAT_Q1","2017","Aptitude","mcq_standard","Reading Interpretation","medium","static","medium","static","","CSAT_2017_P1","","","","Climate Change & Resource Conflicts","Resource Scarcity; Water Conflicts; Political Conflict","",",Q1. What does the above passage imply? (a) Resource-based conflicts are always politically motivated (b) There are no political solutions to resolve environmental and resource-based conflicts (c) Environmental issues contribute to resource stresses and political conflict (d) Political conflict based on identity or ideology cannot be resolved Passage-2 The man who is perpetually hesitating which of the two things he will do first, will do neither. The man who resolves, but suffers his resolution to be changed by the first counter-suggestion of a friend-who fluctuates from opinion to opinion and veers from plan to plan-can never accomplish anything. He will at best be stationary and probably retrograde in all. It is only the man who first consults wisely, then resolves firmly and then executes his purpose with inflexible perseverance, undismayed by those petty difficulties which daunt a weaker spirit-that can advance to eminence in any line.,","Reading Interpretation","L2","Inference Trap","","Incomplete Inference","High","Declining","CSAT_2017_P1","Passage"
"UPSC_2017_CSAT_Q10","2017","Aptitude","statement_correct","Reading Interpretation","medium","static","medium","static","","CSAT_2017_SET_1","","","","Deductive Logic","Deductive Logic; Statement Evaluation","",",Q10. With reference to the above information, consider the following statements: Some supporters of party 'X' knew Z. Some supporters of party 'X', who opposed Z's campaign strategy, knew Z. No supporters of party 'X' supported Z's campaign strategy. Which of the statements given above is/are not correct? (a) 1 only (b) 2 and 3 only (c) 3 only (d) 1, 2 and 3,","Reading Interpretation","L2","Inference Trap","","Incomplete Inference","High","Repeating","CSAT_2017_SET_1","Passage"
"UPSC_2017_CSAT_Q11","2017","Aptitude","mcq_standard","Concept Application","medium","static","medium","static","","","","","","Weekday Counting","Weekday Counting; Calendar Arithmetic","",",Q11. If second and fourth Saturdays and all the Sundays are taken as only holidays for an office, what would be the minimum number of possible working days of any month of any year? (a) 23 (b) 22 (c) 21 (d) 20,","Concept Application","L3","Hidden Constraint Trap","","Equation Setup Error","High","Repeating","",""
"UPSC_2017_CSAT_Q12","2017","Aptitude","mcq_standard","Concept Application","medium","static","medium","static","","","","","","Population Decline","Population Decline; Geometric Progression","",",Q12. If there is a policy that 1/3rd of a population of a community has migrated every year from one place to some other place, what is the leftover population of that community after the sixth year, if there is no further growth in the population during this period? (a) 16/243rd part of the population (b) 32/243rd part of the population (c) 32/729th part of the population (d) 64/729th part of the population,","Concept Application","L2","None","","Overgeneralization","Medium","Repeating","",""
"UPSC_2017_CSAT_Q13","2017","Aptitude","mcq_standard","Concept Application","medium","static","medium","static","","","","","","Ordering Constraints","Ordering Constraints; Logic Games","",",Q13. Four tests-Physics, Chemistry, Mathematics and Biology-are to be conducted on four consecutive days, not necessarily in the same order. Physics test is held before the test which is conducted after Biology Chemistry is conducted exactly after two tests are held Which is the last test held? (a) Physics (b) Biology (c) Mathematics (d) Chemistry,","Concept Application","L2","None","","Overgeneralization","Medium","Repeating","",""
"UPSC_2017_CSAT_Q14","2017","Aptitude","mcq_standard","Concept Application","medium","static","medium","static","","","","","","Income Comparison","Income Comparison; Algebraic Reasoning","",",Q14. The sum of income of A and B is more than that of C and D taken together. The sum of income of A and C is the same as that of B and D taken together. Moreover, A earns half as much as the sum of the income of B and D. Whose income is the highest? (a) A (b) B (c) C (d) D,","Concept Application","L2","None","","Overgeneralization","Medium","Repeating","",""
"UPSC_2017_CSAT_Q15","2017","Aptitude","mcq_standard","Reading Interpretation","medium","static","medium","static","","CSAT_2017_SET_4","","","","Statement & Conclusion","Statement & Conclusion; Logical Inference; Conclusions","",",Q15. Statement: Good voice is a natural gift but one has to keep practising to improve and excel well in the field of music. Conclusions: I. Natural gifts need nurturing and care. II. Even though one's voice is not good, one can keep practising. (a) Only I (b) Only II (c) Either I or II (d) Neither,","Reading Interpretation","L2","Inference Trap","","Incomplete Inference","High","Repeating","CSAT_2017_SET_4","Passage"
"UPSC_2017_CSAT_Q16","2017","Aptitude","mcq_standard","Concept Application","medium","static","medium","static","","","","","","Relative Progress","Relative Progress; Rates; with Slippage","",",Q16. Three pillars X, Y and Z of different heights. Spiders A, B and C climb: A: +6 cm, slips 1 cm -> net 5 cm B: +7 cm, slips 3 cm -> net 4 cm C: +6.5 cm, slips 2 cm -> net 4.5 cm Each takes 40 chances to reach top. Find height of shortest pillar. (a) 161 cm (b) 163 cm (c) 182 cm (d) 210 cm,","Concept Application","L2","None","","Overgeneralization","Medium","Declining","",""
"UPSC_2017_CSAT_Q17","2017","Aptitude","mcq_standard","Concept Application","medium","static","medium","static","","","","","","Political Theory","Political Theory; Citizen Rights","",",Q17. ""Rights are certain advantageous conditions of social well-being indispensable to the true development of the citizen."" Correct understanding: (a) Individual good only (b) Social good only (c) Both individual and social good (d) Individual good devoid of social well-being,","Concept Application","L2","None","","Overgeneralization","Medium","Repeating","",""
"UPSC_2017_CSAT_Q18","2017","Aptitude","mcq_standard","Concept Application","medium","static","medium","static","","","","","","Ordering","Ordering; Relative Position","",",Q18. 15 students failed in a class of 52. Merit list after removing failures -> Ramesh is 22nd from top. What is his position from bottom? (a) 18th (b) 17th (c) 16th (d) 15th,","Concept Application","L2","None","","Overgeneralization","Medium","Repeating","",""
"UPSC_2017_CSAT_Q19","2017","Aptitude","mcq_standard","Reading Interpretation","medium","static","medium","static","","CSAT_2017_SET_5","","","","Relation Symbols","Relation Symbols; Family Tree; Blood Relations","",",Q19. A + B -> A is son of B A - B -> A is wife of B Expression: P + R - Q (a) Q is son of P (b) Q is wife of P (c) Q is father of P (d) None,","Reading Interpretation","L2","Inference Trap","","Incomplete Inference","High","Repeating","CSAT_2017_SET_5","Passage"
"UPSC_2017_CSAT_Q2","2017","Aptitude","mcq_standard","Reading Interpretation","medium","static","medium","static","","CSAT_2017_P2","","","","Decision-Making & Perseverance","Resolution; Perseverance; Indecision","",",Q2. The keynote that seems to be emerging from the passage is that: (a) we should first consult wisely and then resolve firmly (b) we should reject suggestions of friends and remain unchanged (c) we should always remain broad-minded (d) we should be resolute and achievement-oriented Passage-3 During the summer in the Arctic Ocean, sea ice has been melting earlier and faster, and the winter freeze has been coming later. In the last three decades, the extent of summer ice has declined by about 30 per cent. The lengthening period of summer melt threatens to undermine the whole Arctic food web, atop which stand polar bears.,","Reading Interpretation","L2","Inference Trap","","Incomplete Inference","High","Declining","CSAT_2017_P2","Passage"
"UPSC_2017_CSAT_Q20","2017","Aptitude","mcq_standard","Logical Deduction","medium","static","medium","static","","","","","","Logical Deduction (Constraint System)","Percentage Change; Reverse Transactions","",",Q20. Gopal sells at 10% profit, buys back at 10% loss. Net result? (a) No gain/loss (b) 1% loss (c) 1% gain (d) 0.5% gain Directions for the following 7 (seven) items: Read the following seven passages and answer the items that follow the passages. Your answers to these items should be based on the passages only. Passage-1 We have hard work ahead. There is no resting for any of us till we redeem our pledge in full, till we make all the people of India what destiny intends them to be. We are citizens of a great country, on the verge of bold advance, and we have to live up to that high standard. All of us, to whatever religion we may belong, are equally the children of India with equal rights, privileges and obligations. We cannot encourage communalism or narrow-mindedness, for no nation can be great whose people are narrow in thought or action.,","Elimination Logic","L4","Constraint Satisfaction Trap","","State Construction Failure","High","Repeating","CSAT_2017_LOGIC_SET_1","Constraint System"
"UPSC_2017_CSAT_Q21","2017","Aptitude","mcq_standard","Reading Interpretation","medium","static","medium","static","","CSAT_2017_P9","","","","National Integration & Civic Responsibility","Communalism; Citizenship Duties; Social Cohesion","",",Q21. The challenge the author of the above passage throws to the public is to achieve (a) a high standard of living, progress and privileges (b) equal privileges, fulfilment of destiny and political tolerance (c) spirit of adventure and economic parity (d) hard work, brotherhood and national unity Passage-2 ""The individual, according to Rousseau, puts his person and all his power in common under the supreme direction of the General Will and in our corporate capacity we receive each member as an indivisible part of the whole."",","Reading Interpretation","L2","Inference Trap","","Incomplete Inference","High","Declining","CSAT_2017_P9","Passage"
"UPSC_2017_CSAT_Q22","2017","Aptitude","mcq_standard","Reading Interpretation","medium","static","medium","static","","CSAT_2017_P10","","","","Social Contract & General Will","Rousseau; Popular Sovereignty","",",Q22. In the light of the above passage, the nature of General Will is best described as (a) the sum total of the private wills of the individuals (b) what is articulated by the elected representatives of the individuals (c) the collective good as distinct from private wills of the individuals (d) the material interests of the community Passage-3 In a democratic State, where a high degree of political maturity of the people obtains, the conflict between the will of the sovereign law-making body and the organized will of the people seldom occurs.,","Reading Interpretation","L2","Inference Trap","","Incomplete Inference","High","Declining","CSAT_2017_P10","Passage"
"UPSC_2017_CSAT_Q23","2017","Aptitude","mcq_standard","Reading Interpretation","medium","static","medium","static","","CSAT_2017_P11","","","","Democratic Political Maturity","Sovereignty; Democratic Legitimacy","",",Q23. What does the above passage imply? (a) In a democracy, force is the main phenomenon in the actual exercise of sovereignty. (b) In a mature democracy, force to a great extent is the main phenomenon in the actual exercise of sovereignty. (c) In a mature democracy, use of force is irrelevant in the actual exercise of sovereignty. (d) In a mature democracy, force is narrowed down to a marginal phenomenon in the actual exercise of sovereignty. Passage-4 A successful democracy depends upon widespread interest and participation in politics, in which voting is an essential part. To deliberately refrain from taking such an interest, and from voting, is a kind of implied anarchy; it is to refuse one's political responsibility while enjoying the benefits of a free political society.,","Reading Interpretation","L3","Inference Trap","","Incomplete Inference","High","Declining","CSAT_2017_P11","Passage"
"UPSC_2017_CSAT_Q24","2017","Aptitude","mcq_standard","Reading Interpretation","medium","static","medium","static","","CSAT_2017_P12","","","","Civic Participation & Voting Duty","Political Participation; Electoral Responsibility","",",Q24. This passage relates to (a) duty to vote (b) right to vote (c) freedom to vote (d) right to participate in politics Passage-5 In a free country, the man who reaches the position of leader is usually one of outstanding character and ability. Moreover, it is usually possible to foresee that he will reach such a position, since early in life one can see his qualities of character. But this is not always true in the case of a dictator; often he reaches his position of power through chance, very often through the unhappy state of his country.,","Reading Interpretation","L2","Inference Trap","","Incomplete Inference","High","Declining","CSAT_2017_P12","Passage"
"UPSC_2017_CSAT_Q25","2017","Aptitude","pair_match","Reading Interpretation","medium","static","medium","static","","CSAT_2017_P13","","","","Leadership & Political Legitimacy","Democratic Leadership; Dictatorship","",",Q25. The passage seems to suggest that (a) a leader foresees his future position (b) a leader is chosen only by a free country (c) a leader must see that his country is free from despair (d) despair in a country sometimes leads to dictatorship Passage-6 The greatest blessing that technological progress has in store for mankind is not, of course, an accumulation of material possessions. The amount of these that can be effectively enjoyed by one individual in one lifetime is not great. But there is not the same narrow limit to the possibilities of the enjoyment of leisure. The gift of leisure may be abused by people who have had no experience of making use of it. Yet the creative use of leisure by a minority in societies has been the mainspring of all human progress beyond the primitive level.,","Reading Interpretation","L2","Inference Trap","","Incomplete Inference","High","Declining","CSAT_2017_P13","Passage"
"UPSC_2017_CSAT_Q26","2017","Aptitude","mcq_standard","Reading Interpretation","medium","static","medium","static","","CSAT_2017_P14","","","","Leisure and Human Progress","Creativity; Technological Progress","",",Q26. With reference to the above passage, the following assumptions have been made: People always see leisure time as a gift and use it for acquiring more material possessions. Use of leisure by some people to produce new and original things has been the chief source of human progress. Which of these assumptions is/are valid? (a) 1 only (b) 2 only (c) Both 1 and 2 (d) Neither 1 nor 2 Passage-7 There is more than a modicum of truth in the assertion that ""a working knowledge of ancient history is necessary to the intelligent interpretation of current events"". But the sage who uttered these words of wisdom might well have added something on the benefits of studying particularly the famous battles of history for the lessons they contain for those of us who lead or aspire to leadership. Such a study will reveal certain qualities and attributes which enabled the winners to win-and certain deficiencies which caused the losers to lose. And the student will see that the same pattern recurs consistently, again and again, throughout the centuries.,","Reading Interpretation","L3","Inference Trap","","Assumption Misinterpretation","High","Declining","CSAT_2017_P14","Passage"
"UPSC_2017_CSAT_Q27","2017","Aptitude","mcq_standard","Reading Interpretation","medium","static","medium","static","","CSAT_2017_P15","","","","Historical Lessons for Leadership","Military History; Leadership Traits","",",Q27. With reference to the above passage, the following assumptions have been made: A study of the famous battles of history would help us understand the modern warfare. Studying the history is essential for anyone who aspires to be a leader. Which of these assumptions is/are valid? (a) 1 only (b) 2 only (c) Both 1 and 2 (d) Neither 1 nor 2,","Reading Interpretation","L3","Inference Trap","","Assumption Misinterpretation","High","Declining","CSAT_2017_P15","Passage"
"UPSC_2017_CSAT_Q28","2017","Aptitude","mcq_standard","Logical Deduction","medium","static","medium","static","","","","","","Logical Deduction (Constraint System)","Weighted Average; Mean Calculation","",",Q28. Suppose the average weight of 9 persons is 50 kg. The average weight of the first 5 persons is 45 kg, whereas the average weight of the last 5 persons is 55 kg. Then the weight of the 5th person will be (a) 45 kg (b) 47.5 kg (c) 50 kg (d) 52.5 kg,","Elimination Logic","L4","Constraint Satisfaction Trap","","State Construction Failure","High","Repeating","CSAT_2017_LOGIC_SET_1","Constraint System"
"UPSC_2017_CSAT_Q29","2017","Aptitude","mcq_standard","Reading Interpretation","medium","static","medium","static","","CSAT_2017_SET_6","","","","Grouping & Selection","Grouping & Selection; Logic Games; Set Constraints","",",Q29. In a group of six women, there are four tennis players, four postgraduates in Sociology, one postgraduate in Commerce and three bank employees. Vimala and Kamala are the bank employees while Amala and Komala are unemployed. Komala and Nirmala are among the tennis players. Amala, Kamala, Komala and Nirmala are postgraduates in Sociology of whom two are bank employees. If Shyamala is a postgraduate in Commerce, who among the following is both a tennis player and a bank employee? (a) Amala (b) Komala (c) Nirmala (d) Shyamala,","Reading Interpretation","L2","Inference Trap","","Incomplete Inference","High","Repeating","CSAT_2017_SET_6","Passage"
"UPSC_2017_CSAT_Q3","2017","Aptitude","mcq_standard","Reading Interpretation","medium","static","medium","dynamic","","CSAT_2017_P3","","","","Climate Change & Polar Ecosystems","Arctic Sea Ice; Polar Bears","",",Q3. Which among the following is the most crucial message conveyed by the above passage? (a) Climate change has caused Arctic summer to be short but temperature to be high (b) Polar bears can be shifted to South Pole to ensure their survival (c) Without the presence of polar bears, the food chains in Arctic region will disappear (d) Climate change poses a threat to the survival of polar bears Passage-4 Why do people prefer open defecation and not want toilets or, if they have them, only use them sometimes? Recent research has shown two critical elements: ideas of purity and pollution, and not wanting pits or septic tanks to fill because they have to be emptied. These are the issues that nobody wants to talk about, but if we want to eradicate the practice of open defecation, they have to be confronted and dealt properly.,","Reading Interpretation","L2","Inference Trap","","Incomplete Inference","High","Declining","CSAT_2017_P3","Passage"
"UPSC_2017_CSAT_Q30","2017","Aptitude","mcq_standard","Logical Deduction","medium","static","medium","static","","","","","","Logical Deduction (Constraint System)","Weighted Average; Inequalities","",",Q30. P = (40% of A) + (65% of B) and Q = (50% of A) + (50% of B), where A is greater than B. In this context, which of the following statements is correct? (a) P is greater than Q (b) Q is greater than P (c) P is equal to Q (d) None of the above can be concluded with certainty,","Elimination Logic","L4","Constraint Satisfaction Trap","","State Construction Failure","High","Repeating","CSAT_2017_LOGIC_SET_1","Constraint System"
"UPSC_2017_CSAT_Q31","2017","Aptitude","mcq_standard","Logical Deduction","medium","static","medium","static","","","","","","Logical Deduction (Constraint System)","Clock Error; Time Difference","",",Q31. A watch loses 2 minutes in every 24 hours while another watch gains 2 minutes in every 24 hours. At a particular instant, the two watches showed an identical time. Which of the following statements is correct if 24-hour clock is followed? (a) The two watches show the identical time again on completion of 30 days. (b) The two watches show the identical time again on completion of 90 days. (c) The two watches show the identical time again on completion of 120 days. (d) None of the above statements is correct.,","Elimination Logic","L4","Constraint Satisfaction Trap","","State Construction Failure","High","Repeating","CSAT_2017_LOGIC_SET_1","Constraint System"
"UPSC_2017_CSAT_Q32","2017","Aptitude","mcq_standard","Logical Deduction","medium","static","medium","static","","","","","","Logical Deduction (Constraint System)","Household Income Distribution; Percentage Calculation","",",Q32. In a city, 12% of households earn less than ?30,000 per year, 6% households earn more than ?2,00,000 per year, 22% households earn more than ?1,00,000 per year and 990 households earn between ?30,000 and ?1,00,000 per year. How many households earn between ?1,00,000 and ?2,00,000 per year? (a) 250 (b) 240 (c) 230 (d) 225,","Elimination Logic","L4","Constraint Satisfaction Trap","","State Construction Failure","High","Repeating","CSAT_2017_LOGIC_SET_1","Constraint System"
"UPSC_2017_CSAT_Q33","2017","Aptitude","mcq_standard","Logical Deduction","medium","static","medium","static","","","","","","Logical Deduction (Constraint System)","Arithmetic Progression; Time Measurement","",",Q33. A clock strikes once at 1 o'clock, twice at 2 o'clock and thrice at 3 o'clock, and so on. If it takes 12 seconds to strike at 5 o'clock, what is the time taken by it to strike at 10 o'clock? (a) 20 seconds (b) 24 seconds (c) 28 seconds (d) 30 seconds,","Elimination Logic","L4","Constraint Satisfaction Trap","","State Construction Failure","High","Repeating","CSAT_2017_LOGIC_SET_1","Constraint System"
"UPSC_2017_CSAT_Q34","2017","Aptitude","mcq_standard","Reading Interpretation","medium","static","medium","static","","CSAT_2017_SET_7","","","","Statement & Conclusion","Statement & Conclusion; Logical Validity; Conclusions","",",Q34. Consider the given statement and the two conclusions that follow: Statement: Morning walk is good for health. Conclusions: All healthy people go for morning walk. Morning walk is essential for maintaining good health. What is/are the valid conclusion/s? (a) 1 only (b) 2 only (c) Both 1 and 2 (d) Neither 1 nor 2,","Reading Interpretation","L2","Inference Trap","","Incomplete Inference","High","Repeating","CSAT_2017_SET_7","Passage"
"UPSC_2017_CSAT_Q35","2017","Aptitude","mcq_standard","Logical Deduction","medium","static","medium","static","","","","","","Logical Deduction (Constraint System)","Arithmetic Progression; Mean of Consecutive Numbers","",",Q35. There are thirteen 2-digit consecutive odd numbers. If 39 is the mean of the first five such numbers, then what is the mean of all the thirteen numbers? (a) 47 (b) 49 (c) 51 (d) 45,","Elimination Logic","L4","Constraint Satisfaction Trap","","State Construction Failure","High","Repeating","CSAT_2017_LOGIC_SET_1","Constraint System"
"UPSC_2017_CSAT_Q36","2017","Aptitude","mcq_standard","Concept Application","medium","static","medium","static","","","","","","Conservation of Quantity","Conservation of Quantity; Net Change","",",Q36. Six boys A, B, C, D, E and F play a game of cards. Each has a pack of 10 cards. F borrows 2 cards from A and gives away 5 to C who in turn gives 3 to B while B gives 6 to D who passes on 1 to E. Then the number of cards possessed by D and E is equal to the number of cards possessed by (a) A, B and C (b) B, C and F (c) A, B and F (d) A, C and F,","Concept Application","L2","None","","Overgeneralization","Medium","Repeating","",""
"UPSC_2017_CSAT_Q37","2017","Aptitude","mcq_standard","Concept Application","medium","static","medium","static","","","","","","Ratio","Ratio; Replacement","",",Q37. There is a milk sample with 50% water in it. If 1/3rd of this milk is added to equal amount of pure milk, then water in the new mixture will fall down to (a) 25% (b) 30% (c) 35% (d) 40%,","Concept Application","L3","Hidden Constraint Trap","","Overgeneralization","High","Repeating","",""
"UPSC_2017_CSAT_Q38","2017","Aptitude","mcq_standard","Concept Application","medium","static","medium","static","","","","","","Combinatorics","Combinatorics; Geometry","",",Q38. There are 4 horizontal and 4 vertical lines, parallel and equidistant to one another on a board. What is the maximum number of rectangles and squares that can be formed? (a) 16 (b) 24 (c) 36 (d) 42,","Concept Application","L2","Hidden Constraint Trap","","Equation Setup Error","High","Repeating","",""
"UPSC_2017_CSAT_Q39","2017","Aptitude","mcq_standard","Concept Application","medium","static","medium","static","","","","","","Time-Distance","Time-Distance; Overtaking","",",Q39. A freight train left Delhi for Mumbai at an average speed of 40 km/hr. Two hours later, an express train left Delhi for Mumbai, following the freight train on a parallel track at an average speed of 60 km/hr. How far from Delhi would the express train meet the freight train? (a) 480 km (b) 260 km (c) 240 km (d) 120 km,","Concept Application","L3","Hidden Constraint Trap","","Misreading","High","Repeating","",""
"UPSC_2017_CSAT_Q4","2017","Aptitude","mcq_standard","Reading Interpretation","medium","static","medium","dynamic","","CSAT_2017_P4","","","","Sanitation Behavior","Open Defecation; Purity-Pollution Norms","",",Q4. Which among the following is the most crucial message conveyed by the above passage? (a) The ideas of purity and pollution are so deep-rooted that they cannot be removed (b) People have to perceive toilet use and pit-emptying as clean and not polluting (c) People cannot change their old habits (d) People have neither civic sense nor sense of privacy Passage-5 In the last two decades, the world's gross domestic product (GDP) has increased by 50 per cent, whereas inclusive wealth has increased by a mere 6 per cent. In recent decades, GDP-driven economic performance has only harmed inclusive wealth like human capital and natural capital like forests, land and water. While the world's human capital which stands at 57 per cent of total inclusive wealth grew by only 8 per cent, the natural capital which is 23 per cent of total inclusive wealth declined by 30 per cent worldwide in the last two decades.,","Reading Interpretation","L2","Inference Trap","","Incomplete Inference","High","Declining","CSAT_2017_P4","Passage"
"UPSC_2017_CSAT_Q40","2017","Aptitude","mcq_standard","Reading Interpretation","medium","static","medium","static","","CSAT_2017_SET_8","","","","Ranking & Inequalities","Ranking & Inequalities; Comparative Statements; Order","",",Q40. In a test, Randhir obtained more marks than the total marks obtained by Kunal and Debu. The total marks obtained by Kunal and Shankar are more than those of Randhir. Sonal obtained more marks than Shankar. Neha obtained more marks than Randhir. Who amongst them obtained highest marks? (a) Randhir (b) Neha (c) Sonal (d) Data are inadequate Directions for the following 8 (eight) items: Read the following seven passages and answer the items that follow the passages. Your answers should be based on the passages only. Passage-1 Disruption of traditional institutions, identifications and loyalties is likely to lead to ambivalent situations. It is possible that some people may renew their identification with traditional groups whereas others align themselves with new groups and symbols emergent from processes of political development. In addition, political development tends to foster group awareness of a variety of class, tribe, region, clan, language, religion, occupation and others.,","Reading Interpretation","L2","Inference Trap","","Overgeneralization","High","Repeating","CSAT_2017_SET_8","Passage"
"UPSC_2017_CSAT_Q41","2017","Aptitude","mcq_standard","Reading Interpretation","medium","static","medium","static","","CSAT_2017_P16","","","","Political Development & Group Identity","Traditional vs Modern Identities; Social Cleavages","",",Q41. Which one of the following is the best explanation of the above passage? (a) Political development is not a unilinear process for it involves both growth and decay. (b) Traditional societies succeed in resisting positive aspects of political development. (c) It is impossible for traditional societies to break away from lingering loyalties. (d) Sustenance of traditional loyalties is conducive to political development. Passage-2 There has been a significant trend worldwide towards regionalism in government, resulting in a widespread transfer of powers downwards towards regions and communities since 1990s. This process, which involves the creation of new political entities and bodies at a sub-national level and an increase in their content and powers, is known as devolution. Devolution has been characterized as being made up of three factors-political legitimacy, decentralization of authority and decentralization of resources. Political legitimacy here means a mass demand from below for the decentralization process, which is able to create a political force for it to take place. In many cases, decentralization is initiated by the upper tier of government without sufficient political mobilization for it at the grassroots level, and in such cases the decentralization process often does not fulfil its objectives.,","Reading Interpretation","L2","Inference Trap","","Incomplete Inference","High","Declining","CSAT_2017_P16","Passage"
"UPSC_2017_CSAT_Q42","2017","Aptitude","mcq_standard","Reading Interpretation","medium","static","medium","static","","CSAT_2017_P17","","","","Devolution & Decentralization","Political Legitimacy; Grassroots Participation","",",Q42. Which among the following is the most logical, rational and critical inference that can be made from the above passage? (a) Emergence of powerful mass leaders is essential to create sub-national political entities and thus ensure successful devolution and decentralization. (b) The upper tier of government should impose devolution and decentralization on the regional communities by law or otherwise. (c) Devolution, to be successful, requires a democracy in which there is free expression of the will of the people at lower level and their active participation at the grassroots level. (d) For devolution to take place, a strong feeling of regionalism in the masses is essential. Passage-3 We live in digital times. The digital is not just something we use strategically and specifically to do a few tasks. Our very perception of who we are, how we connect to the world around us, and the ways in which we define our domains of life, labour and language are hugely structured by the digital technologies. The digital is everywhere and, like air, invisible. We live within digital systems, we live with intimate gadgets, we interact through digital media, and the very presence and imagination of the digital has dramatically restructured our lives. The digital, far from being a tool, is a condition and context that defines the shapes and boundaries of our understanding of the self, the society, and the structure of governance.,","Reading Interpretation","L3","Inference Trap","","Overgeneralization","High","Declining","CSAT_2017_P17","Passage"
"UPSC_2017_CSAT_Q43","2017","Aptitude","mcq_standard","Reading Interpretation","medium","static","medium","static","","CSAT_2017_P18","","","","Digital Society & Governance","Digital Technologies; Social Transformation","",",Q43. Which among the following is the most logical and essential message conveyed by the above passage? (a) All problems of governance can be solved by using digital technologies. (b) Speaking of digital technologies is speaking of our life and living. (c) Our creativity and imagination cannot be expressed without digital media. (d) Use of digital systems is imperative for the existence of mankind in future. Passage-4 The IMF has pointed out that the fast growing economies of Asia face the risk of falling into 'middle-income trap'. It means that average incomes in these countries, which till now have been growing rapidly, will stop growing beyond a point-a point that is well short of incomes in the developed West. The IMF identifies a number of causes of middle-income trap-none of which is surprising-from infrastructure to weak institutions, to less than favourable macroeconomic conditions. But the broad, overall cause, says IMF, is a collapse in the growth of productivity.,","Reading Interpretation","L3","Inference Trap","","Incomplete Inference","High","Declining","CSAT_2017_P18","Passage"
"UPSC_2017_CSAT_Q44","2017","Aptitude","mcq_standard","Reading Interpretation","medium","static","medium","static","","CSAT_2017_P19","","","","Middle-Income Trap","Productivity Growth; Economic Development","",",Q44. Which among the following is the most logical, rational and critical inference that can be made from the above passage? (a) Once a country reaches middle-income stage, it runs the risk of falling productivity which leads to stagnant incomes. (b) Falling into middle-income trap is a general characteristic of fast growing economies. (c) There is no hope at all for emerging Asian economies to sustain the growth momentum. (d) As regards growth of productivity, the performance of Asian economies is not satisfactory. Passage-5 An innovative India will be inclusive as well as technologically advanced, improving the lives of all Indians. Innovation and R&D can mitigate increases in social inequality and relieve the pressures created by rapid urbanization. The growing divergence in productivity between agriculture and knowledge-intensive manufacturing and services threatens to increase income inequality. By encouraging India's R&D labs and universities to focus on the needs of poor people and by improving the ability of informal firms to absorb knowledge, an innovation and research agenda can counter this effect. Inclusive innovation can lower the costs of goods and services and create income-earning opportunities for the poor people.,","Reading Interpretation","L3","Inference Trap","","Overgeneralization","High","Declining","CSAT_2017_P19","Passage"
"UPSC_2017_CSAT_Q45","2017","Aptitude","mcq_standard","Reading Interpretation","medium","static","medium","static","","CSAT_2017_P20","","","","Inclusive Innovation & Inequality","R&D Policy; Income Inequality","",",Q45. Which among the following is the most logical and rational assumption that can be made from the above passage? (a) Innovation and R&D is the only way to reduce rural to urban migration. (b) Every rapidly growing country needs to minimize the divergence between productivity in agriculture and other sectors. (c) Inclusive innovation and R&D can help create an egalitarian society. (d) Rapid urbanization takes place only when a country's economic growth is rapid. Passage-6 Climate change is likely to expose a large number of people to increasing environmental risks forcing them to migrate. The international community is yet to recognize this new category of migrants. There is no consensus on the definition and status of climate refugees owing to the distinct meaning the term refugees carry under international laws. There are still gaps in understanding how climate change will work as the root cause of migration. Even if there is recognition of climate refugees, who is going to provide protection? More emphasis has been given to international migration due to climate change. But there is a need to recognize the migration of such people within the countries also so that their problems can be addressed properly.,","Reading Interpretation","L3","Inference Trap","","Assumption Misinterpretation","High","Declining","CSAT_2017_P20","Passage"
"UPSC_2017_CSAT_Q46","2017","Aptitude","mcq_standard","Reading Interpretation","medium","static","medium","static","","CSAT_2017_P21","","","","Climate Change & Migration","Climate Refugees; Environmental Risk","",",Q46. Which of the following is the most rational inference from the above passage? (a) The world will not be able to cope with large-scale migration of climate refugees. (b) We must find the ways and means to stop further climate change. (c) Climate change will be the most important reason for the migration of people in the future. (d) Relation between climate change and migration is not yet properly understood. Passage-7 Many farmers use synthetic pesticides to kill infesting insects. The consumption of pesticides in some of the developed countries is touching 3000 grams/hectare. Unfortunately, there are reports that these compounds possess inherent toxicities that endanger the health of the farm operators, consumers and the environment. Synthetic pesticides are generally persistent in environment. Entering in food chain they destroy the microbial diversity and cause ecological imbalance. Their indiscriminate use has resulted in development of resistance among insects to insecticides, upsetting balance in nature and resurgence of treated populations. Natural pest control using botanical pesticides is safer to the user and the environment because they break down into harmless compounds within hours or days in the presence of sunlight. Plants with pesticidal properties have been in nature for millions of years without any ill or adverse effects on the ecosystem. They are easily decomposed by many microbes common in most soils. They help in the maintenance of biological diversity of predators and the reduction of environmental contamination and human health hazards. Botanical pesticides formulated from plants are biodegradable and their use in crop protection is a practical sustainable alternative.,","Reading Interpretation","L3","Inference Trap","","Incomplete Inference","High","Declining","CSAT_2017_P21","Passage"
"UPSC_2017_CSAT_Q47","2017","Aptitude","mcq_standard","Reading Interpretation","medium","static","medium","static","","CSAT_2017_P22","","","","Botanical Pesticides & Sustainable Agriculture","Synthetic Pesticides; Ecological Balance","",",Q47. On the basis of the above passage, the following assumptions have been made: Synthetic pesticides should never be used in modern agriculture. One of the aims of sustainable agriculture is to ensure minimal ecological imbalance. Botanical pesticides are more effective as compared to synthetic pesticides. Which of the assumptions given above is/are correct? (a) 1 and 2 only (b) 2 only (c) 1 and 3 only (d) 1, 2 and 3,","Reading Interpretation","L3","Inference Trap","","Assumption Misinterpretation","High","Declining","CSAT_2017_P22","Passage"
"UPSC_2017_CSAT_Q48","2017","Aptitude","statement_correct","Logical Deduction","medium","static","medium","static","","","","","","Logical Deduction (Constraint System)","Integrated Pest Management; Environmental Safety","",",Q48. Which of the following statements is/are correct regarding biopesticides? They are not hazardous to human health. They are persistent in environment. They are essential to maintain the biodiversity of any ecosystem. Select the correct answer using the code given below. (a) 1 only (b) 1 and 2 only (c) 1 and 3 only (d) 1, 2 and 3,","Elimination Logic","L4","Constraint Satisfaction Trap","","State Construction Failure","High","Repeating","CSAT_2017_LOGIC_SET_2","Constraint System"
"UPSC_2017_CSAT_Q49","2017","Aptitude","mcq_standard","Logical Deduction","medium","static","medium","static","","","","","","Logical Deduction (Constraint System)","Divisibility; Digit Reversal","",",Q49. Certain 3-digit numbers have the following characteristics: All the three digits are different. The number is divisible by 7. The number on reversing the digits is also divisible by 7. How many such 3-digit numbers are there? (a) 2 (b) 4 (c) 6 (d) 8,","Elimination Logic","L4","Constraint Satisfaction Trap","","State Construction Failure","High","Repeating","CSAT_2017_LOGIC_SET_2","Constraint System"
"UPSC_2017_CSAT_Q5","2017","Aptitude","mcq_standard","Reading Interpretation","medium","static","medium","static","","CSAT_2017_P5","","","","Inclusive Wealth & Sustainability","GDP vs Inclusive Wealth; Natural Capital","",",Q5. Which of the following is the most crucial inference from the above passage? (a) More emphasis should be laid on the development of natural capital (b) The growth driven by GDP only is neither desirable nor sustainable (c) The economic performance of the countries of the world is not satisfactory (d) The world needs more human capital under the present circumstances Passage-6 By 2020, when the global economy is expected to run short of 56 million young people, India, with its youth surplus of 47 million, could fill the gap. It is in this context that labour reforms are often cited as the way to unlock double-digit growth in India. In 2014, India's labour force was estimated to be about 40 per cent of the population, but 93 per cent of this force was in the unorganized sector. Over the last decade, the compound annual growth rate (CAGR) of employment has slowed to 0.5 per cent, with about 14 million jobs created during last year when the labour force increased by about 15 million.,","Reading Interpretation","L3","Inference Trap","","Incomplete Inference","High","Declining","CSAT_2017_P5","Passage"
"UPSC_2017_CSAT_Q50","2017","Aptitude","mcq_standard","Reading Interpretation","medium","static","medium","static","","CSAT_2017_SET_9","","","","Logical Statements","Logical Statements; Syllogism; Valid Conclusions","",",Q50. Examine the following statements: All colours are pleasant. Some colours are pleasant. No colour is pleasant. Some colours are not pleasant. Given that statement 4 is true, what can be definitely concluded? (a) 1 and 2 are true. (b) 3 is true. (c) 2 is false. (d) 1 is false.,","Reading Interpretation","L2","Inference Trap","","Incomplete Inference","High","Repeating","CSAT_2017_SET_9","Passage"
"UPSC_2017_CSAT_Q51","2017","Aptitude","mcq_standard","Logical Deduction","medium","static","medium","static","","","","","","Logical Deduction (Constraint System)","Place Value; Counting","",",Q51. How many numbers are there between 99 and 1000 such that the digit 8 occupies the units place? (a) 64 (b) 80 (c) 90 (d) 104,","Elimination Logic","L4","Constraint Satisfaction Trap","","State Construction Failure","High","Repeating","CSAT_2017_LOGIC_SET_2","Constraint System"
"UPSC_2017_CSAT_Q52","2017","Aptitude","mcq_standard","Logical Deduction","medium","static","medium","static","","","","","","Logical Deduction (Constraint System)","Mean-Median-Mode; Skewness","",",Q52. If for a sample data Mean < Median < Mode then the distribution is (a) symmetric (b) skewed to the right (c) neither symmetric nor skewed (d) skewed to the left,","Elimination Logic","L4","Constraint Satisfaction Trap","","State Construction Failure","High","Repeating","CSAT_2017_LOGIC_SET_2","Constraint System"
"UPSC_2017_CSAT_Q53","2017","Aptitude","mcq_standard","Logical Deduction","medium","static","medium","static","","","","","","Logical Deduction (Constraint System)","Perfect Squares; Perfect Cubes","",",Q53. The age of Mr. X last year was the square of a number and it would be the cube of a number next year. What is the least number of years he must wait for his age to become the cube of a number again? (a) 42 (b) 38 (c) 25 (d) 16,","Elimination Logic","L4","Constraint Satisfaction Trap","","State Construction Failure","High","Repeating","CSAT_2017_LOGIC_SET_2","Constraint System"
"UPSC_2017_CSAT_Q54","2017","Aptitude","mcq_standard","Logical Deduction","medium","static","medium","static","","","","","","Logical Deduction (Constraint System)","Work Rates; Ratio of Wages","",",Q54. P works thrice as fast as Q, whereas P and Q together can work four times as fast as R. If P, Q and R together work on a job, in what ratio should they share the earnings? (a) 3 : 1 : 1 (b) 3 : 2 : 4 (c) 4 : 3 : 4 (d) 3 : 1 : 4,","Elimination Logic","L4","Constraint Satisfaction Trap","","State Construction Failure","High","Declining","CSAT_2017_LOGIC_SET_2","Constraint System"
"UPSC_2017_CSAT_Q55","2017","Aptitude","mcq_standard","Reading Interpretation","medium","static","medium","static","","CSAT_2017_SET_10","","","","Blood Relations","Blood Relations; Family Tree; Logical Deductions","",",Q55. Consider the following relationships among members of a family of six persons A, B, C, D, E and F: The number of males equals that of females. A and E are sons of F. D is the mother of two, one boy and one girl. B is the son of A. There is only one married couple in the family at present. Which one of the following inferences can be drawn from the above? (a) A, B and C are all females. (b) A is the husband of D. (c) E and F are children of D. (d) D is the daughter of F.,","Reading Interpretation","L3","Inference Trap","","Incomplete Inference","High","Repeating","CSAT_2017_SET_10","Passage"
"UPSC_2017_CSAT_Q56","2017","Aptitude","mcq_standard","Logical Deduction","medium","static","medium","static","","","","","","Logical Deduction (Constraint System)","Pigeonhole Principle; Combinations; Minimum Draws","",",Q56. A bag contains 20 balls. 8 balls are green, 7 are white and 5 are red. What is the minimum number of balls that must be picked up from the bag blindfolded (without replacing any of it) to be assured of picking at least one ball of each colour? (a) 17 (b) 16 (c) 13 (d) 11,","Elimination Logic","L4","Constraint Satisfaction Trap","","State Construction Failure","High","Repeating","CSAT_2017_LOGIC_SET_2","Constraint System"
"UPSC_2017_CSAT_Q57","2017","Aptitude","mcq_standard","Logical Deduction","medium","static","medium","static","","","","","","Logical Deduction (Constraint System)","Arrangements; Restrictions","",",Q57. If 2 boys and 2 girls are to be arranged in a row so that the girls are not next to each other, how many possible arrangements are there? (a) 3 (b) 6 (c) 12 (d) 24,","Elimination Logic","L4","Constraint Satisfaction Trap","","State Construction Failure","High","Repeating","CSAT_2017_LOGIC_SET_2","Constraint System"
"UPSC_2017_CSAT_Q58","2017","Aptitude","mcq_standard","Concept Application","medium","static","medium","static","","","","","","Painted Cubes","Painted Cubes; Counting; Cubes","",",Q58. The outer surface of a 4 cm ? 4 cm ? 4 cm cube is painted completely in red. It is sliced parallel to the faces to yield sixty four 1 cm ? 1 cm ? 1 cm small cubes. How many small cubes do not have painted faces? (a) 8 (b) 16 (c) 24 (d) 36,","Concept Application","L2","Hidden Constraint Trap","","Equation Setup Error","High","Repeating","",""
"UPSC_2017_CSAT_Q59","2017","Aptitude","mcq_standard","Reading Interpretation","medium","static","medium","static","","CSAT_2017_SET_11","","","","Seating Arrangement","Seating Arrangement; Ordering; Position Constraints","",",Q59. Consider the following: A, B, C, D, E, F, G and H are standing in a row facing North. B is not neighbour of G. F is to the immediate right of G and neighbour of E. G is not at the extreme end. A is sixth to the left of E. H is sixth to the right of C. Which one of the following is correct in respect of the above? (a) C is to the immediate left of A. (b) D is immediate neighbour of B and F. (c) G is to the immediate right of D. (d) A and E are at the extreme ends.,","Reading Interpretation","L2","Inference Trap","","Incomplete Inference","High","Repeating","CSAT_2017_SET_11","Passage"
"UPSC_2017_CSAT_Q6","2017","Aptitude","mcq_standard","Reading Interpretation","medium","static","medium","static","","CSAT_2017_P6","","","","Labour Reforms & Employment","Informal Sector; Employment Growth","",",Q6. Which of the following is the most rational inference from the above passage? (a) India must control its population growth to reduce unemployment (b) Labour reforms are required in India to make optimum use of its vast labour force productively (c) India is poised to achieve double-digit growth very soon (d) India is capable of supplying skilled young people to other countries Passage-7 The very first lesson that should be taught to us when we are old enough to understand it, is that complete freedom from the obligation to work is unnatural, and ought to be illegal, as we can escape our share of the burden of work only by throwing it on someone else's shoulders. Nature ordains that the human race shall perish of famine if it stops working. We cannot escape from this tyranny. The question we have to settle is how much leisure we can afford to allow ourselves.,","Reading Interpretation","L3","Inference Trap","","Incomplete Inference","High","Declining","CSAT_2017_P6","Passage"
"UPSC_2017_CSAT_Q60","2017","Aptitude","mcq_standard","Reading Interpretation","medium","static","medium","static","","CSAT_2017_SET_12","","","","Coding-Decoding","Coding-Decoding; Symbol-Number Mapping","",",Q60. In a certain code, '256' means 'red colour chalk', '589' means 'green colour flower' and '254' means 'white colour chalk'. The digit in the code that indicates 'white' is (a) 2 (b) 4 (c) 5 (d) 8 Directions for the following 7 (seven) items: Read the following seven passages and answer the items that follow the passages. Your answers to these items should be based on the passages only. Passage-1 An air quality index (AQI) is a way to combine measurements of multiple air pollutants into a single number or rating. This index is ideally kept constantly updated and available in different places. The AQI is most useful when lots of pollution data are being gathered and when pollution levels are normally, but not always, low. In such cases, if pollution levels spike for a few days, the public can quickly take preventive action (like staying indoors) in response to an air quality warning. Unfortunately, that is not urban India. Pollution levels in many large Indian cities are so high that they remain well above any health or regulatory standard for large part of the year. If our index stays in the Red/Dangerous region day after day, there is not much anyone can do, other than getting used to ignoring it.,","Reading Interpretation","L2","Inference Trap","","Incomplete Inference","High","Repeating","CSAT_2017_SET_12","Passage"
"UPSC_2017_CSAT_Q61","2017","Aptitude","mcq_standard","Reading Interpretation","medium","static","medium","dynamic","","CSAT_2017_P23","","","","Air Pollution & AQI","Air Quality Index; Health Impacts of Air Pollution","",",Q61. Which among the following is the most logical and rational inference that can be made from the above passage? (a) Our governments are not responsible enough to keep our cities pollution free. (b) There is absolutely no need for air quality indices in our country. (c) Air quality index is not helpful to the residents of many of our large cities. (d) In every city, public awareness about pollution problems should increase. Passage-2 Productive jobs are vital for growth and a good job is the best form of inclusion. More than half of our population depends on agriculture, but the experience of other countries suggests that the number of people dependent on agriculture will have to shrink if per capita incomes in agriculture are to go up substantially. While industry is creating jobs, too many such jobs are low-productivity non-contractual jobs in the unorganized sector, offering low incomes, little protection, and no benefits. Service jobs are relatively of high productivity, but employment growth in services has been slow in recent years.,","Reading Interpretation","L3","Inference Trap","","Overgeneralization","High","Declining","CSAT_2017_P23","Passage"
"UPSC_2017_CSAT_Q62","2017","Aptitude","mcq_standard","Reading Interpretation","medium","static","medium","static","","CSAT_2017_P24","","","","Productive Employment & Inclusion","Informal Sector Jobs; Structural Transformation","",",Q62. Which among the following is the most logical and rational inference that can be made from the above passage? (a) We must create conditions for the faster growth of highly productive service jobs to ensure employment growth and inclusion. (b) We must shift the farm workers to the highly productive manufacturing and service sectors to ensure the economic growth and inclusion. (c) We must create conditions for the faster growth of productive jobs outside of agriculture even while improving the productivity of agriculture. (d) We must emphasize the cultivation of high-yielding hybrid varieties and genetically modified crops to increase the per capita income in agriculture. Passage-3 A landscape-scale approach to land use can encourage greater biodiversity outside protected areas. During hurricane Mitch in 1998, farms using ecoagricultural practices suffered 58 per cent, 70 per cent and 99 per cent less damage in Honduras, Nicaragua and Guatemala, respectively, than farms using conventional techniques. In Costa Rica, vegetative windbreaks and fencerows boosted farmers' income from pasture and coffee while also increasing bird diversity. Bee pollination is more effective when agricultural fields are closer to natural or seminatural habitat, a finding that matters because 87 per cent of the world's 107 leading crops depend on animal pollinators. In Costa Rica, Nicaragua and Colombia silvopastoral systems that integrate trees with pastureland are improving the sustainability of cattle production, and diversifying and increasing farmers' income.,","Reading Interpretation","L3","Inference Trap","","Overgeneralization","High","Declining","CSAT_2017_P24","Passage"
"UPSC_2017_CSAT_Q63","2017","Aptitude","mcq_standard","Reading Interpretation","medium","static","medium","static","","CSAT_2017_P25","","","","Ecoagriculture & Biodiversity","Agro-biodiversity; Sustainable Farming","",",Q63. Which among the following is the most logical and rational inference that can be made from the above passage? (a) Agricultural practices that enhance biodiversity can often increase farm output and reduce the vulnerability to disasters. (b) All the countries of the world should be encouraged to replace ecoagriculture with conventional agriculture. (c) Ecoagriculture should be permitted in protected areas without destroying the biodiversity there. (d) The yield of food crops will be very high if ecoagricultural practices are adopted to cultivate them. Passage-4 The medium term challenge for Indian manufacturing is to move from lower to higher tech sectors, from lower to higher value-added sectors, and from lower to higher productivity sectors. Medium tech industries are primarily capital intensive and resource processing, and high tech industries are mainly capital and technology intensive. In order to push the share of manufacturing in overall GDP to the projected 25 per cent, Indian manufacturing needs to capture the global market in sectors showing a rising trend in demand. These sectors are largely high technology and capital intensive.,","Reading Interpretation","L3","Inference Trap","","Overgeneralization","High","Declining","CSAT_2017_P25","Passage"
"UPSC_2017_CSAT_Q64","2017","Aptitude","mcq_standard","Reading Interpretation","medium","static","medium","static","","CSAT_2017_P26","","","","Manufacturing Upgradation","High-Tech Manufacturing; Productivity Growth","",",Q64. Which among the following is the most logical and rational inference that can be made from the above passage? (a) India's GDP displays high value-added and high productivity levels in medium tech and resource processing industries. (b) Promotion of capital and technology intensive manufacturing is not possible in India. (c) India should push up the public investments and encourage the private investments in research and development, technology upgradation and skill development. (d) India has already gained a great share in global markets in sectors showing a rising trend in demand. Passage-5 Over the last decade, Indian agriculture has become more robust with record production of food grains and oilseeds. Increased procurement, consequently, has added huge stocks of food grains in the granaries. India is one of the world's top producers of rice, wheat, milk, fruits and vegetables. India is still home to a quarter of all undernourished people in the world. On an average, almost half of the total expenditure of nearly half of the households is on food.,","Reading Interpretation","L3","Inference Trap","","Overgeneralization","High","Declining","CSAT_2017_P26","Passage"
"UPSC_2017_CSAT_Q65","2017","Aptitude","mcq_standard","Reading Interpretation","medium","static","medium","static","","CSAT_2017_P27","","","","Food Security & Nutrition","Agricultural Productivity; Malnutrition","",",Q65. Which among the following is the most logical corollary to the above passage? (a) Increasing the efficiency of farm-to-fork value chain is necessary to reduce the poverty and malnutrition. (b) Increasing the agricultural productivity will automatically eliminate the poverty and malnutrition in India. (c) India's agricultural productivity is already great and it is not necessary to increase it further. (d) Allocation of more funds for social welfare and poverty alleviation programmes will ultimately eliminate the poverty and malnutrition in India. Passage-6 The States are like pearls and the Centre is the thread which turns them into a necklace; if the thread snaps, the pearls are scattered.,","Reading Interpretation","L3","Inference Trap","","Overgeneralization","High","Declining","CSAT_2017_P27","Passage"
"UPSC_2017_CSAT_Q66","2017","Aptitude","mcq_standard","Reading Interpretation","medium","static","medium","static","","CSAT_2017_P28","","","","Indian Federalism","Federalism; National Integrity","",",Q66. Which one of the following views corroborates the above statement? (a) A strong Centre and strong States make the federation strong. (b) A strong Centre is a binding force for national integrity. (c) A strong Centre is a hindrance to State autonomy. (d) State autonomy is a prerequisite for a federation. Passage-7 Really I think that the poorest he that is in England has a life to live, as the greatest he, and therefore truly, I think it is clear that every man that is to live under a government ought first by his own consent to put himself under the government, and I do think that the poorest man in England is not at all bound in a strict sense to that government that he has not had a voice to put himself under.,","Reading Interpretation","L2","Inference Trap","","Incomplete Inference","High","Declining","CSAT_2017_P28","Passage"
"UPSC_2017_CSAT_Q67","2017","Aptitude","mcq_standard","Reading Interpretation","medium","static","medium","static","","CSAT_2017_P29","","","","Popular Sovereignty","Consent of the Governed; Social Contract","",",Q67. The above statement argues for (a) distribution of wealth equally to all (b) rule according to the consent of the governed (c) rule of the poor (d) expropriation of the rich,","Reading Interpretation","L2","Inference Trap","","Incomplete Inference","High","Declining","CSAT_2017_P29","Passage"
"UPSC_2017_CSAT_Q68","2017","Aptitude","mcq_standard","Logical Deduction","medium","static","medium","static","","","","","","Logical Deduction (Constraint System)","Weighted Average; Ratio","",",Q68. The average rainfall in a city for the first four days was recorded to be 0.40 inch. The rainfall on the last two days was in the ratio of 4 : 3. The average of six days was 0.50 inch. What was the rainfall on the fifth day? (a) 0.60 inch (b) 0.70 inch (c) 0.80 inch (d) 0.90 inch Directions for the following 3 (three) items: Consider the given information and answer the three items that follow. A, B, C, D, E, F and G are Lecturers from different cities-Hyderabad, Delhi, Shillong, Kanpur, Chennai, Mumbai and Srinagar (not necessarily in the same order) who participated in a conference. Each one of them is specialized in a different subject, viz., Economics, Commerce, History, Sociology, Geography, Mathematics and Statistics (not necessarily in the same order). Further: Lecturer from Kanpur is specialized in Geography. Lecturer D is from Shillong. Lecturer C from Delhi is specialized in Sociology. Lecturer B is specialized in neither History nor Mathematics. Lecturer A who is specialized in Economics does not belong to Hyderabad. Lecturer F who is specialized in Commerce belongs to Srinagar. Lecturer G who is specialized in Statistics belongs to Chennai.,","Elimination Logic","L4","Constraint Satisfaction Trap","","State Construction Failure","High","Repeating","CSAT_2017_LOGIC_SET_4","Constraint System"
"UPSC_2017_CSAT_Q69","2017","Aptitude","mcq_standard","Reading Interpretation","medium","static","medium","static","","CSAT_2017_SET_2","","","","Logic Puzzles","Logic Puzzles; Assignment Constraints; Logic Grid","",",Q69. Who is specialized in Geography? (a) B (b) D (c) E (d) Cannot be determined as data are inadequate,","Reading Interpretation","L2","Inference Trap","","Incomplete Inference","High","Repeating","CSAT_2017_SET_2","Passage"
"UPSC_2017_CSAT_Q7","2017","Aptitude","mcq_standard","Reading Interpretation","medium","static","medium","static","","CSAT_2017_P7","","","","Work & Leisure","Work Ethic; Leisure Balance","",",Q7. The main idea of the passage is that: (a) it is essential for human beings to work (b) there should be a balance between work and leisure (c) working is a tyranny which we have to face (d) human's understanding of the nature of work is essential Passage-8 There is no harm in cultivating habits so long as they are not injurious. Indeed, most of us are little more than a bundle of habits. Take away our habits and the residuum would hardly be worth bothering about. We could not get on without them. They simplify the mechanism of life. They enable us to do a multitude of things automatically, which, if we had to give fresh and original thought to them each time, would make existence an impossible confusion.,","Reading Interpretation","L2","Inference Trap","","Incomplete Inference","High","Declining","CSAT_2017_P7","Passage"
"UPSC_2017_CSAT_Q70","2017","Aptitude","mcq_standard","Reading Interpretation","medium","static","medium","static","","CSAT_2017_SET_2","","","","Logic Puzzles","Logic Puzzles; Assignment Constraints; Logic Grid","",",Q70. To which city does the Lecturer specialized in Economics belong? (a) Hyderabad (b) Mumbai (c) Neither Hyderabad nor Mumbai (d) Cannot be determined as data are inadequate,","Reading Interpretation","L2","Inference Trap","","Incomplete Inference","High","Repeating","CSAT_2017_SET_2","Passage"
"UPSC_2017_CSAT_Q71","2017","Aptitude","mcq_standard","Reading Interpretation","medium","static","medium","static","","CSAT_2017_SET_2","","","","Logic Puzzles","Logic Puzzles; Assignment Constraints; Logic Grid","",",Q71. Who of the following belongs to Hyderabad? (a) B (b) E (c) Neither B nor E (d) Cannot be determined as data are inadequate,","Reading Interpretation","L2","Inference Trap","","Incomplete Inference","High","Repeating","CSAT_2017_SET_2","Passage"
"UPSC_2017_CSAT_Q72","2017","Aptitude","mcq_standard","Reading Interpretation","medium","static","medium","static","","CSAT_2017_SET_13","","","","Logic Puzzles","Logic Puzzles; Assignment Constraints; Set Relations","",",Q72. In a school, there are five teachers A, B, C, D and E. A and B teach Hindi and English. C and B teach English and Geography. D and A teach Mathematics and Hindi. E and B teach History and French. Who teaches maximum number of subjects? (a) A (b) B (c) D (d) E,","Reading Interpretation","L2","Inference Trap","","Incomplete Inference","High","Repeating","CSAT_2017_SET_13","Passage"
"UPSC_2017_CSAT_Q73","2017","Aptitude","mcq_standard","Logical Deduction","medium","static","medium","static","","","","","","Logical Deduction (Constraint System)","Digit Reversal; Remainders","",",Q73. A 2-digit number is reversed. The larger of the two numbers is divided by the smaller one. What is the largest possible remainder? (a) 9 (b) 27 (c) 36 (d) 45,","Elimination Logic","L4","Constraint Satisfaction Trap","","State Construction Failure","High","Repeating","CSAT_2017_LOGIC_SET_4","Constraint System"
"UPSC_2017_CSAT_Q74","2017","Aptitude","mcq_standard","Logical Deduction","medium","static","medium","static","","","","","","Logical Deduction (Constraint System)","Income-Expenditure; Savings","",",Q74. The monthly incomes of X and Y are in the ratio of 4 : 3 and their monthly expenses are in the ratio of 3 : 2. However, each saves ? 6,000 per month. What is their total monthly income? (a) ? 28,000 (b) ? 42,000 (c) ? 56,000 (d) ? 84,000,","Elimination Logic","L4","Constraint Satisfaction Trap","","State Construction Failure","High","Repeating","CSAT_2017_LOGIC_SET_4","Constraint System"
"UPSC_2017_CSAT_Q75","2017","Aptitude","mcq_standard","Logical Deduction","medium","static","medium","static","","","","","","Logical Deduction (Constraint System)","Distance Formula; Right-Angled Triangles","",",Q75. Two walls and a ceiling of a room meet at right angles at a point P. A fly is in the air 1 m from one wall, 8 m from the other wall and 9 m from the point P. How many meters is the fly from the ceiling? (a) 4 (b) 6 (c) 12 (d) 15 Directions for the following 3 (three) items: Consider the given information and answer the three items that follow. Eight railway stations A, B, C, D, E, F, G and H are connected either by two-way passages or one-way passages. One-way passages are from C to A, E to G, B to F, D to H, G to C, E to C and H to G. Two-way passages are between A and E, G and B, F and D, and E and D.,","Elimination Logic","L4","Constraint Satisfaction Trap","","State Construction Failure","High","Repeating","CSAT_2017_LOGIC_SET_5","Constraint System"
"UPSC_2017_CSAT_Q76","2017","Aptitude","mcq_standard","Reading Interpretation","medium","static","medium","static","","CSAT_2017_SET_3","","","","Graph Paths","Graph Paths; Directed Graph; Route Constraints","",",Q76. While travelling from C to H, which one of the following stations must be passed through? (a) G (b) E (c) D (d) F,","Reading Interpretation","L2","Inference Trap","","Incomplete Inference","High","Repeating","CSAT_2017_SET_3","Passage"
"UPSC_2017_CSAT_Q77","2017","Aptitude","mcq_standard","Reading Interpretation","medium","static","medium","static","","CSAT_2017_SET_3","","","","Graph Paths","Graph Paths; Directed Graph; Route Constraints","",",Q77. In how many different ways can a train travel from F to A without passing through any station more than once? (a) 1 (b) 2 (c) 3 (d) 4,","Reading Interpretation","L2","Inference Trap","","Incomplete Inference","High","Repeating","CSAT_2017_SET_3","Passage"
"UPSC_2017_CSAT_Q78","2017","Aptitude","mcq_standard","Reading Interpretation","medium","static","medium","static","","CSAT_2017_SET_3","","","","Graph Paths","Graph Paths; Directed Graph; Route Constraints","",",Q78. If the route between G and C is closed, which one of the following stations need not be passed through while travelling from H to C? (a) E (b) D (c) A (d) B,","Reading Interpretation","L2","Inference Trap","","Incomplete Inference","High","Repeating","CSAT_2017_SET_3","Passage"
"UPSC_2017_CSAT_Q79","2017","Aptitude","mcq_standard","Logical Deduction","medium","static","medium","static","","","","","","Logical Deduction (Constraint System)","Digit Reversal; Difference","",",Q79. There are certain 2-digit numbers. The difference between the number and the one obtained on reversing it is always 27. How many such maximum 2-digit numbers are there? (a) 3 (b) 4 (c) 5 (d) None of the above,","Elimination Logic","L4","Constraint Satisfaction Trap","","State Construction Failure","High","Repeating","CSAT_2017_LOGIC_SET_5","Constraint System"
"UPSC_2017_CSAT_Q8","2017","Aptitude","mcq_standard","Reading Interpretation","medium","static","medium","static","","CSAT_2017_P8","","","","Habit Formation","Behavioral Habits; Routine & Efficiency","",",Q8. The author suggests that habits: (a) tend to make our lives difficult (b) add precision to our lives (c) make it easier for us to live (d) tend to mechanize our lives Directions for the following 2 (two) items No supporters of 'party X', who knew Z and supported his campaign strategy, agreed for the alliance with 'party Y'; but some of them had friends in 'party Y'.,","Reading Interpretation","L2","Inference Trap","","Incomplete Inference","High","Declining","CSAT_2017_P8","Passage"
"UPSC_2017_CSAT_Q80","2017","Aptitude","mcq_standard","Logical Deduction","medium","static","medium","static","","","","","","Logical Deduction (Constraint System)","Numbering; Digit Count","",",Q80. What is the total number of digits printed, if a book containing 150 pages is to be numbered from 1 to 150? (a) 262 (b) 342 (c) 360 (d) 450,","Elimination Logic","L4","Constraint Satisfaction Trap","","State Construction Failure","High","Repeating","CSAT_2017_LOGIC_SET_6","Constraint System"
"UPSC_2017_CSAT_Q9","2017","Aptitude","mcq_standard","Reading Interpretation","medium","static","medium","static","","CSAT_2017_SET_1","","","","Deductive Logic","Deductive Logic; Statement Evaluation","",",Q9. With reference to the above information, which one among the following statements must be true? (a) Some supporters of 'party Y' did not agree for the alliance with 'party X' (b) There is at least one supporter of 'party Y' who knew some supporters of 'party X' as a friend (c) No supporters of 'party X' supported Z's campaign strategy (d) No supporters of party 'X' knew Z,","Reading Interpretation","L2","Inference Trap","","Incomplete Inference","High","Repeating","CSAT_2017_SET_1","Passage"
"UPSC_2018_CSAT_Q1","2018","Aptitude","mcq_standard","Concept Application","medium","static","medium","static","","","","","","Counting Triangles","Counting Triangles; 3D Geometry","",",Q1. Consider the following three-dimensional figure: [IMAGE: data/pyq/papers/2018/csat/raw/Question1.png] How many triangles does the above figure have? (a) 18 (b) 20 (c) 22 (d) 24,","Concept Application","L2","None","","Overgeneralization","Medium","Repeating","",""
"UPSC_2018_CSAT_Q10","2018","Aptitude","mcq_standard","Reading Interpretation","medium","static","medium","static","","CSAT_2018_P4","","","","Right to Education & Quality","Universal Access; Curricular Reform","",",Q10. The author wants India to rid herself of certain past bonds because (a) he is not able to see the relevance of the past (b) there is not much to be proud of (c) he is not interested in the history of India (d) they obstruct her physical and spiritual growth Directions for the following 3 (three) items: The following three items are based on the graph given below which shows imports of three different types of steel over a period of six months of a year. Study the graph and answer the three items that follow. [IMAGE: data/pyq/papers/2018/csat/raw/Question11.png] (Legend: Coil ($320), Sheet ($256), Scrap ($175). Figures are in thousands of tons.),","Reading Interpretation","L2","Inference Trap","","Incomplete Inference","High","Emerging","CSAT_2018_P4","Passage"
"UPSC_2018_CSAT_Q11","2018","Aptitude","mcq_standard","Logical Deduction","medium","static","medium","static","","","","","","Logical Deduction (Constraint System)","Bar Graph; Difference Calculation; Graph","",",Q11. By how much (measured in thousands of tons) did the import of sheet steel exceed the import of coil steel in the first three months of the year? (a) 11 (b) 15 (c) 19 (d) 23,","Elimination Logic","L4","Constraint Satisfaction Trap","","State Construction Failure","High","Repeating","CSAT_2018_LOGIC_SET_1","Constraint System"
"UPSC_2018_CSAT_Q12","2018","Aptitude","mcq_standard","Logical Deduction","medium","static","medium","static","","","","","","Logical Deduction (Constraint System)","Value Calculation; Unit Cost; Graph","",",Q12. What was the approximate total value (in $) of sheet steel imported over the six months period? (a) 45,555 (b) 50,555 (c) 55,550 (d) 65,750,","Elimination Logic","L4","Constraint Satisfaction Trap","","State Construction Failure","High","Repeating","CSAT_2018_LOGIC_SET_1","Constraint System"
"UPSC_2018_CSAT_Q13","2018","Aptitude","mcq_standard","Logical Deduction","medium","static","medium","static","","","","","","Logical Deduction (Constraint System)","Ratio; Comparative Analysis; Graph","",",Q13. What was the approximate ratio of sheet steel and scrap steel imports in the first three months of the year? (a) 1 : 1 (b) 1.2 : 1 (c) 1.4 : 1 (d) 1.6 : 1 Directions for the following 3 (three) items: Rotated positions of a single solid are shown below. The various faces of the solid are marked with different symbols like dots, cross and line. Answer the three items that follow the given figures. [IMAGE: data/pyq/papers/2018/csat/raw/Question14.png],","Elimination Logic","L4","Constraint Satisfaction Trap","","State Construction Failure","High","Repeating","CSAT_2018_LOGIC_SET_2","Constraint System"
"UPSC_2018_CSAT_Q14","2018","Aptitude","mcq_standard","Logical Deduction","medium","static","medium","static","","","","","","Logical Deduction (Constraint System)","3D Visualization; Opposite Faces","",",Q14. What is the symbol on the face opposite to that containing a single dot? (a) Four dots (b) Three dots (c) Two dots (d) Cross,","Elimination Logic","L4","Constraint Satisfaction Trap","","State Construction Failure","High","Repeating","CSAT_2018_LOGIC_SET_2","Constraint System"
"UPSC_2018_CSAT_Q15","2018","Aptitude","mcq_standard","Logical Deduction","medium","static","medium","static","","","","","","Logical Deduction (Constraint System)","3D Visualization; Opposite Faces","",",Q15. What is the symbol on the face opposite to that containing two dots? (a) Single dot (b) Three dots (c) Four dots (d) Line,","Elimination Logic","L4","Constraint Satisfaction Trap","","State Construction Failure","High","Repeating","CSAT_2018_LOGIC_SET_2","Constraint System"
"UPSC_2018_CSAT_Q16","2018","Aptitude","mcq_standard","Logical Deduction","medium","static","medium","static","","","","","","Logical Deduction (Constraint System)","3D Visualization; Opposite Faces","",",Q16. What is the symbol on the face opposite to that containing the cross? (a) Single dot (b) Two dots (c) Line (d) Four dots Directions for the following 4 (four) items: Read the following passage and answer the four items that follow. Your answers should be based on the passage only. Passage It is no longer enough for us to talk about providing for universal access to education. Making available schooling facilities is an essential prerequisite, but is insufficient to ensure that all children attend school and participate in the learning process. The school may be there, but children may not attend or they may drop out after a few months. Through school and social mapping, we must address the entire gamut of social, economic, cultural and indeed linguistic and pedagogic issues, factors that prevent children from weaker sections and disadvantaged groups, as also girls, from regularly attending and completing elementary education. The focus must be on the poorest and most vulnerable since these groups are the most disempowered and at the greatest risk of violation or denial of their right to education. The right to education goes beyond free and compulsory education to include quality education for all. Quality is an integral part of the right to education. If the education process lacks quality, children are being denied their right. The Right of Children to Free and Compulsory Education Act lays down that the curriculum should provide for learning through activities, exploration and discovery. This places an obligation on us to change our perception of children as passive receivers of knowledge, and to move beyond the convention of using textbooks as the basis of examinations. The teaching-learning process must become stress-free; and a massive programme for curricular reform should be initiated to provide for a child-friendly learning system, that is more relevant and empowering.,","Elimination Logic","L4","Constraint Satisfaction Trap","","State Construction Failure","High","Repeating","CSAT_2018_LOGIC_SET_3","Constraint System"
"UPSC_2018_CSAT_Q17","2018","Aptitude","mcq_standard","Reading Interpretation","medium","static","medium","static","","CSAT_2018_P4","","","","Right to Education & Quality","Universal Access; Curricular Reform","",",Q17. According to the passage, which of the following is/are of paramount importance under the Right to Education? 1. Sending of children to school by all parents 2. Provision of adequate physical infrastructure in schools 3. Curricular reforms for developing child-friendly learning system Select the correct answer using the code given below. (a) 1 only (b) 1 and 2 only (c) 3 only (d) None of the above,","Reading Interpretation","L2","Inference Trap","","Incomplete Inference","High","Emerging","CSAT_2018_P4","Passage"
"UPSC_2018_CSAT_Q18","2018","Aptitude","mcq_standard","Reading Interpretation","medium","static","medium","static","","CSAT_2018_P4","","","","Right to Education & Quality","Universal Access; Curricular Reform","",",Q18. With reference to the above passage, the following assumptions have been made: 1. The Right to Education guarantees teachers' accountability for the learning process of children. 2. The Right to Education guarantees 100% enrolment of children in the schools. 3. The Right to Education intends to take full advantage of demographic dividend. Which of the above assumptions is/are valid? (a) 1 only (b) 2 and 3 only (c) 3 only (d) 1, 2 and 3,","Reading Interpretation","L3","Inference Trap","","Assumption Misinterpretation","High","Emerging","CSAT_2018_P4","Passage"
"UPSC_2018_CSAT_Q19","2018","Aptitude","mcq_standard","Reading Interpretation","medium","static","medium","static","","CSAT_2018_P4","","","","Right to Education & Quality","Universal Access; Curricular Reform","",",Q19. According to the passage, which one of the following is critical in bringing quality in education? (a) Ensuring regular attendance of children as well as teachers in school (b) Giving pecuniary benefits to teachers to motivate them (c) Understanding the socio-cultural background of children (d) Inculcating learning through activities and discovery,","Reading Interpretation","L2","Inference Trap","","Incomplete Inference","High","Emerging","CSAT_2018_P4","Passage"
"UPSC_2018_CSAT_Q2","2018","Aptitude","mcq_standard","Logical Deduction","medium","static","medium","static","","","","","","Logical Deduction (Constraint System)","Digit Arithmetic; Missing Digits","",",Q2. Consider the following sum: * + 1* + 2* + *3 + *1 = 21* [IMAGE: data/pyq/papers/2018/csat/raw/Question2.png] In the above sum, * stands for (a) 4 (b) 5 (c) 6 (d) 8,","Elimination Logic","L4","Constraint Satisfaction Trap","","State Construction Failure","High","Repeating","CSAT_2018_LOGIC_SET_3","Constraint System"
"UPSC_2018_CSAT_Q20","2018","Aptitude","mcq_standard","Reading Interpretation","medium","static","medium","static","","CSAT_2018_P4","","","","Right to Education & Quality","Universal Access; Curricular Reform","",",Q20. What is the essential message in this passage? (a) The Right to Education now is a Fundamental Right. (b) The Right to Education enables the children of poor and weaker sections of the society to attend schools. (c) The Right to Free and Compulsory Education should include quality education for all. (d) The Government as well as parents should ensure that all children attend schools.,","Reading Interpretation","L2","Inference Trap","","Incomplete Inference","High","Emerging","CSAT_2018_P4","Passage"
"UPSC_2018_CSAT_Q21","2018","Aptitude","mcq_standard","Logical Deduction","medium","static","medium","static","","","","","","Logical Deduction (Constraint System)","Letter Substitution; Code Patterns","",",Q21. If LSJXVC is the code for MUMBAI, the code for DELHI is (a) CCIDD (b) CDKGH (c) CCJFG (d) CCIFE,","Elimination Logic","L4","Constraint Satisfaction Trap","","State Construction Failure","High","Repeating","CSAT_2018_LOGIC_SET_3","Constraint System"
"UPSC_2018_CSAT_Q22","2018","Aptitude","mcq_standard","Logical Deduction","medium","static","medium","static","","","","","","Logical Deduction (Constraint System)","Letter-Number Mapping; Code Patterns","",",Q22. If RAMON is written as 12345 and DINESH as 675849, then HAMAM will be written as (a) 92233 (b) 92323 (c) 93322 (d) 93232,","Elimination Logic","L4","Constraint Satisfaction Trap","","State Construction Failure","High","Repeating","CSAT_2018_LOGIC_SET_3","Constraint System"
"UPSC_2018_CSAT_Q23","2018","Aptitude","mcq_standard","Concept Application","medium","static","medium","static","","","","","","Interval Arithmetic","Interval Arithmetic; Squares","",",Q23. If X is between -3 and -1, and Y is between -1 and 1, then X? - Y? is in between which of the following? (a) -9 and 1 (b) -9 and -1 (c) 0 and 8 (d) 0 and 9,","Concept Application","L2","None","","Overgeneralization","Medium","Repeating","",""
"UPSC_2018_CSAT_Q24","2018","Aptitude","mcq_standard","Logical Deduction","medium","static","medium","static","","","","","","Logical Deduction (Constraint System)","Algebraic Comparison; Fractions","",",Q24. X and Y are natural numbers other than 1, and Y is greater than X. Which of the following represents the largest number? (a) XY (b) X/Y (c) Y/X (d) (X + Y)/XY Directions for the following 2 (two) items: Read the following information and answer the two items that follow. The plan of an office block for six officers A, B, C, D, E and F is as follows: Both B and C occupy offices to the right of the corridor (as one enters the office block) and A occupies on the left of the corridor. E and F occupy offices on opposite sides of the corridor but their offices do not face each other. The offices of C and D face each other. E does not have a corner office. F's office is further down the corridor than A's, but on the same side.,","Elimination Logic","L4","Constraint Satisfaction Trap","","State Construction Failure","High","Repeating","CSAT_2018_LOGIC_SET_4","Constraint System"
"UPSC_2018_CSAT_Q25","2018","Aptitude","mcq_standard","Reading Interpretation","medium","static","medium","static","","CSAT_2018_SET_1","","","","Seating Arrangement","Seating Arrangement; Position Constraints; Logic Puzzle","",",Q25. If E sits in his office and faces the corridor, whose office is to his left? (a) A (b) B (c) C (d) D,","Reading Interpretation","L2","Inference Trap","","Incomplete Inference","High","Repeating","CSAT_2018_SET_1","Passage"
"UPSC_2018_CSAT_Q26","2018","Aptitude","mcq_standard","Reading Interpretation","medium","static","medium","static","","CSAT_2018_SET_1","","","","Seating Arrangement","Seating Arrangement; Position Constraints; Logic Puzzle","",",Q26. Who is/are F's immediate neighbour/neighbours? (a) A only (b) A and D (c) C only (d) B and C Directions for the following 7 (seven) items: Read the following four passages and answer the items that follow. Your answers should be based on the passages only. Passage-1 'Desertification' is a term used to explain a process of decline in the biological productivity of an ecosystem, leading to total loss of productivity. While this phenomenon is often linked to the arid, semi-arid and sub-humid ecosystems, even in the humid tropics, the impact could be most dramatic. Impoverishment of human-impacted terrestrial ecosystems may exhibit itself in a variety of ways: accelerated erosion as in the mountain regions of the country, salinization of land as in the semi-arid and arid 'green revolution' areas of the country, e.g., Haryana and western Uttar Pradesh, and site quality decline-a common phenomenon due to general decline in tree cover and monotonous monoculture of rice/wheat across the Indian plains. A major consequence of deforestation is that it relates to adverse alterations in the hydrology and related soil and nutrient losses. The consequences of deforestation invariably arise out of site degradation through erosive losses. Tropical Asia, Africa and South America have the highest levels of erosion. The already high rates for the tropics are increasing at an alarming rate (e.g., through the major river systems-Ganga and Brahmaputra, in the Indian context), due to deforestation and ill-suited land management practices subsequent to forest clearing. In the mountain context, the declining moisture retention of the mountain soils, drying up of the underground springs and smaller rivers in the Himalayan region could be attributed to drastic changes in the forest cover. An indirect consequence is drastic alteration in the upland-lowland interaction, mediated through water. The current concern of the tea planter of Assam has is about the damage to tea plantations due to frequent inundation along the flood-plains of Brahmaputra, and the damage to tea plantation and the consequent loss in tea productivity is due to rising level of the river bottom because of siltation and the changing course of the river system. The ultimate consequences of site desertification are soil degradation, alteration in available water and its quality, and the consequent decline in food, fodder and fuel-wood yields essential for the economic well-being of rural communities.,","Reading Interpretation","L2","Inference Trap","","Incomplete Inference","High","Repeating","CSAT_2018_SET_1","Passage"
"UPSC_2018_CSAT_Q27","2018","Aptitude","mcq_standard","Reading Interpretation","medium","static","medium","static","","CSAT_2018_P5","","","","Desertification & Deforestation","Soil Degradation; Hydrology Changes","",",Q27. According to the passage, which of the following are the consequences of decline in forest cover? 1. Loss of topsoil 2. Loss of smaller rivers 3. Adverse effect on agricultural production 4. Declining of groundwater Select the correct answer using the code given below. (a) 1, 2 and 3 only (b) 2, 3 and 4 only (c) 1 and 4 only (d) 1, 2, 3 and 4,","Reading Interpretation","L2","Inference Trap","","Incomplete Inference","High","Emerging","CSAT_2018_P5","Passage"
"UPSC_2018_CSAT_Q28","2018","Aptitude","mcq_standard","Reading Interpretation","medium","static","medium","static","","CSAT_2018_P5","","","","Desertification & Deforestation","Soil Degradation; Hydrology Changes","",",Q28. Which of the following is/are the correct inference/inferences that can be made from the passage? 1. Deforestation can cause changes in the course of rivers. 2. Salinization of land takes place due to human activities only. 3. Intense monoculture practice in plains is a major reason for desertification in Tropical Asia, Africa and South America. Select the correct answer using the code given below. (a) 1 only (b) 1 and 2 only (c) 2 and 3 only (d) None of the above is a correct inference,","Reading Interpretation","L3","Inference Trap","","Incomplete Inference","High","Emerging","CSAT_2018_P5","Passage"
"UPSC_2018_CSAT_Q29","2018","Aptitude","mcq_standard","Reading Interpretation","medium","static","medium","static","","CSAT_2018_P5","","","","Desertification & Deforestation","Soil Degradation; Hydrology Changes","",",Q29. With reference to 'desertification', as described in the passage, the following assumptions have been made: 1. Desertification is a phenomenon in tropical areas only. 2. Deforestation invariably leads to floods and desertification. Which of the above assumptions is/are valid? (a) 1 only (b) 2 only (c) Both 1 and 2 (d) Neither 1 nor 2 Passage-2 A diversity of natural assets will be needed to cope with climate change and ensure productive agriculture, forestry, and fisheries. For example, crop varieties are needed that perform well under drought, heat, and enhanced CO2. But the private-sector and farmer-led process of choosing crops favours homogeneity adapted to past or current conditions, not varieties capable of producing consistently high yields in warmer, wetter, or drier conditions. Accelerated breeding programmes are needed to conserve a wider pool of genetic resources of existing crops, breeds, and their wild relatives. Relatively intact ecosystems, such as forested catchments, mangroves, wetlands, can buffer the impacts of climate change. Under a changing climate, these ecosystems are themselves at risk, and management approaches will need to be more proactive and adaptive. Connections between natural areas, such as migration corridors, may be needed to facilitate species movements to keep up with the change in climate.,","Reading Interpretation","L3","Inference Trap","","Assumption Misinterpretation","High","Emerging","CSAT_2018_P5","Passage"
"UPSC_2018_CSAT_Q3","2018","Aptitude","mcq_standard","Logical Deduction","medium","static","medium","static","","","","","","Logical Deduction (Constraint System)","Pattern Recognition; Arithmetic Logic","",",Q3. Consider the following pattern of numbers: 8 10 15 13 6 5 7 4 4 6 8 8 ---------------- 6 11 16 ? What is the number at ? in the above pattern? (a) 17 (b) 19 (c) 21 (d) 23,","Elimination Logic","L4","Constraint Satisfaction Trap","","State Construction Failure","High","Repeating","CSAT_2018_LOGIC_SET_5","Constraint System"
"UPSC_2018_CSAT_Q30","2018","Aptitude","mcq_standard","Reading Interpretation","medium","static","medium","static","","CSAT_2018_P6","","","","Biodiversity & Climate Adaptation","Genetic Diversity; Ecosystem Resilience","",",Q30. With reference to the above passage, which of the following would assist us in coping with climate change? 1. Conservation of natural water sources 2. Conservation of wider gene pool 3. Existing crop management practices 4. Migration corridors Select the correct answer using the code given below. (a) 1, 2 and 3 only (b) 1, 2 and 4 only (c) 3 and 4 only (d) 1, 2, 3 and 4,","Reading Interpretation","L2","Inference Trap","","Incomplete Inference","High","Emerging","CSAT_2018_P6","Passage"
"UPSC_2018_CSAT_Q31","2018","Aptitude","mcq_standard","Reading Interpretation","medium","static","medium","static","","CSAT_2018_P6","","","","Biodiversity & Climate Adaptation","Genetic Diversity; Ecosystem Resilience","",",Q31. With reference to the above passage, the following assumptions have been made: 1. Diversification of livelihoods acts as a coping strategy for climate change. 2. Adoption of monocropping practice leads to the extinction of plant varieties and their wild relatives. Which of the above assumptions is/are valid? (a) 1 only (b) 2 only (c) Both 1 and 2 (d) Neither 1 nor 2 Passage-3 Today, the top environmental challenge is a combination of people and their aspirations. If the aspirations are more like the frugal ones we had after the Second World War, a lot more is possible than if we view the planet as a giant shopping mall. We need to get beyond the fascination with glitter and understand that the planet works as a biological system.,","Reading Interpretation","L3","Inference Trap","","Assumption Misinterpretation","High","Emerging","CSAT_2018_P6","Passage"
"UPSC_2018_CSAT_Q32","2018","Aptitude","mcq_standard","Reading Interpretation","medium","static","medium","static","","CSAT_2018_P7","","","","Consumerism & Environmental Sustainability","Aspirations; Ecological Limits","",",Q32. Which of the following is the most crucial and logical inference that can be made from the above passage? (a) The Earth can meet only the basic needs of humans for food, clothing and shelter. (b) The only way to meet environmental challenge is to limit human population. (c) Reducing our consumerism is very much in our own interest. (d) Knowledge of biological systems can only help us save this planet. Passage-4 Some people believe that leadership is a quality which you have at birth or not at all. This theory is false, for the art of leadership can be acquired and can indeed be taught. This discovery is made in time of war and the results achieved can surprise even the instructors. Faced with the alternatives of going left or right, every soldier soon grasps that a prompt decision either way is better than an endless discussion. A firm choice of direction has an even chance of being right while to do nothing will be almost certainly wrong.,","Reading Interpretation","L3","Inference Trap","","Overgeneralization","High","Emerging","CSAT_2018_P7","Passage"
"UPSC_2018_CSAT_Q33","2018","Aptitude","mcq_standard","Reading Interpretation","medium","static","medium","static","","CSAT_2018_P8","","","","Leadership Development","Leadership Training; Decision-Making","",",Q33. The author of the passage holds the view that (a) leadership can be taught through war experience only (b) leadership can be acquired as well as taught (c) the results of training show that more people acquire leadership than are expected (d) despite rigorous instruction, very few leaders are produced,","Reading Interpretation","L2","Inference Trap","","Incomplete Inference","High","Emerging","CSAT_2018_P8","Passage"
"UPSC_2018_CSAT_Q34","2018","Aptitude","mcq_standard","Logical Deduction","medium","static","medium","static","","","","","","Logical Deduction (Constraint System)","Digit Constraints; Number Formation","",",Q34. A number consists of three digits of which the middle one is zero and their sum is 4. If the number formed by interchanging the first and last digits is greater than the number itself by 198, then the difference between the first and last digits is (a) 1 (b) 2 (c) 3 (d) 4,","Elimination Logic","L4","Constraint Satisfaction Trap","","State Construction Failure","High","Repeating","CSAT_2018_LOGIC_SET_5","Constraint System"
"UPSC_2018_CSAT_Q35","2018","Aptitude","mcq_standard","Logical Deduction","medium","static","medium","static","","","","","","Logical Deduction (Constraint System)","Painted Cubes; Counting; Cubes","",",Q35. A solid cube of 3 cm side, painted on all its faces, is cut up into small cubes of 1 cm side. How many of the small cubes will have exactly two painted faces? (a) 12 (b) 8 (c) 6 (d) 4,","Elimination Logic","L4","Constraint Satisfaction Trap","","State Construction Failure","High","Repeating","CSAT_2018_LOGIC_SET_5","Constraint System"
"UPSC_2018_CSAT_Q36","2018","Aptitude","mcq_standard","Logical Deduction","medium","static","medium","static","","","","","","Logical Deduction (Constraint System)","Digit Inequalities; Counting","",",Q36. While writing all the numbers from 700 to 1000, how many numbers occur in which the digit at hundred's place is greater than the digit at ten's place, and the digit at ten's place is greater than the digit at unit's place? (a) 61 (b) 64 (c) 85 (d) 91,","Elimination Logic","L4","Constraint Satisfaction Trap","","State Construction Failure","High","Repeating","CSAT_2018_LOGIC_SET_5","Constraint System"
"UPSC_2018_CSAT_Q37","2018","Aptitude","mcq_standard","Logical Deduction","medium","static","medium","static","","","","","","Logical Deduction (Constraint System)","Ordering; Transitivity","",",Q37. If Pen < Pencil, Pencil < Book and Book > Cap, then which one of the following is always true? (a) Pen > Cap (b) Pen < Book (c) Pencil = Cap (d) Pencil > Cap,","Elimination Logic","L4","Constraint Satisfaction Trap","","State Construction Failure","High","Repeating","CSAT_2018_LOGIC_SET_5","Constraint System"
"UPSC_2018_CSAT_Q38","2018","Aptitude","mcq_standard","Logical Deduction","medium","static","medium","static","","","","","","Logical Deduction (Constraint System)","Linear Expression; Total Sales","",",Q38. A bookseller sold 'a' number of Geography textbooks at the rate of ?x per book, 'a + 2' number of History textbooks at the rate of ?(x + 2) per book and 'a - 2' number of Mathematics textbooks at the rate of ?(x - 2) per book. What is his total sale in ?? (a) 3x + 3a (b) 3ax + 8 (c) 9ax (d) x?a?,","Elimination Logic","L4","Constraint Satisfaction Trap","","State Construction Failure","High","Repeating","CSAT_2018_LOGIC_SET_5","Constraint System"
"UPSC_2018_CSAT_Q39","2018","Aptitude","mcq_standard","Logical Deduction","medium","static","medium","static","","","","","","Logical Deduction (Constraint System)","Weighted Outcomes; Basic Probability","",",Q39. A bag contains 15 red balls and 20 black balls. Each ball is numbered either 1 or 2 or 3. 20% of the red balls are numbered 1 and 40% of them are numbered 3. Similarly, among the black balls, 45% are numbered 2 and 30% are numbered 3. A boy picks a ball at random. He wins if the ball is red and numbered 3 or if it is black and numbered 1 or 2. What are the chances of his winning? (a) 1/2 (b) 4/7 (c) 5/9 (d) 12/13,","Elimination Logic","L4","Constraint Satisfaction Trap","","State Construction Failure","High","Repeating","CSAT_2018_LOGIC_SET_5","Constraint System"
"UPSC_2018_CSAT_Q4","2018","Aptitude","mcq_standard","Concept Application","medium","static","medium","static","","","","","","Polygon Diagonals","Polygon Diagonals; Geometry; Diagonals","",",Q4. How many diagonals can be drawn by joining the vertices of an octagon? (a) 20 (b) 24 (c) 28 (d) 64,","Concept Application","L2","None","","Overgeneralization","Medium","Repeating","",""
"UPSC_2018_CSAT_Q40","2018","Aptitude","mcq_standard","Concept Application","medium","static","medium","static","","","","","","Circular Motion","Circular Motion; Relative Speed; Circular","",",Q40. Two persons, A and B are running on a circular track. At the start, B is ahead of A and their positions make an angle of 30? at the centre of the circle. When A reaches the point diametrically opposite to his starting point, he meets B. What is the ratio of speeds of A and B, if they are running with uniform speeds? (a) 6 : 5 (b) 4 : 3 (c) 6 : 1 (d) 4 : 2,","Concept Application","L2","Fact Twist","","Overgeneralization","Medium","Repeating","",""
"UPSC_2018_CSAT_Q41","2018","Aptitude","mcq_standard","Concept Application","medium","static","medium","static","","","","","","Percent of Total","Percent of Total; Maximum Marks","",",Q41. A student has to get 40% marks to pass in an examination. Suppose he gets 30 marks and fails by 30 marks, then what are the maximum marks in the examination? (a) 100 (b) 120 (c) 150 (d) 300,","Concept Application","L3","Hidden Constraint Trap","","Overgeneralization","High","Repeating","",""
"UPSC_2018_CSAT_Q42","2018","Aptitude","mcq_standard","Logical Deduction","medium","static","medium","static","","","","","","Logical Deduction (Constraint System)","Inclusion-Exclusion; Venn Diagram","",",Q42. 19 boys turn out for playing hockey. Of these, 11 are wearing hockey shirts and 14 are wearing hockey pants. There are no boys without shirts and/or pants. What is the number of boys wearing full uniform? (a) 3 (b) 5 (c) 6 (d) 8 Directions for the following 6 (six) items: Read the information given below and answer the six items that follow. A, B, C and D are students. They are studying in four different cities, viz., P, Q, R and S (not necessarily in that order). They are studying in Science college, Arts college, Commerce college and Engineering college (not necessarily in that order), which are situated in four different States, viz., Gujarat, Rajasthan, Assam and Kerala (not necessarily in that order). Further, it is given that- i. D is studying in Assam ii. Arts college is located in city S which is in Rajasthan iii. A is studying in Commerce college iv. B is studying in city Q v. Science college is located in Kerala,","Elimination Logic","L4","Constraint Satisfaction Trap","","State Construction Failure","High","Repeating","CSAT_2018_LOGIC_SET_6","Constraint System"
"UPSC_2018_CSAT_Q43","2018","Aptitude","mcq_standard","Reading Interpretation","medium","static","medium","static","","CSAT_2018_SET_2","","","","Logic Puzzles","Logic Puzzles; Assignment Constraints; Logic Grid","",",Q43. A is studying in (a) Rajasthan (b) Gujarat (c) city Q (d) Kerala,","Reading Interpretation","L2","Inference Trap","","Incomplete Inference","High","Repeating","CSAT_2018_SET_2","Passage"
"UPSC_2018_CSAT_Q44","2018","Aptitude","mcq_standard","Reading Interpretation","medium","static","medium","static","","CSAT_2018_SET_2","","","","Logic Puzzles","Logic Puzzles; Assignment Constraints; Logic Grid","",",Q44. Science college is located in (a) city Q (b) city S (c) city R (d) city P,","Reading Interpretation","L2","Inference Trap","","Incomplete Inference","High","Repeating","CSAT_2018_SET_2","Passage"
"UPSC_2018_CSAT_Q45","2018","Aptitude","mcq_standard","Reading Interpretation","medium","static","medium","static","","CSAT_2018_SET_2","","","","Logic Puzzles","Logic Puzzles; Assignment Constraints; Logic Grid","",",Q45. C is studying in (a) Science college (b) Rajasthan (c) Gujarat (d) city Q,","Reading Interpretation","L2","Inference Trap","","Incomplete Inference","High","Repeating","CSAT_2018_SET_2","Passage"
"UPSC_2018_CSAT_Q46","2018","Aptitude","mcq_standard","Reading Interpretation","medium","static","medium","static","","CSAT_2018_SET_2","","","","Logic Puzzles","Logic Puzzles; Assignment Constraints; Logic Grid","",",Q46. Which one of the following statements is correct? (a) D is not studying in city S (b) A is studying in Science college (c) A is studying in Kerala (d) Engineering college is located in Gujarat,","Reading Interpretation","L2","Inference Trap","","Incomplete Inference","High","Repeating","CSAT_2018_SET_2","Passage"
"UPSC_2018_CSAT_Q47","2018","Aptitude","mcq_standard","Reading Interpretation","medium","static","medium","static","","CSAT_2018_SET_2","","","","Logic Puzzles","Logic Puzzles; Assignment Constraints; Logic Grid","",",Q47. Which one of the following statements is correct regarding Engineering college? (a) C is studying there (b) B is studying there (c) It is located in Gujarat (d) D is studying there,","Reading Interpretation","L2","Inference Trap","","Incomplete Inference","High","Repeating","CSAT_2018_SET_2","Passage"
"UPSC_2018_CSAT_Q48","2018","Aptitude","mcq_standard","Reading Interpretation","medium","static","medium","static","","CSAT_2018_SET_2","","","","Logic Puzzles","Logic Puzzles; Assignment Constraints; Logic Grid","",",Q48. Which one of the following statements is correct? (a) Engineering college is located in Assam (b) City Q is situated in Assam (c) C is studying in Kerala (d) B is studying in Gujarat Directions for the following 8 (eight) items: Read the following eight passages and answer the items that follow. Your answers to these items should be based on the passages only. Passage-1 All actions to address climate change ultimately involve costs. Funding is vital in order for countries like India to design and implement adaptation and mitigation plans and projects. The problem is more severe for developing countries like India, which would be one of the hardest hit by climate change, given its need to finance development. Most countries do indeed treat climate change as real threat and are striving to address it in a more comprehensive and integrated manner with the limited resources at their disposal.,","Reading Interpretation","L2","Inference Trap","","Incomplete Inference","High","Repeating","CSAT_2018_SET_2","Passage"
"UPSC_2018_CSAT_Q49","2018","Aptitude","mcq_standard","Reading Interpretation","medium","static","medium","static","","CSAT_2018_P9","","","","Climate Finance & Policy","Adaptation Funding; Development Needs","",",Q49. With reference to the above passage, the following assumptions have been made: 1.Climate change is not a challenge for developed countries. 2.Climate change is a complex policy issue and also a development issue for many countries. 3.Ways and means of finance must be found to enable developing countries to enhance their adaptive capacity. Which of the above assumptions is/are valid? (a) 1 and 2 only (b) 3 only (c) 2 and 3 only (d) 1, 2 and 3 Passage-2 Cooking with biomass and coal in India is now recognized to cause major health problems, with women and children in poor populations facing the greatest risk. There are more than 10 lakh premature deaths each year from household air pollution due to polluting cooking fuels with another 1.5 lakh due to their contribution to general outdoor air pollution in the country. Although the fraction of the Indian population using clean cooking fuels, such as LPG, natural gas and electricity, is slowly rising, the number using polluting solid fuels as their primary cooking fuel has remained static for nearly 30 years at about 70 crore.,","Reading Interpretation","L3","Inference Trap","","Assumption Misinterpretation","High","Emerging","CSAT_2018_P9","Passage"
"UPSC_2018_CSAT_Q5","2018","Aptitude","mcq_standard","Logical Deduction","medium","static","medium","static","","","","","","Logical Deduction (Constraint System)","Relative Speed; Graph Interpretation","",",Q5. [IMAGE: data/pyq/papers/2018/csat/raw/Question5.png] What is the ratio between the distances covered by vehicles A and B in the time interval OLP? (a) 1 : 2 (b) 2 : 3 (c) 3 : 4 (d) 1 : 1,","Elimination Logic","L4","Constraint Satisfaction Trap","","State Construction Failure","High","Repeating","CSAT_2018_LOGIC_SET_7","Constraint System"
"UPSC_2018_CSAT_Q50","2018","Aptitude","mcq_standard","Reading Interpretation","medium","static","medium","static","","CSAT_2018_P10","","","","Household Air Pollution","Clean Cooking Fuels; Health Impacts","",",Q50. Which of the following is the most crucial and logical inference that can be made from the above passage? (a) Rural people are giving up the use of polluting solid fuels due to their increasing awareness of health hazards. (b) Subsidizing the use of clean cooking fuels will solve the problem of India's indoor air pollution. (c) India should increase its import of natural gas and produce more electricity. (d) Access to cooking gas can reduce premature deaths in poor households. Passage-3 Scientific knowledge has its dangers, but so has every great thing. Over and beyond the dangers with which it threatens the present, it opens up as nothing else can, the vision of a possible happy world; a world without poverty, without war, with little illness. Science, whatever unpleasant consequences it may have by the way, is in its very nature a liberator.,","Reading Interpretation","L3","Inference Trap","","Incomplete Inference","High","Emerging","CSAT_2018_P10","Passage"
"UPSC_2018_CSAT_Q51","2018","Aptitude","mcq_standard","Reading Interpretation","medium","static","medium","static","","CSAT_2018_P11","","","","Science & Human Progress","Scientific Knowledge; Social Progress","",",Q51. Which one of the following is the most important implication of the passage? (a) A happy world is a dream of science. (b) Science only can build a happy world, but it is also the only major threat. (c) A happy world is not possible without science. (d) A happy world is not at all possible with or without science. Passage-4 The Arctic's vast reserves of fossil fuel, fish and minerals are now accessible for a longer period in a year. But unlike Antarctica, which is protected from exploitation by the Antarctic Treaty framed during the Cold War and is not subject to territorial claims by any country, there is no legal regime protecting the Arctic from industrialization, especially at a time when the world craves for more and more resources. The distinct possibility of ice-free summer has prompted countries with Arctic coastline to scramble for great chunks of the melting ocean.,","Reading Interpretation","L2","Inference Trap","","Incomplete Inference","High","Emerging","CSAT_2018_P11","Passage"
"UPSC_2018_CSAT_Q52","2018","Aptitude","mcq_standard","Reading Interpretation","medium","static","medium","static","","CSAT_2018_P12","","","","Arctic Geopolitics & Resources","Polar Governance; Resource Competition","",",Q52. Which one of the following is the most important implication of the passage? (a) India can have territorial claims in the Arctic territory and free access to its resources. (b) Melting of summer ice in the Arctic leads to changes in the geopolitics. (c) The Arctic region will solve the world's future problem of resource crunch. (d) The Arctic region has more resources than Antarctica. Passage-5 Being a member of the WTO, India is bound by the agreements that have been signed and ratified by its members, including itself. According to Article 6 of the Agriculture Agreement, providing minimum support prices for agricultural products is considered distorting and is subject to limits. The subsidy arising from 'minimal supports' cannot exceed 10 per cent of the value of agricultural production for developing countries. PDS in India entails minimum support prices and public stockholding of food grains. It is possible that, in some years, the subsidy to producers will exceed 10 per cent of the value of agricultural production.,","Reading Interpretation","L2","Inference Trap","","Incomplete Inference","High","Emerging","CSAT_2018_P12","Passage"
"UPSC_2018_CSAT_Q53","2018","Aptitude","mcq_standard","Reading Interpretation","medium","static","medium","static","","CSAT_2018_P13","","","","Food Security vs Trade Rules","WTO Agriculture; MSP Subsidies","",",Q53. What is the crucial message conveyed by the above passage? (a) India should revise its PDS. (b) India should not be a member of WTO. (c) For India, food security collides with trade. (d) India provides food security to its poor. Passage-6 India's educational system is modelled on the mass education system that developed in the 19th century in Europe and later spread around the world. The goal of the system is to condition children as 'good' citizens and productive workers. This suited the industrial age that needed the constant supply of a compliant workforce with a narrow set of capabilities. Our educational institutes resemble factories with bells, uniforms and batch-processing of learners, designed to get learners to conform. But, from an economic point of view, the environment today is very different. It is a complex, volatile and globally interconnected world.,","Reading Interpretation","L2","Inference Trap","","Overgeneralization","High","Emerging","CSAT_2018_P13","Passage"
"UPSC_2018_CSAT_Q54","2018","Aptitude","mcq_standard","Reading Interpretation","medium","static","medium","static","","CSAT_2018_P14","","","","Education System & Skills","Industrial Age Schooling; New-Age Skills","",",Q54. With reference to the above passage, the following assumptions have been made: 1. India continues to be a developing country essentially due to its faulty education system. 2. Today's learners need to acquire new-age skill-sets. 3. A good number of Indians go to some developed countries for education because the educational systems there are a perfect reflection of the societies in which they function. Which of the above assumptions is/are valid? (a) 1 and 3 only (b) 2 only (c) 2 and 3 only (d) 1, 2 and 3 Passage-7 The practice of dieting has become an epidemic; everyone is looking out for a way to attain that perfect body. We are all different with respect to our ethnicity, genetics, family history, gender, age, physical and mental and spiritual health status, lifestyles and preferences. Thereby we also differ in what foods we tolerate or are sensitive to. So we really cannot reduce so many complexities into one diet or diet book. This explains the failure of diets across the world in curbing obesity. Unless the reasons for weight gain are well understood and addressed and unless habits are changed permanently, no diet is likely to succeed.,","Reading Interpretation","L3","Inference Trap","","Assumption Misinterpretation","High","Emerging","CSAT_2018_P14","Passage"
"UPSC_2018_CSAT_Q55","2018","Aptitude","mcq_standard","Reading Interpretation","medium","static","medium","static","","CSAT_2018_P15","","","","Obesity & Dieting","Individualized Nutrition; Lifestyle Habits","",",Q55. What is the most logical and rational inference that can be made from the above passage? (a) Obesity has become an epidemic all over the world. (b) A lot of people are obsessed with attaining a perfect body. (c) Obesity is essentially an incurable disease. (d) There is no perfect diet or one solution for obesity. Passage-8 Monoculture carries great risks. A single disease or pest can wipe out swathes of the world's food production, an alarming prospect given that its growing and wealthier population will eat 70% more by 2050. The risks are magnified by the changing climate. As the planet warms and monsoon rains intensify, farmlands in Asia will flood. North America will suffer more intense droughts, and crop diseases will spread to new latitudes.,","Reading Interpretation","L3","Inference Trap","","Overgeneralization","High","Emerging","CSAT_2018_P15","Passage"
"UPSC_2018_CSAT_Q56","2018","Aptitude","mcq_standard","Reading Interpretation","medium","static","medium","static","","CSAT_2018_P16","","","","Crop Diversity & Food Security","Monoculture Risks; Climate Change","",",Q56. Which of the following is the most logical, rational and crucial message given by the passage? (a) Preserving crop genetic diversity is an insurance against the effects of climate change. (b) Despite great risks, monoculture is the only way to ensure food security in the world. (c) More and more genetically modified crops only can save the world from impending shortages of food. (d) Asia and North America will be worst sufferers from climate change and the consequent shortage of food.,","Reading Interpretation","L3","Inference Trap","","Overgeneralization","High","Emerging","CSAT_2018_P16","Passage"
"UPSC_2018_CSAT_Q57","2018","Aptitude","mcq_standard","Logical Deduction","medium","static","medium","static","","","","","","Logical Deduction (Constraint System)","Percentage Profit/Loss; Cost Price","",",Q57. A shopkeeper sells an article at ?40 and gets X% profit. However, when he sells it at ?20, he faces same percentage of loss. What is the original cost of the article? (a) ?10 (b) ?20 (c) ?30 (d) ?40,","Elimination Logic","L4","Constraint Satisfaction Trap","","State Construction Failure","High","Repeating","CSAT_2018_LOGIC_SET_7","Constraint System"
"UPSC_2018_CSAT_Q58","2018","Aptitude","mcq_standard","Logical Deduction","medium","static","medium","static","","","","","","Logical Deduction (Constraint System)","Equilateral Triangles; Combinatorics; Circles","",",Q58. There are 24 equally spaced points lying on the circumference of a circle. What is the maximum number of equilateral triangles that can be drawn by taking sets of three points as the vertices? (a) 4 (b) 6 (c) 8 (d) 12,","Elimination Logic","L4","Constraint Satisfaction Trap","","State Construction Failure","High","Repeating","CSAT_2018_LOGIC_SET_7","Constraint System"
"UPSC_2018_CSAT_Q59","2018","Aptitude","mcq_standard","Logical Deduction","medium","static","medium","static","","","","","","Logical Deduction (Constraint System)","Pattern Recognition; Calendar; Dates","",",Q59. Consider the sequence given below: 4/12/95, 1/1/96, 29/1/96, 26/2/96, ... What is the next term of the series? (a) 24/3/96 (b) 25/3/96 (c) 26/3/96 (d) 27/3/96,","Elimination Logic","L4","Constraint Satisfaction Trap","","State Construction Failure","High","Repeating","CSAT_2018_LOGIC_SET_7","Constraint System"
"UPSC_2018_CSAT_Q6","2018","Aptitude","mcq_standard","Logical Deduction","medium","static","medium","dynamic","","","","","","Logical Deduction (Constraint System)","Relative Speed; Time-Distance; Train","",",Q6. A train 200 metres long is moving at the rate of 40 kmph. In how many seconds will it cross a man standing near the railway line? (a) 12 (b) 15 (c) 16 (d) 18 Directions for the following 4 (four) items: Read the following four passages and answer the items that follow. Your answers should be based on the passages only. Passage-1 Global population was around 1.6 billion in 1900-today it is around 7.2 billion and growing. Recent estimates on population growth predict a global population of 9.6 billion in 2050 and 10.9 billion in 2100. Unlike Europe and North America, where only three to four per cent of population is engaged in agriculture, around 47 per cent of India's population is dependent upon agriculture. Even if India continues to do well in the service sector and the manufacturing sector picks up, it is expected that around 2030 when India overtakes China as the world's most populous country, nearly 42 per cent of India's population will still be predominantly dependent on agriculture.,","Elimination Logic","L4","Constraint Satisfaction Trap","","State Construction Failure","High","Repeating","CSAT_2018_LOGIC_SET_8","Constraint System"
"UPSC_2018_CSAT_Q60","2018","Aptitude","mcq_standard","Logical Deduction","medium","static","medium","static","","","","","","Logical Deduction (Constraint System)","Diagonal; Area; Squares","",",Q60. Twelve equal squares are placed to fit in a rectangle of diagonal 5 cm. There are three rows containing four squares each. No gaps are left between adjacent squares. What is the area of each square? (a) 5/7 sq cm (b) 7/5 sq cm (c) 1 sq cm (d) 25/12 sq cm,","Elimination Logic","L4","Constraint Satisfaction Trap","","State Construction Failure","High","Repeating","CSAT_2018_LOGIC_SET_8","Constraint System"
"UPSC_2018_CSAT_Q61","2018","Aptitude","mcq_standard","Logical Deduction","medium","static","medium","static","","","","","","Logical Deduction (Constraint System)","Line Graph; Schedule vs Actual; Work Progress","",",Q61. [IMAGE: data/pyq/papers/2018/csat/raw/Question61.png] Consider the following graph: Which one of the following statements is not correct with reference to the graph given above? (a) On 1st June, the actual progress of work was less than expected. (b) The actual rate of progress of work was the greatest during the month of August. (c) The work was actually completed before the expected time. (d) During the period from 1st April to 1st September, at no time was the actual progress more than the expected progress.,","Elimination Logic","L4","Constraint Satisfaction Trap","","State Construction Failure","High","Repeating","CSAT_2018_LOGIC_SET_8","Constraint System"
"UPSC_2018_CSAT_Q62","2018","Aptitude","mcq_standard","Logical Deduction","medium","static","medium","static","","","","","","Logical Deduction (Constraint System)","Color Arrangements; Counting","",",Q62. [IMAGE: data/pyq/papers/2018/csat/raw/Question62.png] There are six different colours available to choose from and each of the three wooden blocks is to be painted such that no two of them has the same colour. In how many different ways can the winners' stand be painted? (a) 120 (b) 81 (c) 66 (d) 36,","Elimination Logic","L4","Constraint Satisfaction Trap","","State Construction Failure","High","Repeating","CSAT_2018_LOGIC_SET_8","Constraint System"
"UPSC_2018_CSAT_Q63","2018","Aptitude","mcq_standard","Concept Application","medium","static","medium","static","","","","","","Trend Analysis","Trend Analysis; Growth Rate; Population","",",Q63. [IMAGE: data/pyq/papers/2018/csat/raw/Question64.png] Looking at the graph, it can be inferred that from 1990 to 2010 (a) population growth rate has increased (b) population growth rate has decreased (c) growth rate of population has remained stable (d) population growth rate shows no trend,","Concept Application","L2","None","","Overgeneralization","Medium","Repeating","",""
"UPSC_2018_CSAT_Q64","2018","Aptitude","statement_correct","Concept Application","medium","static","medium","static","","","","","","Trend Analysis","Trend Analysis; Birth/Death Rates; Population","",",Q64. With reference to the above graph, consider the following statements considering 1970 as base year: 1. Population has stabilized after 35 years. 2. Population growth rate has stabilized after 35 years. 3. Death rate has fallen by 10% in the first 10 years. 4. Birthrate has stabilized after 35 years. Which of the above are the most logical and rational statements that can be made from the above graph? (a) 1 and 2 only (b) 1, 2 and 3 (c) 3 and 4 (d) 2 and 4,","Concept Application","L3","Hidden Constraint Trap","","Overgeneralization","High","Repeating","",""
"UPSC_2018_CSAT_Q65","2018","Aptitude","mcq_standard","Concept Application","medium","static","medium","static","","","","","","Rates of Change","Rates of Change; Slope; Graphs","",",Q65. [IMAGE: data/pyq/papers/2018/csat/raw/Question65.png] From the figures, it is observed that the (a) values of E are different (b) ranges (i.e., the difference between the maximum and the minimum) of E are different (c) slopes of the graphs are same (d) rates of increase of E are different,","Concept Application","L2","None","","Overgeneralization","Medium","Repeating","",""
"UPSC_2018_CSAT_Q66","2018","Aptitude","mcq_standard","Concept Application","medium","static","medium","static","","","","","","Pattern Completion","Pattern Completion; Figure Series","",",Q66. [IMAGE: data/pyq/papers/2018/csat/raw/Question66.png] To fit the question mark, the correct answer is (a) (b) (c) (d) [data/pyq/papers/2018/csat/raw/option66.png],","Concept Application","L2","None","","Overgeneralization","Medium","Repeating","",""
"UPSC_2018_CSAT_Q67","2018","Aptitude","mcq_standard","Concept Application","medium","static","medium","static","","","","","","Cost-Volume","Cost-Volume; Profit-Loss","",",Q67. [IMAGE: data/pyq/papers/2018/csat/raw/Question67.png] The manufacturing cost and projected sales for a product are shown in the above figures A and B respectively. What is the minimum number of pieces that should be manufactured to avoid a loss? (a) 2000 (b) 2500 (c) 3000 (d) 3500,","Concept Application","L2","None","","Overgeneralization","Medium","Repeating","",""
"UPSC_2018_CSAT_Q68","2018","Aptitude","mcq_standard","Concept Application","medium","static","medium","static","","","","","","Adult-Child Equivalence","Adult-Child Equivalence; Linear Ratio","",",Q68. A lift has the capacity of 18 adults or 30 children. How many children can board the lift with 12 adults? (a) 6 (b) 10 (c) 12 (d) 15,","Concept Application","L2","None","","Overgeneralization","Medium","Repeating","",""
"UPSC_2018_CSAT_Q69","2018","Aptitude","mcq_standard","Concept Application","medium","static","medium","static","","","","","","Installments","Installments; Outstanding Balance","",",Q69. A person bought a refrigerator worth ?22,800 with 12.5% interest compounded yearly. At the end of first year he paid ?8,650 and at the end of second year ?9,125. How much will he have to pay at the end of third year to clear the debt? (a) ?9,990 (b) ?10,000 (c) ?10,590 (d) ?11,250,","Concept Application","L3","Hidden Constraint Trap","","Overgeneralization","High","Repeating","",""
"UPSC_2018_CSAT_Q7","2018","Aptitude","mcq_standard","Reading Interpretation","medium","static","medium","static","","CSAT_2018_P1","","","","Agriculture Dependence & Demography","Population Growth; Agricultural Employment","",",Q7. Which of the following is the most logical and rational inference that can be made from the above passage? (a) Prosperity of agriculture sector is of critical importance to India. (b) Indian economy greatly depends on its agriculture. (c) India should take strict measures to control its rapid population growth. (d) India's farming communities should switch over to other occupations to improve their economic conditions. Passage-2 Many pathogens that cause foodborne illnesses are unknown. Food contamination can occur at any stage from farm to plate. Since most cases of food poisoning go unreported, the true extent of global foodborne illnesses is unknown. Improvements in international monitoring have led to greater public awareness, yet the rapid globalization of food production increases consumers' vulnerability by making food harder to regulate and trace. ""We have the world on our plates"", says an official of WHO.,","Reading Interpretation","L3","Inference Trap","","Overgeneralization","High","Emerging","CSAT_2018_P1","Passage"
"UPSC_2018_CSAT_Q70","2018","Aptitude","mcq_standard","Concept Application","medium","static","medium","static","","","","","","Figure Series","Figure Series; Rotation","",",Q70. [IMAGE: data/pyq/papers/2018/csat/raw/Question70.png] In the figures (I) to (VI) above, some parts are shown to change their positions in regular directions. Following the same sequence, which of the figures given below will appear at (VII) stage? (a) (b) (c) (d) [data/pyq/papers/2018/csat/raw/Options70.png],","Concept Application","L2","None","","Overgeneralization","Medium","Repeating","",""
"UPSC_2018_CSAT_Q71","2018","Aptitude","mcq_standard","Concept Application","medium","static","medium","static","","","","","","Dependency Ratio","Dependency Ratio; Workforce Trend; Demography","",",Q71. [IMAGE: data/pyq/papers/2018/csat/raw/Question71.png] With reference to the above graphs, which of the following are the most logical and rational inferences that can be made? 1. Over the last two and a half decades, the dependency ratio for country B has decreased. 2. By the end of next two and a half decades, the dependency ratio of country A will be much less than that of country B. 3. In the next two decades, the workforce relative to its total population will increase in country B as compared to country A. Select the correct answer using the code given below. (a) 1 and 2 only (b) 2 and 3 only (c) 1 and 3 only (d) 1, 2 and 3,","Concept Application","L2","Fact Twist","","Overgeneralization","Medium","Repeating","",""
"UPSC_2018_CSAT_Q72","2018","Aptitude","mcq_standard","Concept Application","medium","static","medium","static","","","","","","Positional Reasoning","Positional Reasoning; Best-Worst","",",Q72. Lakshmi, her brother, her daughter and her son are badminton players. A game of doubles is about to begin: (i) Lakshmi's brother is directly across the net from her daughter. (ii) Her son is diagonally across the net from the worst player's sibling. (iii) The best player and the worst player are on the same side of the net. Who is the best player? (a) Her brother (b) Her daughter (c) Her son (d) Lakshmi,","Concept Application","L2","None","","Overgeneralization","Medium","Repeating","",""
"UPSC_2018_CSAT_Q73","2018","Aptitude","mcq_standard","Concept Application","medium","static","medium","static","","","","","","Liquidity Management","Liquidity Management; Interest Rates","",",Q73. [IMAGE: data/pyq/papers/2018/csat/raw/Question73.png] Which one of the following can be the most likely reason for the Central Bank for such an action? (a) Encouraging foreign investment (b) Increasing the liquidity (c) Encouraging both public and private savings (d) Anti-inflationary stance,","Concept Application","L2","None","","Overgeneralization","Medium","Repeating","",""
"UPSC_2018_CSAT_Q74","2018","Aptitude","mcq_standard","Concept Application","medium","static","medium","static","","","","","","Per Capita Income","Per Capita Income; Tele-density; Socioeconomic","",",Q74. | States | Per capita income ($) | GDP growth rate (%) | Tele-density | | -------- | --------------------- | ------------------- | ------------ | | State 1 | 704 | 9.52 | 70.27 | | State 2 | 419 | 5.31 | 35.88 | | State 3 | 254 | 10.83 | 50.07 | | State 4 | 545 | 9.78 | 5.94 | | State 5 | 891 | 10.8 | 76.12 | | State 6 | 1077 | 11.69 | 77.5 | | State 7 | 900 | 8.88 | 104.86 | | State 8 | 395 | 5.92 | 6 | | State 9 | 720 | 7.76 | 82.25 | | State 10 | 893 | 9.55 | 96.7 | | State 11 | 363 | 4.7 | 57.7 | | State 12 | 966 | 7.85 | 63.8 | | State 13 | 495 | 9.37 | 52.3 | | State 14 | 864 | 5.46 | 97.9 | | State 15 | 497 | 7.48 | 62.3 | | State 16 | 777 | 7.03 | 93.8 | | State 17 | 335 | 5.8 | 49.9 | | State 18 | 599 | 7.49 | 47.84 | With reference to the above table, which of the following is/are the most logical and rational inference/inferences that can be made? 1. Higher per capita income is generally associated with higher Tele-density. 2. Higher GDP growth rate always ensures higher per capita income. 3. Higher GDP growth rate does not necessarily ensure higher Tele-density. Select the correct answer using the code given below. (a) 1 only (b) 2 and 3 (c) 1 and 3 (d) 3 only,","Concept Application","L3","Hidden Constraint Trap","","Overgeneralization","High","Repeating","",""
"UPSC_2018_CSAT_Q75","2018","Aptitude","mcq_standard","Logical Deduction","medium","static","medium","static","","","","","","Telecom Infrastructure","Telecom Infrastructure; Economic Growth; Socioeconomic","",",Q75. With reference to the above table, the following assumptions have been made: 1. Nowadays, prosperity of an already high performing State cannot be sustained without making further large investments in its telecom infrastructure. 2. Nowadays, a very high Tele-density is the most essential condition for promoting the business and economic growth in a State. Which of the above assumptions is/are valid? (a) 1 only (b) 2 only (c) Both 1 and 2 (d) Neither 1 nor 2,","Elimination Logic","L3","Logical Reversal Trap","","Misreading","High","Repeating","",""
"UPSC_2018_CSAT_Q76","2018","Aptitude","mcq_standard","Logical Deduction","medium","static","medium","static","","","","","","Direct vs Indirect Taxes","Direct vs Indirect Taxes; Trend Analysis; Tax Revenue","",",Q76. [IMAGE: data/pyq/papers/2018/csat/raw/Question76.png] With reference to the above graph, which of the following is/are the most logical and rational inference/inferences that can be made? 1. During the given period, the revenue from Direct Taxes as percentage of gross tax revenue has increased while that of Indirect Taxes decreased. 2. The trend in the revenue from Excise Duty demonstrates that the growth of manufacturing sector has been negative during the given period. Select the correct answer using the code given below. (a) 1 only (b) 2 only (c) Both 1 and 2 (d) Neither 1 nor 2,","Elimination Logic","L3","Logical Reversal Trap","","Misreading","High","Repeating","",""
"UPSC_2018_CSAT_Q77","2018","Aptitude","mcq_standard","Logical Deduction","medium","static","medium","static","","","","","","Logical Deduction (Constraint System)","Linear Equations; Sign Analysis; Equations","",",Q77. If x - y = 8, then which of the following must be true? 1.Both x and y must be positive for any value of x and y. 2. If x is positive, y must be negative for any value of x and y. 3. If x is negative, y must be positive for any value of x and y. Select the correct answer using the code given below. (a) 1 only (b) 2 only (c) Both 1 and 2 (d) Neither 1 nor 2 nor 3 Directions for the following 3 (three) items: Read the following two passages and answer the items that follow. Your answers to these items should be based on the passages only. Passage-1 The quest for cheap and plentiful meat has resulted in factory farms where more and more animals are squeezed into smaller lots in cruel and shocking conditions. Such practices have resulted in many of the world's health pandemics such as the avian flu. Worldwide, livestock are increasingly raised in cruel, cramped conditions, where animals spend their short lives under artificial light, pumped full of antibiotics and growth hormones, until the day they are slaughtered. Meat production is water-intensive. 15000 litres of water is needed for every kilogram of meat compared with 3400 litres for rice, 3300 litres for eggs and 255 litres for a kilogram of potatoes.,","Elimination Logic","L4","Constraint Satisfaction Trap","","State Construction Failure","High","Repeating","CSAT_2018_LOGIC_SET_9","Constraint System"
"UPSC_2018_CSAT_Q78","2018","Aptitude","mcq_standard","Reading Interpretation","medium","static","medium","static","","CSAT_2018_P17","","","","Industrial Farming & Sustainability","Factory Farming; Environmental Cost","",",Q78. What is the most rational and crucial message given by the passage? (a) Mass production of meat through industrial farming is cheap and is suitable for providing protein nutrition to poor countries. (b) Meat-producing industry violates the laws against cruelty to animals. (c) Mass production of meat through industrial farming is undesirable and should be stopped immediately. (d) Environmental cost of meat production is unsustainable when it is produced through industrial farming. Passage-2 A male tiger was removed from Pench Tiger Reserve and was relocated in Panna National Park. Later, this tiger trekked toward his home 250 miles away. The trek of this solitary tiger highlights a crisis. Many wildlife reserves exist as islands of fragile habitat in a vast sea of humanity, yet tigers can range over a hundred miles, seeking prey, mates and territory. Nearly a third of India's tigers live outside tiger reserves, a situation that is dangerous for both human and animal. Prey and tigers can only disperse if there are recognized corridors of land between protected areas to allow unmolested passage.,","Reading Interpretation","L2","Inference Trap","","Incomplete Inference","High","Emerging","CSAT_2018_P17","Passage"
"UPSC_2018_CSAT_Q79","2018","Aptitude","mcq_standard","Reading Interpretation","medium","static","medium","static","","CSAT_2018_P18","","","","Wildlife Corridors & Conservation","Habitat Connectivity; Human-Wildlife Conflict","",",Q79. Which of the following is the most rational and crucial message given by the passage? (a) The conflict between man and wildlife cannot be resolved, no matter what efforts we make. (b) Safe wildlife corridors between protected areas is an essential aspect of conservation efforts. (c) India needs to declare more protected areas and set up more tiger reserves. (d) India's National Parks and Tiger Reserves need to be professionally managed.,","Reading Interpretation","L2","Inference Trap","","Incomplete Inference","High","Emerging","CSAT_2018_P18","Passage"
"UPSC_2018_CSAT_Q8","2018","Aptitude","mcq_standard","Reading Interpretation","medium","static","medium","static","","CSAT_2018_P2","","","","Food Safety & Globalization","Foodborne Illness; Supply Chain Risk","",",Q8. Which of the following is the most logical corollary to the above passage? (a) With more options for food come more risks. (b) Food processing is the source of all foodborne illnesses. (c) We should depend on locally produced food only. (d) Globalization of food production should be curtailed. Passage-3 I am a scientist, privileged to be somebody who tries to understand nature using the tools of science. But it is also clear that there are some really important questions that science cannot really answer, such as: Why is there something instead of nothing? Why are we here? In those domains, I have found that faith provides a better path to answers. I find it oddly anachronistic that in today's culture there seems to be a widespread presumption that scientific and spiritual views are incompatible.,","Reading Interpretation","L3","Inference Trap","","Overgeneralization","High","Emerging","CSAT_2018_P2","Passage"
"UPSC_2018_CSAT_Q80","2018","Aptitude","mcq_standard","Reading Interpretation","medium","static","medium","static","","CSAT_2018_P18","","","","Wildlife Corridors & Conservation","Habitat Connectivity; Human-Wildlife Conflict","",",Q80. With reference to the above passage, the following assumptions have been made: The strategy of conservation of wildlife by relocating them from one protected area to another is not often successful. India does not have suitable legislation to save the tigers, and its conservation efforts have failed which forced the tigers to live outside protected areas. Which of the above assumptions is/are valid? (a) 1 only (b) 2 only (c) Both 1 and 2 (d) Neither 1 nor 2,","Reading Interpretation","L3","Inference Trap","","Assumption Misinterpretation","High","Emerging","CSAT_2018_P18","Passage"
"UPSC_2018_CSAT_Q9","2018","Aptitude","mcq_standard","Reading Interpretation","medium","static","medium","static","","CSAT_2018_P3","","","","Science & Faith","Limits of Science; Spirituality","",",Q9. Which of the following is the most logical and rational inference that can be made from the above passage? (a) It is the faith and not science that can finally solve all the problems of mankind. (b) Science and faith can be mutually complementary if their proper domains are understood. (c) There are some very fundamental questions which cannot be answered by either science or faith. (d) In today's culture, scientific views are given more importance than spiritual views. Directions for the following 4 (four) items: Read the following passage and answer the four items that follow. Your answers should be based on the passage only. Passage It is no longer enough for us to talk about providing for universal access to education. Making available schooling facilities is an essential prerequisite, but is insufficient to ensure that all children attend school and participate in the learning process. The school may be there, but children may not attend or they may drop out after a few months. Through school and social mapping, we must address the entire gamut of social, economic, cultural and indeed linguistic and pedagogic issues, factors that prevent children from weaker sections and disadvantaged groups, as also girls, from regularly attending and completing elementary education. The focus must be on the poorest and most vulnerable since these groups are the most disempowered and at the greatest risk of violation or denial of their right to education. The right to education goes beyond free and compulsory education to include quality education for all. Quality is an integral part of the right to education. If the education process lacks quality, children are being denied their right. The Right of Children to Free and Compulsory Education Act lays down that the curriculum should provide for learning through activities, exploration and discovery. This places an obligation on us to change our perception of children as passive receivers of knowledge, and to move beyond the convention of using textbooks as the basis of examinations. The teaching-learning process must become stress-free; and a massive programme for curricular reform should be initiated to provide for a child-friendly learning system, that is more relevant and empowering.,","Reading Interpretation","L3","Inference Trap","","Overgeneralization","High","Emerging","CSAT_2018_P3","Passage"
"UPSC_2019_CSAT_Q1","2019","Aptitude","pair_match","Reading Interpretation","medium","static","medium","static","","CSAT_2019_P1","","","","Historical Injustice & Social Discrimination","Untouchability; Economic Deprivation; Social Discrimination","",",Q1. What is the main idea that we can infer from the passage? (a) Untouchability in India has not been taken seriously by political theorists. (b) Historical injustice is inevitable in any society and is always beyond repair. (c) Social discrimination and deprivation have their roots in bad economies. (d) It is difficult, if not impossible, to repair every manifestation of historical injustice. Directions for the following 8 (eight) items: Read the following seven passages and answer the items that follow each passage. Your answers to these items should be based on the passages only. Passage-1 Political theorists no doubt have to take history of injustice, for example, untouchability, seriously. The concept of historical injustice takes note of a variety of historical wrongs that continue into the present in some form or the other and tend to resist repair. Two reasons might account for resistance to repair. One, not only are the roots of injustice buried deep in history, injustice itself constitutes economic structures of exploitation, ideologies of discrimination and modes of representation. Two, the category of historical injustice generally extends across a number of wrongs such as economic deprivation, social discrimination and lack of recognition. This category is complex, not only because of the overlap between a number of wrongs, but because one or the other wrong, generally discrimination, tends to acquire partial autonomy from others. This is borne out by the history of repair in India.,","Reading Interpretation","L2","Inference Trap","","Incomplete Inference","High","Emerging","CSAT_2019_P1","Passage"
"UPSC_2019_CSAT_Q10","2019","Aptitude","pair_match","Logical Deduction","medium","static","medium","static","","","","","","Logical Deduction (Constraint System)","Painted Cubes; Counting","",",Q10. A solid cube is painted yellow, blue and black such that opposite faces are of same colour. The cube is then cut into 36 cubes of two different sizes such that 32 cubes are small and the other four cubes are big. None of the faces of the bigger cubes is painted blue. How many cubes have only one face painted? (a) 4 (b) 6 (c) 8 (d) 10 Directions for the following 8 (eight) items: Read the following seven passages and answer the items that follow each passage. Your answers to these items should be based on the passages only. Passage-1 Political theorists no doubt have to take history of injustice, for example, untouchability, seriously. The concept of historical injustice takes note of a variety of historical wrongs that continue into the present in some form or the other and tend to resist repair. Two reasons might account for resistance to repair. One, not only are the roots of injustice buried deep in history, injustice itself constitutes economic structures of exploitation, ideologies of discrimination and modes of representation. Two, the category of historical injustice generally extends across a number of wrongs such as economic deprivation, social discrimination and lack of recognition. This category is complex, not only because of the overlap between a number of wrongs, but because one or the other wrong, generally discrimination, tends to acquire partial autonomy from others. This is borne out by the history of repair in India.,","Elimination Logic","L4","Constraint Satisfaction Trap","","State Construction Failure","High","Repeating","CSAT_2019_LOGIC_SET_2","Constraint System"
"UPSC_2019_CSAT_Q11","2019","Aptitude","pair_match","Logical Deduction","medium","static","medium","static","","","","","","Logical Deduction (Constraint System)","Percent Increase; Ratios","",",Q11. A and B are two heavy steel blocks. If B is placed on the top of A, the weight increases by 60%. How much weight will reduce with respect to the total weight of A and B, if B is removed from the top of A? (a) 60% (b) 45.5% (c) 40% (d) 37.5% ?? Page 11 Directions for the following 8 (eight) items: Read the following seven passages and answer the items that follow each passage. Your answers to these items should be based on the passages only. Passage-1 Political theorists no doubt have to take history of injustice, for example, untouchability, seriously. The concept of historical injustice takes note of a variety of historical wrongs that continue into the present in some form or the other and tend to resist repair. Two reasons might account for resistance to repair. One, not only are the roots of injustice buried deep in history, injustice itself constitutes economic structures of exploitation, ideologies of discrimination and modes of representation. Two, the category of historical injustice generally extends across a number of wrongs such as economic deprivation, social discrimination and lack of recognition. This category is complex, not only because of the overlap between a number of wrongs, but because one or the other wrong, generally discrimination, tends to acquire partial autonomy from others. This is borne out by the history of repair in India.,","Elimination Logic","L4","Constraint Satisfaction Trap","","State Construction Failure","High","Repeating","CSAT_2019_LOGIC_SET_3","Constraint System"
"UPSC_2019_CSAT_Q12","2019","Aptitude","pair_match","Logical Deduction","medium","static","medium","static","","","","","","Logical Deduction (Constraint System)","Calendar; Weekday Counting","",",Q12. Mr 'X' has three children. The birthday of the first child falls on the 5th Monday of April, that of the second one falls on the 5th Thursday of November. On which day is the birthday of his third child, which falls on 20th December? (a) Monday (b) Thursday (c) Saturday (d) Sunday Directions for the following 8 (eight) items: Read the following seven passages and answer the items that follow each passage. Your answers to these items should be based on the passages only. Passage-1 Political theorists no doubt have to take history of injustice, for example, untouchability, seriously. The concept of historical injustice takes note of a variety of historical wrongs that continue into the present in some form or the other and tend to resist repair. Two reasons might account for resistance to repair. One, not only are the roots of injustice buried deep in history, injustice itself constitutes economic structures of exploitation, ideologies of discrimination and modes of representation. Two, the category of historical injustice generally extends across a number of wrongs such as economic deprivation, social discrimination and lack of recognition. This category is complex, not only because of the overlap between a number of wrongs, but because one or the other wrong, generally discrimination, tends to acquire partial autonomy from others. This is borne out by the history of repair in India.,","Elimination Logic","L4","Constraint Satisfaction Trap","","State Construction Failure","High","Repeating","CSAT_2019_LOGIC_SET_4","Constraint System"
"UPSC_2019_CSAT_Q13","2019","Aptitude","pair_match","Reading Interpretation","medium","static","medium","static","","CSAT_2019_SET_1","","","","Syllogism","Syllogism; Statement Conclusions","",",Q13. Consider the following Statements and Conclusions: Statements: Some rats are cats. Some cats are dogs. No dog is a cow. Conclusions: I. No cow is a cat. II. No dog is a rat. III. Some cats are rats. Which of the above conclusions is/are drawn from the statements? (a) I, II and III (b) Only I and II (c) Only III (d) Only II and III Directions for the following 8 (eight) items: Read the following seven passages and answer the items that follow each passage. Your answers to these items should be based on the passages only. Passage-1 Political theorists no doubt have to take history of injustice, for example, untouchability, seriously. The concept of historical injustice takes note of a variety of historical wrongs that continue into the present in some form or the other and tend to resist repair. Two reasons might account for resistance to repair. One, not only are the roots of injustice buried deep in history, injustice itself constitutes economic structures of exploitation, ideologies of discrimination and modes of representation. Two, the category of historical injustice generally extends across a number of wrongs such as economic deprivation, social discrimination and lack of recognition. This category is complex, not only because of the overlap between a number of wrongs, but because one or the other wrong, generally discrimination, tends to acquire partial autonomy from others. This is borne out by the history of repair in India.,","Reading Interpretation","L2","Inference Trap","","Incomplete Inference","High","Repeating","CSAT_2019_SET_1","Passage"
"UPSC_2019_CSAT_Q14","2019","Aptitude","pair_match","Logical Deduction","medium","static","medium","static","","","","","","Logical Deduction (Constraint System)","Counting Parallelograms; Grid","",",Q14. The number of parallelograms that can be formed from a set of four parallel lines intersecting another set of four parallel lines, is (a) 18 (b) 24 (c) 32 (d) 36 Directions for the following 8 (eight) items: Read the following seven passages and answer the items that follow each passage. Your answers to these items should be based on the passages only. Passage-1 Political theorists no doubt have to take history of injustice, for example, untouchability, seriously. The concept of historical injustice takes note of a variety of historical wrongs that continue into the present in some form or the other and tend to resist repair. Two reasons might account for resistance to repair. One, not only are the roots of injustice buried deep in history, injustice itself constitutes economic structures of exploitation, ideologies of discrimination and modes of representation. Two, the category of historical injustice generally extends across a number of wrongs such as economic deprivation, social discrimination and lack of recognition. This category is complex, not only because of the overlap between a number of wrongs, but because one or the other wrong, generally discrimination, tends to acquire partial autonomy from others. This is borne out by the history of repair in India.,","Elimination Logic","L4","Constraint Satisfaction Trap","","State Construction Failure","High","Repeating","CSAT_2019_LOGIC_SET_6","Constraint System"
"UPSC_2019_CSAT_Q15","2019","Aptitude","pair_match","Logical Deduction","medium","static","medium","static","","","","","","Logical Deduction (Constraint System)","Divisibility; Number Properties","",",Q15. In a school every student is assigned a unique identification number. A student is a football player if and only if the identification number is divisible by 4, whereas a student is a cricketer if and only if the identification number is divisible by 6. If every number from 1 to 100 is assigned to a student, then how many of them play cricket as well as football? (a) 4 (b) 8 (c) 10 (d) 12 Directions for the following 8 (eight) items: Read the following seven passages and answer the items that follow each passage. Your answers to these items should be based on the passages only. Passage-1 Political theorists no doubt have to take history of injustice, for example, untouchability, seriously. The concept of historical injustice takes note of a variety of historical wrongs that continue into the present in some form or the other and tend to resist repair. Two reasons might account for resistance to repair. One, not only are the roots of injustice buried deep in history, injustice itself constitutes economic structures of exploitation, ideologies of discrimination and modes of representation. Two, the category of historical injustice generally extends across a number of wrongs such as economic deprivation, social discrimination and lack of recognition. This category is complex, not only because of the overlap between a number of wrongs, but because one or the other wrong, generally discrimination, tends to acquire partial autonomy from others. This is borne out by the history of repair in India.,","Elimination Logic","L4","Constraint Satisfaction Trap","","State Construction Failure","High","Repeating","CSAT_2019_LOGIC_SET_7","Constraint System"
"UPSC_2019_CSAT_Q16","2019","Aptitude","pair_match","Logical Deduction","medium","static","medium","static","","","","","","Logical Deduction (Constraint System)","Percent of Total; Distance","",",Q16. When a runner was crossing the 12 km mark, she was informed that she had completed only 80% of the race. How many kilometres was the runner supposed to run in this event? (a) 14 (b) 15 (c) 16 (d) 16.5 Directions for the following 8 (eight) items: Read the following seven passages and answer the items that follow each passage. Your answers to these items should be based on the passages only. Passage-1 Political theorists no doubt have to take history of injustice, for example, untouchability, seriously. The concept of historical injustice takes note of a variety of historical wrongs that continue into the present in some form or the other and tend to resist repair. Two reasons might account for resistance to repair. One, not only are the roots of injustice buried deep in history, injustice itself constitutes economic structures of exploitation, ideologies of discrimination and modes of representation. Two, the category of historical injustice generally extends across a number of wrongs such as economic deprivation, social discrimination and lack of recognition. This category is complex, not only because of the overlap between a number of wrongs, but because one or the other wrong, generally discrimination, tends to acquire partial autonomy from others. This is borne out by the history of repair in India.,","Elimination Logic","L4","Constraint Satisfaction Trap","","State Construction Failure","High","Repeating","CSAT_2019_LOGIC_SET_8","Constraint System"
"UPSC_2019_CSAT_Q17","2019","Aptitude","pair_match","Logical Deduction","medium","static","medium","static","","","","","","Logical Deduction (Constraint System)","Percent Shortfall; Borrowing","",",Q17. Raju has ? 9000 with him and he wants to buy a mobile handset, but he finds that he has only 75% of the amount required to buy the handset. Therefore, he borrows ? 2000 from a friend. Then (a) Raju still does not have enough amount to buy the handset. (b) Raju has exactly the same amount as required to buy the handset. (c) Raju has enough amount to buy the handset and he will have ? 500 with him after buying the handset. (d) Raju has enough amount to buy the handset and he will have ? 1000 with him after buying the handset. ?? Page 13 Directions for the following 8 (eight) items: Read the following seven passages and answer the items that follow each passage. Your answers to these items should be based on the passages only. Passage-1 Political theorists no doubt have to take history of injustice, for example, untouchability, seriously. The concept of historical injustice takes note of a variety of historical wrongs that continue into the present in some form or the other and tend to resist repair. Two reasons might account for resistance to repair. One, not only are the roots of injustice buried deep in history, injustice itself constitutes economic structures of exploitation, ideologies of discrimination and modes of representation. Two, the category of historical injustice generally extends across a number of wrongs such as economic deprivation, social discrimination and lack of recognition. This category is complex, not only because of the overlap between a number of wrongs, but because one or the other wrong, generally discrimination, tends to acquire partial autonomy from others. This is borne out by the history of repair in India.,","Elimination Logic","L4","Constraint Satisfaction Trap","","State Construction Failure","High","Repeating","CSAT_2019_LOGIC_SET_9","Constraint System"
"UPSC_2019_CSAT_Q18","2019","Aptitude","pair_match","Logical Deduction","medium","static","medium","static","","","","","","Logical Deduction (Constraint System)","Age Problems; Ratio","",",Q18. In 2002, Meenu's age was one-third of the age of Meera, whereas in 2010, Meenu's age was half the age of Meera. What is Meenu's year of birth? (a) 1992 (b) 1994 (c) 1996 (d) 1998 Directions for the following 8 (eight) items: Read the following seven passages and answer the items that follow each passage. Your answers to these items should be based on the passages only. Passage-1 Political theorists no doubt have to take history of injustice, for example, untouchability, seriously. The concept of historical injustice takes note of a variety of historical wrongs that continue into the present in some form or the other and tend to resist repair. Two reasons might account for resistance to repair. One, not only are the roots of injustice buried deep in history, injustice itself constitutes economic structures of exploitation, ideologies of discrimination and modes of representation. Two, the category of historical injustice generally extends across a number of wrongs such as economic deprivation, social discrimination and lack of recognition. This category is complex, not only because of the overlap between a number of wrongs, but because one or the other wrong, generally discrimination, tends to acquire partial autonomy from others. This is borne out by the history of repair in India.,","Elimination Logic","L4","Constraint Satisfaction Trap","","State Construction Failure","High","Repeating","CSAT_2019_LOGIC_SET_10","Constraint System"
"UPSC_2019_CSAT_Q19","2019","Aptitude","pair_match","Logical Deduction","medium","static","medium","static","","","","","","Logical Deduction (Constraint System)","Cost Ratios; Linear Equations","",",Q19. Rakesh and Rajesh together bought 10 balls and 10 rackets. Rakesh spent ? 1300 and Rajesh spent ? 1500. If each racket costs three times a ball does, then what is the price of a racket? (a) ? 70 (b) ? 90 (c) ? 210 (d) ? 240 Directions for the following 8 (eight) items: Read the following seven passages and answer the items that follow each passage. Your answers to these items should be based on the passages only. Passage-1 Political theorists no doubt have to take history of injustice, for example, untouchability, seriously. The concept of historical injustice takes note of a variety of historical wrongs that continue into the present in some form or the other and tend to resist repair. Two reasons might account for resistance to repair. One, not only are the roots of injustice buried deep in history, injustice itself constitutes economic structures of exploitation, ideologies of discrimination and modes of representation. Two, the category of historical injustice generally extends across a number of wrongs such as economic deprivation, social discrimination and lack of recognition. This category is complex, not only because of the overlap between a number of wrongs, but because one or the other wrong, generally discrimination, tends to acquire partial autonomy from others. This is borne out by the history of repair in India.,","Elimination Logic","L4","Constraint Satisfaction Trap","","State Construction Failure","High","Repeating","CSAT_2019_LOGIC_SET_11","Constraint System"
"UPSC_2019_CSAT_Q2","2019","Aptitude","pair_match","Reading Interpretation","medium","static","medium","static","","CSAT_2019_P1","","","","Historical Injustice & Social Discrimination","Untouchability; Economic Deprivation; Social Discrimination","",",Q2. On the basis of the above passage, the following assumptions have been made: Removal of economic discrimination leads to removal of social discrimination. Democratic polity is the best way to repair historical wrongs. Which of the above assumptions is/are valid? (a) 1 only (b) 2 only (c) Both 1 and 2 (d) Neither 1 nor 2 Passage-2 Education plays a great transformative role in life, particularly so in this rapidly changing and globalizing world. Universities are the custodians of the intellectual capital and promoters of culture and specialized knowledge. Culture is an activity of thought, and receptiveness to beauty and human feelings. A merely well informed man is only a bore on God's earth. What we should aim at is producing men who possess both culture and expert knowledge. Their expert knowledge will give them a firm ground to start from and their culture will lead them as deep as philosophy and as high as art. Together it will impart meaning to human existence. Directions for the following 8 (eight) items: Read the following seven passages and answer the items that follow each passage. Your answers to these items should be based on the passages only. Passage-1 Political theorists no doubt have to take history of injustice, for example, untouchability, seriously. The concept of historical injustice takes note of a variety of historical wrongs that continue into the present in some form or the other and tend to resist repair. Two reasons might account for resistance to repair. One, not only are the roots of injustice buried deep in history, injustice itself constitutes economic structures of exploitation, ideologies of discrimination and modes of representation. Two, the category of historical injustice generally extends across a number of wrongs such as economic deprivation, social discrimination and lack of recognition. This category is complex, not only because of the overlap between a number of wrongs, but because one or the other wrong, generally discrimination, tends to acquire partial autonomy from others. This is borne out by the history of repair in India.,","Reading Interpretation","L3","Inference Trap","","Assumption Misinterpretation","High","Emerging","CSAT_2019_P1","Passage"
"UPSC_2019_CSAT_Q20","2019","Aptitude","pair_match","Reading Interpretation","medium","static","medium","static","","CSAT_2019_SET_2","","","","Venn Diagram","Venn Diagram; Logical Deductions","",",Q20. In a conference, out of a total 100 participants, 70 are Indians. If 60 of the total participants are vegetarian, then which of the following statements is/are correct? At least 30 Indian participants are vegetarian. At least 10 Indian participants are non-vegetarian. Select the correct answer using the codes given below: (a) 1 only (b) 2 only (c) Both 1 and 2 (d) Neither 1 nor 2 ?? Page 13 (Passage Section Starts) Directions for the following 8 (eight) items: Read the following six passages and answer the items that follow each passage. Your answers should be based on the passages only. Passage-1 (IoT) Low-end IoT (Internet of Things) devices are cheap commodity items: addressing security would add to the cost. This class of items is proliferating with new applications; many home appliances, thermostats, security and monitoring devices and personal convenience devices are part of the IoT. So are fitness trackers, certain medical implants and computer-like devices in automobiles. The IoT is expected to expand exponentially-but new security challenges are daunting. Directions for the following 8 (eight) items: Read the following seven passages and answer the items that follow each passage. Your answers to these items should be based on the passages only. Passage-1 Political theorists no doubt have to take history of injustice, for example, untouchability, seriously. The concept of historical injustice takes note of a variety of historical wrongs that continue into the present in some form or the other and tend to resist repair. Two reasons might account for resistance to repair. One, not only are the roots of injustice buried deep in history, injustice itself constitutes economic structures of exploitation, ideologies of discrimination and modes of representation. Two, the category of historical injustice generally extends across a number of wrongs such as economic deprivation, social discrimination and lack of recognition. This category is complex, not only because of the overlap between a number of wrongs, but because one or the other wrong, generally discrimination, tends to acquire partial autonomy from others. This is borne out by the history of repair in India.,","Reading Interpretation","L2","Inference Trap","","Incomplete Inference","High","Repeating","CSAT_2019_SET_2","Passage"
"UPSC_2019_CSAT_Q21","2019","Aptitude","pair_match","Reading Interpretation","medium","static","medium","static","","CSAT_2019_P8","","","","IoT Security","Device Vulnerabilities; Cybersecurity","",",Q21. Which one of the following statements is the most logical and rational inference that can be made from the above passage? (a) Development of enabling technologies in India can be a big boost to its manufacturing sector. (b) India is not yet fully ready to adopt IoT in view of the imminent security challenges. (c) Life becomes more comfortable with the development of cheap low-end IoT devices. (d) As we go digital, we must recognise the huge threat to Internet security from some IoT devices. ?? Page 15 Passage-2 With the digital phenomenon restructuring most social sectors, it is little surprise that global trade negotiations are now eyeing the digital area in an attempt to pre-emptively colonise it. Big Data is freely collected or mined from developing countries, and converted into digital intelligence in developed countries. This intelligence begins to control different sectors and extract monopoly rents. A large foreign company providing cab service, for instance, is not a network of cars and drivers; it is digital intelligence about commuting, public transport, roads, traffic, city events, personal behavioural characteristics of commuters and drivers and so on. Directions for the following 8 (eight) items: Read the following seven passages and answer the items that follow each passage. Your answers to these items should be based on the passages only. Passage-1 Political theorists no doubt have to take history of injustice, for example, untouchability, seriously. The concept of historical injustice takes note of a variety of historical wrongs that continue into the present in some form or the other and tend to resist repair. Two reasons might account for resistance to repair. One, not only are the roots of injustice buried deep in history, injustice itself constitutes economic structures of exploitation, ideologies of discrimination and modes of representation. Two, the category of historical injustice generally extends across a number of wrongs such as economic deprivation, social discrimination and lack of recognition. This category is complex, not only because of the overlap between a number of wrongs, but because one or the other wrong, generally discrimination, tends to acquire partial autonomy from others. This is borne out by the history of repair in India.,","Reading Interpretation","L3","Inference Trap","","Overgeneralization","High","Emerging","CSAT_2019_P8","Passage"
"UPSC_2019_CSAT_Q22","2019","Aptitude","pair_match","Reading Interpretation","medium","static","medium","static","","CSAT_2019_P9","","","","Big Data & Digital Sovereignty","Digital Trade; Data Monopoly","",",Q22. Which one of the following is the most logical and rational corollary to the above passage? (a) Globalization is not in the interests of India as it undermines its socio-economic structures. (b) India should be careful to protect its digital sovereignty in global trade talks. (c) India should charge monopoly rents from multinational companies in exchange for Big Data. (d) The loss of Big Data from India is proportional to the degree/value of its foreign trade. Directions for the following 8 (eight) items: Read the following seven passages and answer the items that follow each passage. Your answers to these items should be based on the passages only. Passage-1 Political theorists no doubt have to take history of injustice, for example, untouchability, seriously. The concept of historical injustice takes note of a variety of historical wrongs that continue into the present in some form or the other and tend to resist repair. Two reasons might account for resistance to repair. One, not only are the roots of injustice buried deep in history, injustice itself constitutes economic structures of exploitation, ideologies of discrimination and modes of representation. Two, the category of historical injustice generally extends across a number of wrongs such as economic deprivation, social discrimination and lack of recognition. This category is complex, not only because of the overlap between a number of wrongs, but because one or the other wrong, generally discrimination, tends to acquire partial autonomy from others. This is borne out by the history of repair in India.,","Reading Interpretation","L3","Inference Trap","","Overgeneralization","High","Emerging","CSAT_2019_P9","Passage"
"UPSC_2019_CSAT_Q23","2019","Aptitude","pair_match","Reading Interpretation","medium","static","medium","static","","CSAT_2019_P9","","","","Big Data & Digital Sovereignty","Digital Trade; Data Monopoly","",",Q23. Which of the following is most definitively implied by the above passage? (a) Big Data is the key resource in the digital space. (b) Big economies create Big Data. (c) Access to Big Data is the prerogative of developed countries. (d) Access to and possession of Big Data is a characteristic of developed countries. Passage-3 The rural poor across the world, including India, have contributed little to human-induced climate change, yet they are on the frontline in coping with its effects. Farmers can no longer rely on historical averages for rainfall and temperature, and the more frequent and extreme weather events, such as droughts and floods, can spell disaster. And there are new threats, such as sea level rise and the impact of melting glaciers on water supply. How significant are small farms? As many as two billion people worldwide depend on them for their food and livelihood. Small-holder farmers in India produce 41 percent of the country's food grains, and other food items that contribute to local and national food security. Directions for the following 8 (eight) items: Read the following seven passages and answer the items that follow each passage. Your answers to these items should be based on the passages only. Passage-1 Political theorists no doubt have to take history of injustice, for example, untouchability, seriously. The concept of historical injustice takes note of a variety of historical wrongs that continue into the present in some form or the other and tend to resist repair. Two reasons might account for resistance to repair. One, not only are the roots of injustice buried deep in history, injustice itself constitutes economic structures of exploitation, ideologies of discrimination and modes of representation. Two, the category of historical injustice generally extends across a number of wrongs such as economic deprivation, social discrimination and lack of recognition. This category is complex, not only because of the overlap between a number of wrongs, but because one or the other wrong, generally discrimination, tends to acquire partial autonomy from others. This is borne out by the history of repair in India.,","Reading Interpretation","L3","Inference Trap","","Overgeneralization","High","Emerging","CSAT_2019_P9","Passage"
"UPSC_2019_CSAT_Q24","2019","Aptitude","pair_match","Reading Interpretation","medium","static","medium","static","","CSAT_2019_P10","","","","Smallholder Farmers & Climate Risk","Food Security; Climate Vulnerability","",",Q24. What is the most logical and rational corollary to the above passage? (a) Supporting small farmers is an important part of any agenda regarding environmentally sustainable development. (b) Poor countries have little role to play in the mitigation of global warming. (c) Due to a large number of farmer households, India will not have food security problem in the foreseeable future. (d) Only small-holder farmers in India can ensure food security. Directions for the following 8 (eight) items: Read the following seven passages and answer the items that follow each passage. Your answers to these items should be based on the passages only. Passage-1 Political theorists no doubt have to take history of injustice, for example, untouchability, seriously. The concept of historical injustice takes note of a variety of historical wrongs that continue into the present in some form or the other and tend to resist repair. Two reasons might account for resistance to repair. One, not only are the roots of injustice buried deep in history, injustice itself constitutes economic structures of exploitation, ideologies of discrimination and modes of representation. Two, the category of historical injustice generally extends across a number of wrongs such as economic deprivation, social discrimination and lack of recognition. This category is complex, not only because of the overlap between a number of wrongs, but because one or the other wrong, generally discrimination, tends to acquire partial autonomy from others. This is borne out by the history of repair in India.,","Reading Interpretation","L3","Inference Trap","","Overgeneralization","High","Emerging","CSAT_2019_P10","Passage"
"UPSC_2019_CSAT_Q25","2019","Aptitude","pair_match","Reading Interpretation","medium","static","medium","static","","CSAT_2019_P10","","","","Smallholder Farmers & Climate Risk","Food Security; Climate Vulnerability","",",Q25. The above passage implies that: There is a potential problem of food insecurity in India. India will have to strengthen its disaster management capabilities. Which of the above assumptions is/are valid? (a) 1 only (b) 2 only (c) Both 1 and 2 (d) Neither 1 nor 2 ?? Page 17 Passage-4 A changing climate, and the eventual efforts of governments (however reluctant) to deal with it, could have a big impact on investors' returns. Companies that produce or use large amounts of fossil fuels will face higher taxes and regulatory burdens. Some energy producers may find it impossible to exploit their known reserves, and be left with ""stranded assets""-deposits of oil and coal that have to be left in the ground. Other industries could be affected by the economic damage caused by more extreme weather-storms, floods, heat waves and droughts. Directions for the following 8 (eight) items: Read the following seven passages and answer the items that follow each passage. Your answers to these items should be based on the passages only. Passage-1 Political theorists no doubt have to take history of injustice, for example, untouchability, seriously. The concept of historical injustice takes note of a variety of historical wrongs that continue into the present in some form or the other and tend to resist repair. Two reasons might account for resistance to repair. One, not only are the roots of injustice buried deep in history, injustice itself constitutes economic structures of exploitation, ideologies of discrimination and modes of representation. Two, the category of historical injustice generally extends across a number of wrongs such as economic deprivation, social discrimination and lack of recognition. This category is complex, not only because of the overlap between a number of wrongs, but because one or the other wrong, generally discrimination, tends to acquire partial autonomy from others. This is borne out by the history of repair in India.,","Reading Interpretation","L3","Inference Trap","","Assumption Misinterpretation","High","Emerging","CSAT_2019_P10","Passage"
"UPSC_2019_CSAT_Q26","2019","Aptitude","pair_match","Reading Interpretation","medium","static","medium","static","","CSAT_2019_P11","","","","Climate Risk & Investments","Stranded Assets; Extreme Weather","",",Q26. On the basis of the above passage, the following assumptions have been made: Governments and companies need to be adequately prepared to face climate change. Extreme weather events will reduce the economic growth of governments and companies in future. Ignoring climate change is a huge risk for investors. Which of the above assumptions is/are valid? (a) 1 and 2 only (b) 3 only (c) 1 and 3 only (d) 1, 2 and 3 Passage-5 Access to schooling for those coming of school age is close to universal, but access to quality exhibits a sharp gradient with socio-economic status. Quotas for the weaker sections in private schools is a provision introduced by the Right of Children to Free and Compulsory Education Act, 2009. The quotas have imposed a debate on issues of social integration and equity in education that private actors had escaped by and large. The idea of egalitarian education system with equality of opportunity as its primary goal appears to be outside the space that private school principals inhabit. Therefore, the imposition of the quotas has led to resistance, sometimes justified. Directions for the following 8 (eight) items: Read the following seven passages and answer the items that follow each passage. Your answers to these items should be based on the passages only. Passage-1 Political theorists no doubt have to take history of injustice, for example, untouchability, seriously. The concept of historical injustice takes note of a variety of historical wrongs that continue into the present in some form or the other and tend to resist repair. Two reasons might account for resistance to repair. One, not only are the roots of injustice buried deep in history, injustice itself constitutes economic structures of exploitation, ideologies of discrimination and modes of representation. Two, the category of historical injustice generally extends across a number of wrongs such as economic deprivation, social discrimination and lack of recognition. This category is complex, not only because of the overlap between a number of wrongs, but because one or the other wrong, generally discrimination, tends to acquire partial autonomy from others. This is borne out by the history of repair in India.,","Reading Interpretation","L3","Inference Trap","","Assumption Misinterpretation","High","Emerging","CSAT_2019_P11","Passage"
"UPSC_2019_CSAT_Q27","2019","Aptitude","pair_match","Reading Interpretation","medium","static","medium","static","","CSAT_2019_P12","","","","Education Equity","RTE Quotas; Equality of Opportunity","",",Q27. With reference to the above passage, the following assumptions have been made: Making equality of opportunity a reality is the fundamental goal of the Indian education system. The present Indian school system is unable to provide egalitarian education. Abolition of private schools and establishment of more government schools is the only way to ensure egalitarian education. Which of the above assumptions is/are valid? (a) 1 and 2 only (b) 2 only (c) 2 and 3 only (d) 3 only ?? Page 19 Passage-6 A majority of the TB infected in India are poor and lack sufficient nutrition, suitable housing and have little understanding of prevention. TB then devastates families, makes the poor poorer, particularly affects women and children, and leads to ostracisation and loss of employment. The truth is that even if TB does not kill them, hunger and poverty will. Another truth is that deep-seated stigma, lack of counselling, expensive treatment and lack of adequate support from providers and family, coupled with torturous side-effects demotivate patients to continue treatment-with disastrous health consequences. Directions for the following 8 (eight) items: Read the following seven passages and answer the items that follow each passage. Your answers to these items should be based on the passages only. Passage-1 Political theorists no doubt have to take history of injustice, for example, untouchability, seriously. The concept of historical injustice takes note of a variety of historical wrongs that continue into the present in some form or the other and tend to resist repair. Two reasons might account for resistance to repair. One, not only are the roots of injustice buried deep in history, injustice itself constitutes economic structures of exploitation, ideologies of discrimination and modes of representation. Two, the category of historical injustice generally extends across a number of wrongs such as economic deprivation, social discrimination and lack of recognition. This category is complex, not only because of the overlap between a number of wrongs, but because one or the other wrong, generally discrimination, tends to acquire partial autonomy from others. This is borne out by the history of repair in India.,","Reading Interpretation","L3","Inference Trap","","Assumption Misinterpretation","High","Emerging","CSAT_2019_P12","Passage"
"UPSC_2019_CSAT_Q28","2019","Aptitude","pair_match","Reading Interpretation","medium","static","medium","static","","CSAT_2019_P13","","","","Tuberculosis & Social Determinants","Poverty; Stigma","",",Q28. Which one of the following is the most logical, rational and crucial message conveyed by the above passage? (a) TB is not a curable disease in Indian circumstances. (b) Curing TB requires more than diagnosis and medical treatment. (c) Government's surveillance mechanism is deficient, and poor people have no access to treatment. (d) India will be free from diseases like TB only when its poverty alleviation programmes are effectively and successfully implemented. ?? Same Page (Logic Section) Directions for the following 8 (eight) items: Read the following seven passages and answer the items that follow each passage. Your answers to these items should be based on the passages only. Passage-1 Political theorists no doubt have to take history of injustice, for example, untouchability, seriously. The concept of historical injustice takes note of a variety of historical wrongs that continue into the present in some form or the other and tend to resist repair. Two reasons might account for resistance to repair. One, not only are the roots of injustice buried deep in history, injustice itself constitutes economic structures of exploitation, ideologies of discrimination and modes of representation. Two, the category of historical injustice generally extends across a number of wrongs such as economic deprivation, social discrimination and lack of recognition. This category is complex, not only because of the overlap between a number of wrongs, but because one or the other wrong, generally discrimination, tends to acquire partial autonomy from others. This is borne out by the history of repair in India.,","Reading Interpretation","L3","Inference Trap","","Overgeneralization","High","Emerging","CSAT_2019_P13","Passage"
"UPSC_2019_CSAT_Q29","2019","Aptitude","pair_match","Reading Interpretation","medium","static","medium","static","","CSAT_2019_SET_3","","","","Constraint Satisfaction","Constraint Satisfaction; Logical Sufficiency","",",Q29. A five-storeyed building with floors from I to V is painted using four different colours and only one colour is used to paint a floor. Consider the following statements: The middle three floors are painted in different colours. The second (II) and the fourth (IV) floors are painted in different colours. The first (I) and the fifth (V) floors are painted red. To ensure that any two consecutive floors have different colours: (a) Only statement 2 is sufficient (b) Only statement 3 is sufficient (c) Statement 1 is not sufficient, but statement 1 along with statement 2 is sufficient (d) Statement 3 is not sufficient, but statement 3 along with statement 2 is sufficient Directions for the following 8 (eight) items: Read the following seven passages and answer the items that follow each passage. Your answers to these items should be based on the passages only. Passage-1 Political theorists no doubt have to take history of injustice, for example, untouchability, seriously. The concept of historical injustice takes note of a variety of historical wrongs that continue into the present in some form or the other and tend to resist repair. Two reasons might account for resistance to repair. One, not only are the roots of injustice buried deep in history, injustice itself constitutes economic structures of exploitation, ideologies of discrimination and modes of representation. Two, the category of historical injustice generally extends across a number of wrongs such as economic deprivation, social discrimination and lack of recognition. This category is complex, not only because of the overlap between a number of wrongs, but because one or the other wrong, generally discrimination, tends to acquire partial autonomy from others. This is borne out by the history of repair in India.,","Reading Interpretation","L2","Inference Trap","","Incomplete Inference","High","Repeating","CSAT_2019_SET_3","Passage"
"UPSC_2019_CSAT_Q3","2019","Aptitude","pair_match","Reading Interpretation","medium","static","medium","static","","CSAT_2019_P2","","","","Education & Culture","Intellectual Capital; Human Development","",",Q3. On the basis of the above passage, the following assumptions have been made: A society without well educated people cannot be transformed into a modern society. Without acquiring culture, a person's education is not complete. Which of the above assumptions is/are valid? (a) 1 only (b) 2 only (c) Both 1 and 2 (d) Neither 1 nor 2 ?? Page 5 Passage-3 Soil, in which nearly all our food grows, is a living resource that takes years to form. Yet it can vanish in minutes. Each year 75 billion tonnes of fertile soil is lost to erosion. That is alarming-and not just for food producers. Soil can trap huge quantities of carbon dioxide in the form of organic carbon and prevent it from escaping into the atmosphere. Directions for the following 8 (eight) items: Read the following seven passages and answer the items that follow each passage. Your answers to these items should be based on the passages only. Passage-1 Political theorists no doubt have to take history of injustice, for example, untouchability, seriously. The concept of historical injustice takes note of a variety of historical wrongs that continue into the present in some form or the other and tend to resist repair. Two reasons might account for resistance to repair. One, not only are the roots of injustice buried deep in history, injustice itself constitutes economic structures of exploitation, ideologies of discrimination and modes of representation. Two, the category of historical injustice generally extends across a number of wrongs such as economic deprivation, social discrimination and lack of recognition. This category is complex, not only because of the overlap between a number of wrongs, but because one or the other wrong, generally discrimination, tends to acquire partial autonomy from others. This is borne out by the history of repair in India.,","Reading Interpretation","L3","Inference Trap","","Assumption Misinterpretation","High","Emerging","CSAT_2019_P2","Passage"
"UPSC_2019_CSAT_Q30","2019","Aptitude","pair_match","Logical Deduction","medium","static","medium","static","","","","","","Logical Deduction (Constraint System)","Distance Formula; Coordinates","",",Q30. P, Q and R are three towns. The distance between P and Q is 60 km, whereas the distance between P and R is 80 km. Q is in the West of P and R is in the South of P. What is the distance between Q and R? (a) 140 km (b) 130 km (c) 110 km (d) 100 km Directions for the following 8 (eight) items: Read the following seven passages and answer the items that follow each passage. Your answers to these items should be based on the passages only. Passage-1 Political theorists no doubt have to take history of injustice, for example, untouchability, seriously. The concept of historical injustice takes note of a variety of historical wrongs that continue into the present in some form or the other and tend to resist repair. Two reasons might account for resistance to repair. One, not only are the roots of injustice buried deep in history, injustice itself constitutes economic structures of exploitation, ideologies of discrimination and modes of representation. Two, the category of historical injustice generally extends across a number of wrongs such as economic deprivation, social discrimination and lack of recognition. This category is complex, not only because of the overlap between a number of wrongs, but because one or the other wrong, generally discrimination, tends to acquire partial autonomy from others. This is borne out by the history of repair in India.,","Elimination Logic","L4","Constraint Satisfaction Trap","","State Construction Failure","High","Repeating","CSAT_2019_LOGIC_SET_24","Constraint System"
"UPSC_2019_CSAT_Q31","2019","Aptitude","pair_match","Reading Interpretation","medium","static","medium","static","","CSAT_2019_SET_4","","","","Venn Diagram","Venn Diagram; Percent Overlap","",",Q31. All members of a club went to Mumbai and stayed in a hotel. On the first day, 80% went for shopping and 50% went for sightseeing, whereas 10% took rest in the hotel. Which of the following conclusion(s) can be drawn from the above data? 40% members went for shopping as well as sightseeing. 20% members went for only shopping. Select the correct answer using the code given below: (a) 1 only (b) 2 only (c) Both 1 and 2 (d) Neither 1 nor 2 ?? Page 21 Directions for the following 8 (eight) items: Read the following seven passages and answer the items that follow each passage. Your answers to these items should be based on the passages only. Passage-1 Political theorists no doubt have to take history of injustice, for example, untouchability, seriously. The concept of historical injustice takes note of a variety of historical wrongs that continue into the present in some form or the other and tend to resist repair. Two reasons might account for resistance to repair. One, not only are the roots of injustice buried deep in history, injustice itself constitutes economic structures of exploitation, ideologies of discrimination and modes of representation. Two, the category of historical injustice generally extends across a number of wrongs such as economic deprivation, social discrimination and lack of recognition. This category is complex, not only because of the overlap between a number of wrongs, but because one or the other wrong, generally discrimination, tends to acquire partial autonomy from others. This is borne out by the history of repair in India.,","Reading Interpretation","L2","Inference Trap","","Incomplete Inference","High","Repeating","CSAT_2019_SET_4","Passage"
"UPSC_2019_CSAT_Q32","2019","Aptitude","pair_match","Reading Interpretation","medium","static","medium","static","","CSAT_2019_SET_4","","","","Set Relations","Set Relations; Logical Deductions","",",Q32. In a school, 60% students play cricket. A student who does not play cricket, plays football. Every football player has got a two-wheeler. Which of the following conclusions cannot be drawn from the above data? 60% of the students do not have two-wheelers. No cricketer has a two-wheeler. Cricket players do not play football. Select the correct answer using the code given below: (a) 1 and 2 only (b) 2 and 3 only (c) 1 and 3 only (d) 1, 2 and 3 Directions for the following 8 (eight) items: Read the following seven passages and answer the items that follow each passage. Your answers to these items should be based on the passages only. Passage-1 Political theorists no doubt have to take history of injustice, for example, untouchability, seriously. The concept of historical injustice takes note of a variety of historical wrongs that continue into the present in some form or the other and tend to resist repair. Two reasons might account for resistance to repair. One, not only are the roots of injustice buried deep in history, injustice itself constitutes economic structures of exploitation, ideologies of discrimination and modes of representation. Two, the category of historical injustice generally extends across a number of wrongs such as economic deprivation, social discrimination and lack of recognition. This category is complex, not only because of the overlap between a number of wrongs, but because one or the other wrong, generally discrimination, tends to acquire partial autonomy from others. This is borne out by the history of repair in India.,","Reading Interpretation","L2","Inference Trap","","Incomplete Inference","High","Repeating","CSAT_2019_SET_4","Passage"
"UPSC_2019_CSAT_Q33","2019","Aptitude","pair_match","Logical Deduction","medium","static","medium","static","","","","","","Logical Deduction (Constraint System)","Reversal of Digits; Ratios","",",Q33. The ratio of a two-digit natural number to a number formed by reversing its digits is 4 : 7. The number of such pairs is (a) 5 (b) 4 (c) 3 (d) 2 Directions for the following 8 (eight) items: Read the following seven passages and answer the items that follow each passage. Your answers to these items should be based on the passages only. Passage-1 Political theorists no doubt have to take history of injustice, for example, untouchability, seriously. The concept of historical injustice takes note of a variety of historical wrongs that continue into the present in some form or the other and tend to resist repair. Two reasons might account for resistance to repair. One, not only are the roots of injustice buried deep in history, injustice itself constitutes economic structures of exploitation, ideologies of discrimination and modes of representation. Two, the category of historical injustice generally extends across a number of wrongs such as economic deprivation, social discrimination and lack of recognition. This category is complex, not only because of the overlap between a number of wrongs, but because one or the other wrong, generally discrimination, tends to acquire partial autonomy from others. This is borne out by the history of repair in India.,","Elimination Logic","L4","Constraint Satisfaction Trap","","State Construction Failure","High","Repeating","CSAT_2019_LOGIC_SET_27","Constraint System"
"UPSC_2019_CSAT_Q34","2019","Aptitude","pair_match","Logical Deduction","medium","static","medium","static","","","","","","Logical Deduction (Constraint System)","Percent Decrease; Marks","",",Q34. In an examination, A has scored 20 marks more than B. If B has scored 5% less marks than A, how much has B scored? (a) 360 (b) 380 (c) 400 (d) 420 Directions for the following 8 (eight) items: Read the following seven passages and answer the items that follow each passage. Your answers to these items should be based on the passages only. Passage-1 Political theorists no doubt have to take history of injustice, for example, untouchability, seriously. The concept of historical injustice takes note of a variety of historical wrongs that continue into the present in some form or the other and tend to resist repair. Two reasons might account for resistance to repair. One, not only are the roots of injustice buried deep in history, injustice itself constitutes economic structures of exploitation, ideologies of discrimination and modes of representation. Two, the category of historical injustice generally extends across a number of wrongs such as economic deprivation, social discrimination and lack of recognition. This category is complex, not only because of the overlap between a number of wrongs, but because one or the other wrong, generally discrimination, tends to acquire partial autonomy from others. This is borne out by the history of repair in India.,","Elimination Logic","L4","Constraint Satisfaction Trap","","State Construction Failure","High","Repeating","CSAT_2019_LOGIC_SET_28","Constraint System"
"UPSC_2019_CSAT_Q35","2019","Aptitude","pair_match","Logical Deduction","medium","static","medium","static","","","","","","Logical Deduction (Constraint System)","LCM; Periodicity","",",Q35. Seeta and Geeta go for a swim after a gap of every 2 days and every 3 days respectively. If on 1st January both of them went for a swim together, when will they go together next? (a) 7th January (b) 8th January (c) 12th January (d) 13th January Directions for the following 8 (eight) items: Read the following seven passages and answer the items that follow each passage. Your answers to these items should be based on the passages only. Passage-1 Political theorists no doubt have to take history of injustice, for example, untouchability, seriously. The concept of historical injustice takes note of a variety of historical wrongs that continue into the present in some form or the other and tend to resist repair. Two reasons might account for resistance to repair. One, not only are the roots of injustice buried deep in history, injustice itself constitutes economic structures of exploitation, ideologies of discrimination and modes of representation. Two, the category of historical injustice generally extends across a number of wrongs such as economic deprivation, social discrimination and lack of recognition. This category is complex, not only because of the overlap between a number of wrongs, but because one or the other wrong, generally discrimination, tends to acquire partial autonomy from others. This is borne out by the history of repair in India.,","Elimination Logic","L4","Constraint Satisfaction Trap","","State Construction Failure","High","Repeating","CSAT_2019_LOGIC_SET_29","Constraint System"
"UPSC_2019_CSAT_Q36","2019","Aptitude","pair_match","Logical Deduction","medium","static","medium","static","","","","","","Logical Deduction (Constraint System)","Race; Head Start","",",Q36. X, Y and Z are three contestants in a race of 1000 m. Assume that all run with different uniform speeds. X gives Y a start of 40 m and X gives Z a start of 64 m. If Y and Z were to compete in a race of 1000 m, how many metres start will Y give to Z? (a) 20 (b) 25 (c) 30 (d) 35 Directions for the following 8 (eight) items: Read the following seven passages and answer the items that follow each passage. Your answers to these items should be based on the passages only. Passage-1 Political theorists no doubt have to take history of injustice, for example, untouchability, seriously. The concept of historical injustice takes note of a variety of historical wrongs that continue into the present in some form or the other and tend to resist repair. Two reasons might account for resistance to repair. One, not only are the roots of injustice buried deep in history, injustice itself constitutes economic structures of exploitation, ideologies of discrimination and modes of representation. Two, the category of historical injustice generally extends across a number of wrongs such as economic deprivation, social discrimination and lack of recognition. This category is complex, not only because of the overlap between a number of wrongs, but because one or the other wrong, generally discrimination, tends to acquire partial autonomy from others. This is borne out by the history of repair in India.,","Elimination Logic","L4","Constraint Satisfaction Trap","","State Construction Failure","High","Repeating","CSAT_2019_LOGIC_SET_30","Constraint System"
"UPSC_2019_CSAT_Q37","2019","Aptitude","pair_match","Logical Deduction","medium","static","medium","static","","","","","","Logical Deduction (Constraint System)","Inequalities; Number Line","",",Q37. If x is greater than or equal to 25 and y is less than or equal to 40, then which one of the following is always correct? (a) x is greater than y (b) (y - x) is greater than 15 (c) (y - x) is less than or equal to 15 (d) (x + y) is greater than or equal to 65 ?? Page 23 Directions for the following 8 (eight) items: Read the following seven passages and answer the items that follow each passage. Your answers to these items should be based on the passages only. Passage-1 Political theorists no doubt have to take history of injustice, for example, untouchability, seriously. The concept of historical injustice takes note of a variety of historical wrongs that continue into the present in some form or the other and tend to resist repair. Two reasons might account for resistance to repair. One, not only are the roots of injustice buried deep in history, injustice itself constitutes economic structures of exploitation, ideologies of discrimination and modes of representation. Two, the category of historical injustice generally extends across a number of wrongs such as economic deprivation, social discrimination and lack of recognition. This category is complex, not only because of the overlap between a number of wrongs, but because one or the other wrong, generally discrimination, tends to acquire partial autonomy from others. This is borne out by the history of repair in India.,","Elimination Logic","L4","Constraint Satisfaction Trap","","State Construction Failure","High","Repeating","CSAT_2019_LOGIC_SET_31","Constraint System"
"UPSC_2019_CSAT_Q38","2019","Aptitude","pair_match","Logical Deduction","medium","static","medium","static","","","","","","Logical Deduction (Constraint System)","Age Problems; Linear Equations","",",Q38. Ena was born 4 years after her parents' marriage. Her mother is three years younger than her father and 24 years older than Ena, who is 13 years old. At what age did Ena's father get married? (a) 22 years (b) 23 years (c) 24 years (d) 25 years Directions for the following 8 (eight) items: Read the following seven passages and answer the items that follow each passage. Your answers to these items should be based on the passages only. Passage-1 Political theorists no doubt have to take history of injustice, for example, untouchability, seriously. The concept of historical injustice takes note of a variety of historical wrongs that continue into the present in some form or the other and tend to resist repair. Two reasons might account for resistance to repair. One, not only are the roots of injustice buried deep in history, injustice itself constitutes economic structures of exploitation, ideologies of discrimination and modes of representation. Two, the category of historical injustice generally extends across a number of wrongs such as economic deprivation, social discrimination and lack of recognition. This category is complex, not only because of the overlap between a number of wrongs, but because one or the other wrong, generally discrimination, tends to acquire partial autonomy from others. This is borne out by the history of repair in India.,","Elimination Logic","L4","Constraint Satisfaction Trap","","State Construction Failure","High","Repeating","CSAT_2019_LOGIC_SET_32","Constraint System"
"UPSC_2019_CSAT_Q39","2019","Aptitude","pair_match","Logical Deduction","medium","static","medium","static","","","","","","Logical Deduction (Constraint System)","Discount; Profit","",",Q39. Rakesh had money to buy 8 mobile handsets of a specific company. But the retailer offered very good discount on that particular handset. Rakesh could buy 10 mobile handsets with the amount he had. What was the discount the retailer offered? (a) 15% (b) 20% (c) 25% (d) 30% Directions for the following 8 (eight) items: Read the following seven passages and answer the items that follow each passage. Your answers to these items should be based on the passages only. Passage-1 Political theorists no doubt have to take history of injustice, for example, untouchability, seriously. The concept of historical injustice takes note of a variety of historical wrongs that continue into the present in some form or the other and tend to resist repair. Two reasons might account for resistance to repair. One, not only are the roots of injustice buried deep in history, injustice itself constitutes economic structures of exploitation, ideologies of discrimination and modes of representation. Two, the category of historical injustice generally extends across a number of wrongs such as economic deprivation, social discrimination and lack of recognition. This category is complex, not only because of the overlap between a number of wrongs, but because one or the other wrong, generally discrimination, tends to acquire partial autonomy from others. This is borne out by the history of repair in India.,","Elimination Logic","L4","Constraint Satisfaction Trap","","State Construction Failure","High","Repeating","CSAT_2019_LOGIC_SET_33","Constraint System"
"UPSC_2019_CSAT_Q4","2019","Aptitude","pair_match","Reading Interpretation","medium","static","medium","static","","CSAT_2019_P3","","","","Soil Erosion & Food Security","Soil Degradation; Carbon Sequestration","",",Q4. On the basis of the above passage, the following assumptions have been made: Large scale soil erosion is a major reason for widespread food insecurity in the world. Soil erosion is mainly anthropogenic. Sustainable management of soils helps in combating climate change. Which of the above assumptions is/are valid? (a) 1 and 2 only (b) 3 only (c) 2 and 3 only (d) 1, 2 and 3 Passage-4 Inequality is visible, even statistically measurable in many instances, but the economic power that drives it is invisible and not measurable. Like the force of gravity, power is the organising principle of inequality, be it of income, or wealth, gender, race, religion and region. Its effects are seen in a pervasive manner in all spheres, but the ways in which economic power pulls and tilts visible economic variables remain invisibly obscure. Directions for the following 8 (eight) items: Read the following seven passages and answer the items that follow each passage. Your answers to these items should be based on the passages only. Passage-1 Political theorists no doubt have to take history of injustice, for example, untouchability, seriously. The concept of historical injustice takes note of a variety of historical wrongs that continue into the present in some form or the other and tend to resist repair. Two reasons might account for resistance to repair. One, not only are the roots of injustice buried deep in history, injustice itself constitutes economic structures of exploitation, ideologies of discrimination and modes of representation. Two, the category of historical injustice generally extends across a number of wrongs such as economic deprivation, social discrimination and lack of recognition. This category is complex, not only because of the overlap between a number of wrongs, but because one or the other wrong, generally discrimination, tends to acquire partial autonomy from others. This is borne out by the history of repair in India.,","Reading Interpretation","L3","Inference Trap","","Assumption Misinterpretation","High","Emerging","CSAT_2019_P3","Passage"
"UPSC_2019_CSAT_Q40","2019","Aptitude","pair_match","Logical Deduction","medium","dynamic","medium","dynamic","","","","","","Logical Deduction (Constraint System)","Corrected Mean; Error","",",Q40. The average marks of 100 students are given to be 40. It was found later that marks of one student were 53 which were misread as 83. The corrected mean marks are (a) 39 (b) 39.7 (c) 40 (d) 40.3 ?? Page 23 (Passage Section) Directions for the following 7 (seven) items: Read the following six passages and answer the items that follow each passage. Your answers should be based on the passages only. Passage-1 (GM Technology) What stands in the way of the widespread and careful adoption of 'Genetic Modification (GM)' technology is an 'Intellectual Property Rights' regime that seeks to create private monopolies for such technologies. If GM technology is largely corporate driven, it seeks to maximize profits and that too in the short run. That is why corporations make major investments for herbicide-tolerant and pest-resistant crops. Such properties have only a short window, as soon enough, pests and weeds will evolve to overcome such resistance. This suits the corporations. The National Farmers Commission pointed out that priority must be given in genetic modification to the incorporation of genes that can help impart resistance to drought, salinity and other stresses. Directions for the following 8 (eight) items: Read the following seven passages and answer the items that follow each passage. Your answers to these items should be based on the passages only. Passage-1 Political theorists no doubt have to take history of injustice, for example, untouchability, seriously. The concept of historical injustice takes note of a variety of historical wrongs that continue into the present in some form or the other and tend to resist repair. Two reasons might account for resistance to repair. One, not only are the roots of injustice buried deep in history, injustice itself constitutes economic structures of exploitation, ideologies of discrimination and modes of representation. Two, the category of historical injustice generally extends across a number of wrongs such as economic deprivation, social discrimination and lack of recognition. This category is complex, not only because of the overlap between a number of wrongs, but because one or the other wrong, generally discrimination, tends to acquire partial autonomy from others. This is borne out by the history of repair in India.,","Elimination Logic","L4","Constraint Satisfaction Trap","","State Construction Failure","High","Repeating","CSAT_2019_LOGIC_SET_35","Constraint System"
"UPSC_2019_CSAT_Q41","2019","Aptitude","pair_match","Reading Interpretation","medium","static","medium","static","","CSAT_2019_P14","","","","GM Technology & IPR","Intellectual Property; Crop Resilience","",",Q41. Which one of the following is the most logical, rational and crucial message conveyed by the above passage? (a) Public research institutions should take the lead in GM technology and prioritise the technology agenda. (b) Developing countries should raise this issue in WTO and ensure the abolition of Intellectual Property Rights. (c) Private corporations should not be allowed to do agribusiness in India, particularly the seed business. (d) Present Indian circumstances do not favour the cultivation of genetically modified crops. Directions for the following 8 (eight) items: Read the following seven passages and answer the items that follow each passage. Your answers to these items should be based on the passages only. Passage-1 Political theorists no doubt have to take history of injustice, for example, untouchability, seriously. The concept of historical injustice takes note of a variety of historical wrongs that continue into the present in some form or the other and tend to resist repair. Two reasons might account for resistance to repair. One, not only are the roots of injustice buried deep in history, injustice itself constitutes economic structures of exploitation, ideologies of discrimination and modes of representation. Two, the category of historical injustice generally extends across a number of wrongs such as economic deprivation, social discrimination and lack of recognition. This category is complex, not only because of the overlap between a number of wrongs, but because one or the other wrong, generally discrimination, tends to acquire partial autonomy from others. This is borne out by the history of repair in India.,","Reading Interpretation","L3","Inference Trap","","Overgeneralization","High","Emerging","CSAT_2019_P14","Passage"
"UPSC_2019_CSAT_Q42","2019","Aptitude","pair_match","Reading Interpretation","medium","static","medium","static","","CSAT_2019_P14","","","","GM Technology & IPR","Intellectual Property; Crop Resilience","",",Q42. On the basis of the above passage, the following assumptions have been made: The issue of effects of natural calamities on agriculture is not given due consideration by GM technology companies. In the long run, GM technology will not be able to solve agricultural problems arising due to global warming. Which of the above assumptions is/are valid? (a) 1 only (b) 2 only (c) Both 1 and 2 (d) Neither 1 nor 2 Passage-2 Most invasive species are neither terribly successful nor very harmful. Britain's invasive plants are not widespread, not spreading especially quickly, and often less of a nuisance than vigorous natives such as bracken. The arrival of new species almost always increases biological diversity in a region; in many cases, a flood of newcomers drives no native species to extinction. One reason is that invaders tend to colonise disturbed habitats like polluted lakes and post-industrial wasteland, where little else lives. They are nature's opportunists. Directions for the following 8 (eight) items: Read the following seven passages and answer the items that follow each passage. Your answers to these items should be based on the passages only. Passage-1 Political theorists no doubt have to take history of injustice, for example, untouchability, seriously. The concept of historical injustice takes note of a variety of historical wrongs that continue into the present in some form or the other and tend to resist repair. Two reasons might account for resistance to repair. One, not only are the roots of injustice buried deep in history, injustice itself constitutes economic structures of exploitation, ideologies of discrimination and modes of representation. Two, the category of historical injustice generally extends across a number of wrongs such as economic deprivation, social discrimination and lack of recognition. This category is complex, not only because of the overlap between a number of wrongs, but because one or the other wrong, generally discrimination, tends to acquire partial autonomy from others. This is borne out by the history of repair in India.,","Reading Interpretation","L3","Inference Trap","","Assumption Misinterpretation","High","Emerging","CSAT_2019_P14","Passage"
"UPSC_2019_CSAT_Q43","2019","Aptitude","pair_match","Reading Interpretation","medium","static","medium","static","","CSAT_2019_P15","","","","Invasive Species","Biodiversity; Disturbed Habitats","",",Q43. Which one of the following is the most logical and rational inference that can be made from the above passage? (a) Invasive species should be used to rehabilitate desert areas and wastelands of a country. (b) Laws against the introduction of foreign plants are unnecessary. (c) Sometimes, the campaigns against foreign plants are pointless. (d) Foreign plants should be used to increase the biodiversity of a country. ?? Page 25 Passage-3 Diarrhoeal deaths among Indian children are mostly due to food and water contamination. Use of contaminated groundwater and unsafe chemicals in agriculture, poor hygiene in storage and handling of food items to food cooked and distributed in unhygienic surroundings; there are myriad factors that need regulation and monitoring. People need to have awareness of adulteration and ways of complaining to the relevant authorities. Surveillance of food-borne diseases involves a number of government agencies and entails a good training of inspection staff. Considering the proportion of the urban population that depends on street food for its daily meals, investing in training and education of street vendors is of great significance. Directions for the following 8 (eight) items: Read the following seven passages and answer the items that follow each passage. Your answers to these items should be based on the passages only. Passage-1 Political theorists no doubt have to take history of injustice, for example, untouchability, seriously. The concept of historical injustice takes note of a variety of historical wrongs that continue into the present in some form or the other and tend to resist repair. Two reasons might account for resistance to repair. One, not only are the roots of injustice buried deep in history, injustice itself constitutes economic structures of exploitation, ideologies of discrimination and modes of representation. Two, the category of historical injustice generally extends across a number of wrongs such as economic deprivation, social discrimination and lack of recognition. This category is complex, not only because of the overlap between a number of wrongs, but because one or the other wrong, generally discrimination, tends to acquire partial autonomy from others. This is borne out by the history of repair in India.,","Reading Interpretation","L3","Inference Trap","","Overgeneralization","High","Emerging","CSAT_2019_P15","Passage"
"UPSC_2019_CSAT_Q44","2019","Aptitude","pair_match","Reading Interpretation","medium","static","medium","static","","CSAT_2019_P16","","","","Food Safety & Public Health","Food Contamination; Regulatory Surveillance","",",Q44. On the basis of the above passage, the following assumptions have been made: Food safety is a complex issue that calls for a multipronged solution. Great investments need to be made in developing the manpower for surveillance and training. India needs to make sufficient legislation for governing food processing industry. Which of the above assumptions is/are valid? (a) 1 and 2 only (b) 3 only (c) 1 and 3 only (d) 1, 2 and 3 Passage-4 The interests of working and poor people have historically been neglected in the planning of our cities. Our cities are increasingly intolerant, unsafe and unlivable places for large numbers of citizens and yet we continue to plan via the old ways-the static Development Plan-that draws exclusively from technical expertise, distanced from people's lived experiences and needs, and actively excluding large number of people, places, activities and practices that are an integral part of the city. Directions for the following 8 (eight) items: Read the following seven passages and answer the items that follow each passage. Your answers to these items should be based on the passages only. Passage-1 Political theorists no doubt have to take history of injustice, for example, untouchability, seriously. The concept of historical injustice takes note of a variety of historical wrongs that continue into the present in some form or the other and tend to resist repair. Two reasons might account for resistance to repair. One, not only are the roots of injustice buried deep in history, injustice itself constitutes economic structures of exploitation, ideologies of discrimination and modes of representation. Two, the category of historical injustice generally extends across a number of wrongs such as economic deprivation, social discrimination and lack of recognition. This category is complex, not only because of the overlap between a number of wrongs, but because one or the other wrong, generally discrimination, tends to acquire partial autonomy from others. This is borne out by the history of repair in India.,","Reading Interpretation","L3","Inference Trap","","Assumption Misinterpretation","High","Emerging","CSAT_2019_P16","Passage"
"UPSC_2019_CSAT_Q45","2019","Aptitude","pair_match","Reading Interpretation","medium","static","medium","static","","CSAT_2019_P17","","","","Urban Planning & Inclusion","Participatory Planning; Urban Poor","",",Q45. The passage seems to argue: (a) against the monopoly of builders and the interests of elite groups. (b) against the need for global and smart cities. (c) in favour of planning cities mainly for working class and poor people. (d) in favour of participation of people's groups in city planning. ?? Page 29 Passage-5 A vast majority of Indians are poor, with barely 10 percent employed in the organised sector. We are being convinced that vigorous economic growth is generating substantial employment. But this is not so. When our economy was growing at 3 percent per year, employment in the organised sector was growing at 2 percent per year. As the economy began to grow at 7-8 percent per year, the rate of growth of employment in the organised sector actually declined to 1 percent per year. Directions for the following 8 (eight) items: Read the following seven passages and answer the items that follow each passage. Your answers to these items should be based on the passages only. Passage-1 Political theorists no doubt have to take history of injustice, for example, untouchability, seriously. The concept of historical injustice takes note of a variety of historical wrongs that continue into the present in some form or the other and tend to resist repair. Two reasons might account for resistance to repair. One, not only are the roots of injustice buried deep in history, injustice itself constitutes economic structures of exploitation, ideologies of discrimination and modes of representation. Two, the category of historical injustice generally extends across a number of wrongs such as economic deprivation, social discrimination and lack of recognition. This category is complex, not only because of the overlap between a number of wrongs, but because one or the other wrong, generally discrimination, tends to acquire partial autonomy from others. This is borne out by the history of repair in India.,","Reading Interpretation","L2","Inference Trap","","Incomplete Inference","High","Emerging","CSAT_2019_P17","Passage"
"UPSC_2019_CSAT_Q46","2019","Aptitude","pair_match","Reading Interpretation","medium","dynamic","medium","dynamic","","CSAT_2019_P18","","","","Employment & Economic Growth","Organized Sector Jobs; Employment Elasticity","",",Q46. The above passage seems to imply that: most of modern economic growth is based on technological progress. much of modern Indian economy does not nurture sufficient symbiotic relationship with labour-intensive, natural resource-based livelihoods. service sector in India is not very labour-intensive. literate rural population is not willing to enter organised sector. Which of the statements given above are correct? (a) 1 and 2 only (b) 3 and 4 only (c) 1, 2 and 3 only (d) 1, 2, 3 and 4 Passage-6 India has banking correspondents, who help bring people in the hinterland into the banking fold. For them to succeed, banks cannot crimp on costs. They also cannot afford to ignore investing in financial education and literacy. Banking correspondents are way too small to be viewed as a systemic risk. Yet India's banking regulator has restricted them to serving only one bank, perhaps to prevent arbitrage. Efforts at banking outreach may succeed only if there are better incentives at work for such last-mile workers and also those providers who ensure not just basic bank accounts but also products such as accident and life insurance and micro pension schemes. Directions for the following 8 (eight) items: Read the following seven passages and answer the items that follow each passage. Your answers to these items should be based on the passages only. Passage-1 Political theorists no doubt have to take history of injustice, for example, untouchability, seriously. The concept of historical injustice takes note of a variety of historical wrongs that continue into the present in some form or the other and tend to resist repair. Two reasons might account for resistance to repair. One, not only are the roots of injustice buried deep in history, injustice itself constitutes economic structures of exploitation, ideologies of discrimination and modes of representation. Two, the category of historical injustice generally extends across a number of wrongs such as economic deprivation, social discrimination and lack of recognition. This category is complex, not only because of the overlap between a number of wrongs, but because one or the other wrong, generally discrimination, tends to acquire partial autonomy from others. This is borne out by the history of repair in India.,","Reading Interpretation","L2","Inference Trap","","Incomplete Inference","High","Emerging","CSAT_2019_P18","Passage"
"UPSC_2019_CSAT_Q47","2019","Aptitude","mcq_standard","Reading Interpretation","medium","static","medium","static","","CSAT_2019_P19","","","","Financial Inclusion","Banking Correspondents; Financial Literacy","",",Q47. Which one of the following is the most logical, rational and crucial inference that can be derived from the above passage? (a) Efforts to bring people in India's hinterland into the banking system are not successful. (b) For meaningful financial inclusion, India's banking system needs more number of banking correspondents and other such last-mile workers. (c) Meaningful financial inclusion in India requires that banking correspondents have diverse skills. (d) Better banking outreach would be impossible unless each banking correspondent is allowed to serve a number of banks. Suppose you have sufficient amount of rupee currency in three denominations: ?1, ?10 and ?50. In how many different ways can you pay a bill of ?107? (a) 16 (b) 17 (c) 18 (d) 19,","Reading Interpretation","L3","Inference Trap","","Overgeneralization","High","","CSAT_2019_P19","Passage"
"UPSC_2019_CSAT_Q48","2019","Aptitude","mcq_standard","Logical Deduction","medium","static","medium","static","","","","","","Logical Deduction (Constraint System)","Sequence; Differences","",",Q48. What is X in the sequence 132, 129, 124, 117, 106, 93, X ? (a) 74 (b) 75 (c) 76 (d) 77,","Elimination Logic","L4","Constraint Satisfaction Trap","","State Construction Failure","High","Repeating","CSAT_2019_LOGIC_SET_41","Constraint System"
"UPSC_2019_CSAT_Q49","2019","Aptitude","mcq_standard","Logical Deduction","medium","static","medium","static","","","","","","Logical Deduction (Constraint System)","Clock Error; Time Difference","",",Q49. A wall clock moves 10 minutes fast in every 24 hours. The clock was set right to show the correct time at 8:00 a.m. on Monday. When the clock shows the time 6:00 p.m. on Wednesday, what is the correct time ? (a) 5:36 p.m. (b) 5:30 p.m. (c) 5:24 p.m. (d) 5:18 p.m.,","Elimination Logic","L4","Constraint Satisfaction Trap","","State Construction Failure","High","Repeating","CSAT_2019_LOGIC_SET_41","Constraint System"
"UPSC_2019_CSAT_Q5","2019","Aptitude","pair_match","Reading Interpretation","medium","static","medium","static","","CSAT_2019_P4","","","","Inequality & Economic Power","Income Inequality; Power Structures","",",Q5. On the basis of the above passage, the following assumptions have been made: Economic power is the only reason for the existence of inequality in a society. Inequality of different kinds, income, wealth, etc. reinforces power. Economic power can be analysed more through its effects than by direct empirical methods. Which of the above assumptions is/are valid? (a) 1 and 2 only (b) 3 only (c) 1 and 3 only (d) 1, 2 and 3 ?? Page 7 Passage-5 Climate change may actually benefit some plants by lengthening growing seasons and increasing carbon dioxide. Yet other effects of a warmer world, such as more pests, droughts, and flooding, will be less benign. How will the world adapt? Researchers project that by 2050, suitable croplands for four commodities-maize, potatoes, rice and wheat-will shift, in some cases pushing farmers to plant new crops. Some farmlands may benefit from warming, but others won't. Climate alone does not dictate yields; political shifts, global demand, and agricultural practices will influence how farms fare in the future. Directions for the following 8 (eight) items: Read the following seven passages and answer the items that follow each passage. Your answers to these items should be based on the passages only. Passage-1 Political theorists no doubt have to take history of injustice, for example, untouchability, seriously. The concept of historical injustice takes note of a variety of historical wrongs that continue into the present in some form or the other and tend to resist repair. Two reasons might account for resistance to repair. One, not only are the roots of injustice buried deep in history, injustice itself constitutes economic structures of exploitation, ideologies of discrimination and modes of representation. Two, the category of historical injustice generally extends across a number of wrongs such as economic deprivation, social discrimination and lack of recognition. This category is complex, not only because of the overlap between a number of wrongs, but because one or the other wrong, generally discrimination, tends to acquire partial autonomy from others. This is borne out by the history of repair in India.,","Reading Interpretation","L3","Inference Trap","","Assumption Misinterpretation","High","Emerging","CSAT_2019_P4","Passage"
"UPSC_2019_CSAT_Q50","2019","Aptitude","mcq_standard","Logical Deduction","medium","static","medium","static","","","","","","Logical Deduction (Constraint System)","Fraction Adjustment; Ratios","",",Q50. If the numerator and denominator of a proper fraction are increased by the same positive quantity which is greater than zero, the resulting fraction is (a) always less than the original fraction (b) always greater than the original fraction (c) always equal to the original fraction (d) such that nothing can be claimed definitely,","Elimination Logic","L4","Constraint Satisfaction Trap","","State Construction Failure","High","Repeating","CSAT_2019_LOGIC_SET_42","Constraint System"
"UPSC_2019_CSAT_Q51","2019","Aptitude","mcq_standard","Logical Deduction","medium","static","medium","static","","","","","","Logical Deduction (Constraint System)","Sequence; Squares","",",Q51. What is X in the sequence 4, 196, 16, 144, 36, 100, 64, X ? (a) 48 (b) 64 (c) 125 (d) 256,","Elimination Logic","L4","Constraint Satisfaction Trap","","State Construction Failure","High","Repeating","CSAT_2019_LOGIC_SET_42","Constraint System"
"UPSC_2019_CSAT_Q52","2019","Aptitude","mcq_standard","Reading Interpretation","medium","static","medium","static","","CSAT_2019_SET_5","","","","Set Theory","Set Theory; Inclusion-Exclusion","",",Q52. In a group of 15 people; 7 can read French, 8 can read English while 3 of them can read neither of these two languages. The number of people who can read exactly one language is (a) 10 (b) 9 (c) 5 (d) 4,","Reading Interpretation","L2","Inference Trap","","Incomplete Inference","High","Repeating","CSAT_2019_SET_5","Passage"
"UPSC_2019_CSAT_Q53","2019","Aptitude","mcq_standard","Logical Deduction","medium","static","medium","static","","","","","","Logical Deduction (Constraint System)","Digit Counting; Page Numbers","",",Q53. A printer numbers the pages of a book starting with 1 and uses 3089 digits in all. How many pages does the book have ? (a) 1040 (b) 1048 (c) 1049 (d) 1050,","Elimination Logic","L4","Constraint Satisfaction Trap","","State Construction Failure","High","Repeating","CSAT_2019_LOGIC_SET_42","Constraint System"
"UPSC_2019_CSAT_Q54","2019","Aptitude","mcq_standard","Reading Interpretation","medium","static","medium","static","","CSAT_2019_SET_6","","","","Pattern Recognition","Pattern Recognition; Logical Sequence","",",Q54. Consider the following sequence that follows some arrangement : c_accaa_aa_bc_b The letters that appear in the gaps are (a) abba (b) cbbb (c) bbbb (d) cccc,","Reading Interpretation","L2","Inference Trap","","Incomplete Inference","High","Repeating","CSAT_2019_SET_6","Passage"
"UPSC_2019_CSAT_Q55","2019","Aptitude","mcq_standard","Logical Deduction","medium","static","medium","static","","","","","","Logical Deduction (Constraint System)","Average Weight; Family","",",Q55. A family has two children along with their parents. The average of the weights of the children and their mother is 50 kg. The average of the weights of the children and their father is 52 kg. If the weight of the father is 60 kg, then what is the weight of the mother ? (a) 48 kg (b) 50 kg (c) 52 kg (d) 54 kg,","Elimination Logic","L4","Constraint Satisfaction Trap","","State Construction Failure","High","Repeating","CSAT_2019_LOGIC_SET_42","Constraint System"
"UPSC_2019_CSAT_Q56","2019","Aptitude","pair_match","Logical Deduction","medium","static","medium","static","","","","","","Logical Deduction (Constraint System)","Coin Change; Combinations","",",Q56. Suppose you have sufficient amount of rupee currency in three denominations : ? 1, ? 10 and ? 50. In how many different ways can you pay a bill of ? 107 ? (a) 16 (b) 17 (c) 18 (d) 19 Directions for the following 8 (eight) items: Read the following seven passages and answer the items that follow each passage. Your answers to these items should be based on the passages only. Passage-1 Political theorists no doubt have to take history of injustice, for example, untouchability, seriously. The concept of historical injustice takes note of a variety of historical wrongs that continue into the present in some form or the other and tend to resist repair. Two reasons might account for resistance to repair. One, not only are the roots of injustice buried deep in history, injustice itself constitutes economic structures of exploitation, ideologies of discrimination and modes of representation. Two, the category of historical injustice generally extends across a number of wrongs such as economic deprivation, social discrimination and lack of recognition. This category is complex, not only because of the overlap between a number of wrongs, but because one or the other wrong, generally discrimination, tends to acquire partial autonomy from others. This is borne out by the history of repair in India.,","Elimination Logic","L4","Constraint Satisfaction Trap","","State Construction Failure","High","Repeating","CSAT_2019_LOGIC_SET_43","Constraint System"
"UPSC_2019_CSAT_Q57","2019","Aptitude","pair_match","Reading Interpretation","medium","static","medium","static","","CSAT_2019_SET_7","","","","Direction Sense","Direction Sense; Path Tracking","",",Q57. 'A' started from his house and walked 20 m towards East, where his friend 'B' joined him. They together walked 10 m in the same direction. Then 'A' turned left while 'B' turned right and travelled 2 m and 8 m respectively. Again 'B' turned left to travel 4 m followed by 5 m to his right to reach his office. 'A' turned right and travelled 12 m to reach his office. What is the shortest distance between the two offices? (a) 15 m (b) 17 m (c) 19 m (d) 20 m Directions for the following 8 (eight) items: Read the following seven passages and answer the items that follow each passage. Your answers to these items should be based on the passages only. Passage-1 Political theorists no doubt have to take history of injustice, for example, untouchability, seriously. The concept of historical injustice takes note of a variety of historical wrongs that continue into the present in some form or the other and tend to resist repair. Two reasons might account for resistance to repair. One, not only are the roots of injustice buried deep in history, injustice itself constitutes economic structures of exploitation, ideologies of discrimination and modes of representation. Two, the category of historical injustice generally extends across a number of wrongs such as economic deprivation, social discrimination and lack of recognition. This category is complex, not only because of the overlap between a number of wrongs, but because one or the other wrong, generally discrimination, tends to acquire partial autonomy from others. This is borne out by the history of repair in India.,","Reading Interpretation","L2","Inference Trap","","Incomplete Inference","High","Repeating","CSAT_2019_SET_7","Passage"
"UPSC_2019_CSAT_Q58","2019","Aptitude","pair_match","Reading Interpretation","medium","static","medium","static","","CSAT_2019_SET_8","","","","Data Sufficiency","Data Sufficiency; Logical Deduction","",",Q58. Consider two statements S1 and S2 followed by a question: S1: p and q both are prime numbers. S2: p + q is an odd integer. Question: Is pq an odd integer? Which one of the following is correct? (a) S1 alone is sufficient to answer the question (b) S2 alone is sufficient to answer the question (c) Both S1 and S2 taken together are not sufficient to answer the question (d) Both S1 and S2 are necessary to answer the question Directions for the following 8 (eight) items: Read the following seven passages and answer the items that follow each passage. Your answers to these items should be based on the passages only. Passage-1 Political theorists no doubt have to take history of injustice, for example, untouchability, seriously. The concept of historical injustice takes note of a variety of historical wrongs that continue into the present in some form or the other and tend to resist repair. Two reasons might account for resistance to repair. One, not only are the roots of injustice buried deep in history, injustice itself constitutes economic structures of exploitation, ideologies of discrimination and modes of representation. Two, the category of historical injustice generally extends across a number of wrongs such as economic deprivation, social discrimination and lack of recognition. This category is complex, not only because of the overlap between a number of wrongs, but because one or the other wrong, generally discrimination, tends to acquire partial autonomy from others. This is borne out by the history of repair in India.,","Reading Interpretation","L2","Inference Trap","","Incomplete Inference","High","Repeating","CSAT_2019_SET_8","Passage"
"UPSC_2019_CSAT_Q59","2019","Aptitude","pair_match","Logical Deduction","medium","static","medium","static","","","","","","Logical Deduction (Constraint System)","Calendar; Leap Year","",",Q59. Which year has the same calendar as that of 2009? (a) 2018 (b) 2017 (c) 2016 (d) 2015 Directions for the following 8 (eight) items: Read the following seven passages and answer the items that follow each passage. Your answers to these items should be based on the passages only. Passage-1 Political theorists no doubt have to take history of injustice, for example, untouchability, seriously. The concept of historical injustice takes note of a variety of historical wrongs that continue into the present in some form or the other and tend to resist repair. Two reasons might account for resistance to repair. One, not only are the roots of injustice buried deep in history, injustice itself constitutes economic structures of exploitation, ideologies of discrimination and modes of representation. Two, the category of historical injustice generally extends across a number of wrongs such as economic deprivation, social discrimination and lack of recognition. This category is complex, not only because of the overlap between a number of wrongs, but because one or the other wrong, generally discrimination, tends to acquire partial autonomy from others. This is borne out by the history of repair in India.,","Elimination Logic","L4","Constraint Satisfaction Trap","","State Construction Failure","High","Repeating","CSAT_2019_LOGIC_SET_46","Constraint System"
"UPSC_2019_CSAT_Q6","2019","Aptitude","pair_match","Reading Interpretation","medium","static","medium","static","","CSAT_2019_P5","","","","Climate Change & Agriculture","Crop Shifts; Climate Adaptation","",",Q6. Which one of the following is the most logical and rational inference that can be made from the above passage? (a) Farmers who modernize their methods and diversify their fields will be in an advantageous position in future. (b) Climate change will adversely affect the crop diversity. (c) Shifting major crops to new croplands will lead to a great increase in the total area under cultivation and thus an increase in overall agricultural production. (d) Climate change is the most important factor affecting the agricultural economy in the future. Passage-6 A bat's wings may look like sheets of skin. But underneath, a bat has the same five fingers as an orangutan or a human, as well as a wrist connected to the same cluster of wrist bones connected to the same long bones of the arm. What can be more curious than that the hand of a man, formed for grasping, that of a mole for digging, the leg of the horse, the paddle of the porpoise, and the wing of the bat, should all be constructed on the same pattern? Directions for the following 8 (eight) items: Read the following seven passages and answer the items that follow each passage. Your answers to these items should be based on the passages only. Passage-1 Political theorists no doubt have to take history of injustice, for example, untouchability, seriously. The concept of historical injustice takes note of a variety of historical wrongs that continue into the present in some form or the other and tend to resist repair. Two reasons might account for resistance to repair. One, not only are the roots of injustice buried deep in history, injustice itself constitutes economic structures of exploitation, ideologies of discrimination and modes of representation. Two, the category of historical injustice generally extends across a number of wrongs such as economic deprivation, social discrimination and lack of recognition. This category is complex, not only because of the overlap between a number of wrongs, but because one or the other wrong, generally discrimination, tends to acquire partial autonomy from others. This is borne out by the history of repair in India.,","Reading Interpretation","L3","Inference Trap","","Overgeneralization","High","Emerging","CSAT_2019_P5","Passage"
"UPSC_2019_CSAT_Q60","2019","Aptitude","pair_match","Logical Deduction","medium","static","medium","static","","","","","","Logical Deduction (Constraint System)","Divisibility Rule; Algebra","",",Q60. Number 136 is added to 5B7 and the sum obtained is 7A3, where A and B are integers. It is given that 7A3 is exactly divisible by 3. The only possible value of B is (a) 2 (b) 5 (c) 7 (d) 8 ?? Page 35 (Passage Section) Directions for the following 7 (seven) items: Read the following five passages and answer the items that follow each passage. Your answers should be based on the passages only. Passage-1 (Regulation & Economy) India's economic footprint, given its population, still remains small compared to the US, the European Union or China. It has much to learn from other economies, yet must implement solutions that fit its unique circumstances. India especially needs an effective long-term regulatory system based on collaboration rather than the current top-down approach. Regulations seek desirable outcomes yet are repeatedly used as political tools to push one agenda or another. Often, regulations fail to consider impacts on jobs and economic growth-or less restrictive alternatives. Regulations may be used to protect local markets at the expense of more widely shared prosperity in the future. Additionally, regulations inevitably result in numerous unintended consequences. In today's hyper competitive global economy, regulations need to be viewed as ""weapons"" that seek cost-justified social and environmental benefits while improving the economic well-being of most citizens. Directions for the following 8 (eight) items: Read the following seven passages and answer the items that follow each passage. Your answers to these items should be based on the passages only. Passage-1 Political theorists no doubt have to take history of injustice, for example, untouchability, seriously. The concept of historical injustice takes note of a variety of historical wrongs that continue into the present in some form or the other and tend to resist repair. Two reasons might account for resistance to repair. One, not only are the roots of injustice buried deep in history, injustice itself constitutes economic structures of exploitation, ideologies of discrimination and modes of representation. Two, the category of historical injustice generally extends across a number of wrongs such as economic deprivation, social discrimination and lack of recognition. This category is complex, not only because of the overlap between a number of wrongs, but because one or the other wrong, generally discrimination, tends to acquire partial autonomy from others. This is borne out by the history of repair in India.,","Elimination Logic","L4","Constraint Satisfaction Trap","","State Construction Failure","High","Repeating","CSAT_2019_LOGIC_SET_48","Constraint System"
"UPSC_2019_CSAT_Q61","2019","Aptitude","pair_match","Reading Interpretation","medium","static","medium","static","","CSAT_2019_P20","","","","Regulation & Economic Growth","Regulatory Policy; Economic Competitiveness","",",Q61. Which one of the following is the most logical, rational and crucial inference that can be derived from the above passage? (a) A better regulatory system will help India achieve the size of economy appropriate to its population. (b) In a competitive global economy, India must use regulations strategically. (c) Regulations in India do not favour its integration with today's hyper competitive global economy. (d) Job creation and economic growth should be dominant considerations in developing India's regulatory system. Directions for the following 8 (eight) items: Read the following seven passages and answer the items that follow each passage. Your answers to these items should be based on the passages only. Passage-1 Political theorists no doubt have to take history of injustice, for example, untouchability, seriously. The concept of historical injustice takes note of a variety of historical wrongs that continue into the present in some form or the other and tend to resist repair. Two reasons might account for resistance to repair. One, not only are the roots of injustice buried deep in history, injustice itself constitutes economic structures of exploitation, ideologies of discrimination and modes of representation. Two, the category of historical injustice generally extends across a number of wrongs such as economic deprivation, social discrimination and lack of recognition. This category is complex, not only because of the overlap between a number of wrongs, but because one or the other wrong, generally discrimination, tends to acquire partial autonomy from others. This is borne out by the history of repair in India.,","Reading Interpretation","L3","Inference Trap","","Overgeneralization","High","Emerging","CSAT_2019_P20","Passage"
"UPSC_2019_CSAT_Q62","2019","Aptitude","pair_match","Reading Interpretation","medium","static","medium","static","","CSAT_2019_P20","","","","Regulation & Economic Growth","Regulatory Policy; Economic Competitiveness","",",Q62. On the basis of the above passage, the following assumptions have been made: In today's global economy, regulations are not effectively used to protect local markets. social and environmental concerns are generally ignored by the governments across the world while implementing the regulations. Which of the above assumptions is/are valid? (a) 1 only (b) 2 only (c) Both 1 and 2 (d) Neither 1 nor 2 ?? Page 37 Passage-2 (Microbiome & Malnutrition) In a study, scientists compared the microbiomes of poorly nourished and well nourished infants and young children. Gut microbes were isolated from faecal samples of malnourished and healthy children. The microbiome was ""immature"" and less diverse in malnourished children compared to the better developed ""mature"" microbiome found in healthy children of the same age. According to some studies, the chemical composition of mother's milk has shown the presence of a modified sugar (sialylated oligosaccharides). This is not utilized by the baby for its own nutrition. However, the bacteria constituting the infant's microbiome thrive on this sugar which serves as their food. Malnourished mothers have low levels of this sugar in their milk. Consequently, the microbiomes of their infants fail to mature. That in turn, leads to malnourished babies. Directions for the following 8 (eight) items: Read the following seven passages and answer the items that follow each passage. Your answers to these items should be based on the passages only. Passage-1 Political theorists no doubt have to take history of injustice, for example, untouchability, seriously. The concept of historical injustice takes note of a variety of historical wrongs that continue into the present in some form or the other and tend to resist repair. Two reasons might account for resistance to repair. One, not only are the roots of injustice buried deep in history, injustice itself constitutes economic structures of exploitation, ideologies of discrimination and modes of representation. Two, the category of historical injustice generally extends across a number of wrongs such as economic deprivation, social discrimination and lack of recognition. This category is complex, not only because of the overlap between a number of wrongs, but because one or the other wrong, generally discrimination, tends to acquire partial autonomy from others. This is borne out by the history of repair in India.,","Reading Interpretation","L3","Inference Trap","","Assumption Misinterpretation","High","Emerging","CSAT_2019_P20","Passage"
"UPSC_2019_CSAT_Q63","2019","Aptitude","pair_match","Reading Interpretation","medium","static","medium","static","","CSAT_2019_P21","","","","Microbiome & Malnutrition","Gut Microbiome; Child Nutrition","",",Q63. Which one of the following is the most logical, rational and crucial inference that can be derived from the above passage? (a) If malnourished condition in children is caused by gut bacteria, it cannot be treated. (b) The guts of malnourished babies should be inoculated with mature microbiomes. (c) Babies of malnourished mothers should be fed with dairy milk fortified with sialylated oligosaccharides instead of mother's milk. (d) Research on benign effects of gut bacteria on nutrition has policy implications. Directions for the following 8 (eight) items: Read the following seven passages and answer the items that follow each passage. Your answers to these items should be based on the passages only. Passage-1 Political theorists no doubt have to take history of injustice, for example, untouchability, seriously. The concept of historical injustice takes note of a variety of historical wrongs that continue into the present in some form or the other and tend to resist repair. Two reasons might account for resistance to repair. One, not only are the roots of injustice buried deep in history, injustice itself constitutes economic structures of exploitation, ideologies of discrimination and modes of representation. Two, the category of historical injustice generally extends across a number of wrongs such as economic deprivation, social discrimination and lack of recognition. This category is complex, not only because of the overlap between a number of wrongs, but because one or the other wrong, generally discrimination, tends to acquire partial autonomy from others. This is borne out by the history of repair in India.,","Reading Interpretation","L3","Inference Trap","","Overgeneralization","High","Emerging","CSAT_2019_P21","Passage"
"UPSC_2019_CSAT_Q64","2019","Aptitude","pair_match","Reading Interpretation","medium","static","medium","static","","CSAT_2019_P21","","","","Microbiome & Malnutrition","Gut Microbiome; Child Nutrition","",",Q64. On the basis of the above passage, the following assumptions have been made: Processed probiotic foods are a solution to treat the children suffering from malnutrition due to immature gut bacteria composition. The babies of malnourished mothers generally tend to be malnourished. Which of the above assumptions is/are valid? (a) 1 only (b) 2 only (c) Both 1 and 2 (d) Neither 1 nor 2 Passage-3 (Antarctica & Climate Impact) Temperatures have risen nearly five times as rapidly on the Western Antarctic Peninsula than the global average over the past five decades. Researchers have now found that melting glaciers are causing a loss of species diversity among benthos in the coastal waters off the Antarctic Peninsula, impacting an entire seafloor ecosystem. They believe increased levels of suspended sediment in water to be the cause of the dwindling biodiversity in the coastal region. Directions for the following 8 (eight) items: Read the following seven passages and answer the items that follow each passage. Your answers to these items should be based on the passages only. Passage-1 Political theorists no doubt have to take history of injustice, for example, untouchability, seriously. The concept of historical injustice takes note of a variety of historical wrongs that continue into the present in some form or the other and tend to resist repair. Two reasons might account for resistance to repair. One, not only are the roots of injustice buried deep in history, injustice itself constitutes economic structures of exploitation, ideologies of discrimination and modes of representation. Two, the category of historical injustice generally extends across a number of wrongs such as economic deprivation, social discrimination and lack of recognition. This category is complex, not only because of the overlap between a number of wrongs, but because one or the other wrong, generally discrimination, tends to acquire partial autonomy from others. This is borne out by the history of repair in India.,","Reading Interpretation","L3","Inference Trap","","Assumption Misinterpretation","High","Emerging","CSAT_2019_P21","Passage"
"UPSC_2019_CSAT_Q65","2019","Aptitude","pair_match","Reading Interpretation","medium","static","medium","static","","CSAT_2019_P22","","","","Antarctic Climate Change","Glacier Melt; Marine Biodiversity","",",Q65. On the basis of the above passage, the following assumptions have been made: Regions of glaciers warm faster than other regions due to global warming. Global warming can lead to seafloor sedimentation in some areas. Melting glaciers can reduce marine biodiversity in some areas. Which of the above assumptions is/are valid? (a) 1 and 2 only (b) 3 only (c) 2 and 3 only (d) 1, 2 and 3 ?? Page 39 Passage-4 (Ecosystem Resilience & Owls) A research team examined a long-term owl roost. Owls prey on small mammals and the excreted remains of those meals that accumulated over time provide us an insight into the composition and structure of small mammals over the past millennia. The research suggested that when the Earth went through a period of rapid warming about 13,000 years ago, the small mammal community was stable and resilient. But, from the last quarter of the nineteenth century, human-made changes to the environment had caused an enormous drop in biomass and energy flow. This dramatic decline in energy flow means modern ecosystems are not adapting as easily as they did in the past. Directions for the following 8 (eight) items: Read the following seven passages and answer the items that follow each passage. Your answers to these items should be based on the passages only. Passage-1 Political theorists no doubt have to take history of injustice, for example, untouchability, seriously. The concept of historical injustice takes note of a variety of historical wrongs that continue into the present in some form or the other and tend to resist repair. Two reasons might account for resistance to repair. One, not only are the roots of injustice buried deep in history, injustice itself constitutes economic structures of exploitation, ideologies of discrimination and modes of representation. Two, the category of historical injustice generally extends across a number of wrongs such as economic deprivation, social discrimination and lack of recognition. This category is complex, not only because of the overlap between a number of wrongs, but because one or the other wrong, generally discrimination, tends to acquire partial autonomy from others. This is borne out by the history of repair in India.,","Reading Interpretation","L3","Inference Trap","","Assumption Misinterpretation","High","Emerging","CSAT_2019_P22","Passage"
"UPSC_2019_CSAT_Q66","2019","Aptitude","pair_match","Reading Interpretation","medium","dynamic","medium","dynamic","","CSAT_2019_P23","","","","Ecosystem Resilience & Climate Change","Small Mammals; Human Impact","",",Q66. On the basis of the above passage, the following assumptions have been made: Global warming is a frequently occurring natural phenomenon. The impending global warming will not adversely affect small mammals. Humans are responsible for the loss of the Earth's natural resilience. Which of the above assumptions is/are valid? (a) 1 and 2 only (b) 3 only (c) 2 and 3 only (d) 1, 2 and 3 Passage-5 (Crop Diversity Crisis) Food varieties extinction is happening all over the world-and it is happening fast. For example, of the 7,000 apple varieties that were grown during the nineteenth century, fewer than a hundred remain. In the Philippines, thousands of varieties of rice once thrived; now only up to a hundred are grown there. In China, 90 percent of the wheat varieties cultivated just a century ago have disappeared. Farmers in the past painstakingly bred and developed crops well suited to the peculiarities of their local climate and environment. In the recent past, our heavy dependence on a few high yielding varieties and technology-driven production and distribution of food is causing the dwindling of diversity in food crops. If some mutating crop disease or future climate change decimates the few crop plants we have come to depend on to feed our growing population, we might desperately need some of those varieties we have let go extinct. Directions for the following 8 (eight) items: Read the following seven passages and answer the items that follow each passage. Your answers to these items should be based on the passages only. Passage-1 Political theorists no doubt have to take history of injustice, for example, untouchability, seriously. The concept of historical injustice takes note of a variety of historical wrongs that continue into the present in some form or the other and tend to resist repair. Two reasons might account for resistance to repair. One, not only are the roots of injustice buried deep in history, injustice itself constitutes economic structures of exploitation, ideologies of discrimination and modes of representation. Two, the category of historical injustice generally extends across a number of wrongs such as economic deprivation, social discrimination and lack of recognition. This category is complex, not only because of the overlap between a number of wrongs, but because one or the other wrong, generally discrimination, tends to acquire partial autonomy from others. This is borne out by the history of repair in India.,","Reading Interpretation","L3","Inference Trap","","Assumption Misinterpretation","High","Emerging","CSAT_2019_P23","Passage"
"UPSC_2019_CSAT_Q67","2019","Aptitude","pair_match","Reading Interpretation","medium","static","medium","static","","CSAT_2019_P24","","","","Agrobiodiversity Loss","Crop Diversity; Food Security","",",Q67. On the basis of the above passage, the following assumptions have been made: Humans have been the main reason for the large scale extinction of plant species. Consumption of food mainly from locally cultivated crops ensures crop diversity. The present style of production and distribution of food will finally lead to the problem of food scarcity in the near future. Our food security may depend on our ability to preserve the locally cultivated varieties of crops. Which of the above assumptions are valid? (a) 1 and 3 (b) 2 and 4 (c) 2 and 3 (d) 1 and 4 ?? Page 41 Directions for the following 8 (eight) items: Read the following seven passages and answer the items that follow each passage. Your answers to these items should be based on the passages only. Passage-1 Political theorists no doubt have to take history of injustice, for example, untouchability, seriously. The concept of historical injustice takes note of a variety of historical wrongs that continue into the present in some form or the other and tend to resist repair. Two reasons might account for resistance to repair. One, not only are the roots of injustice buried deep in history, injustice itself constitutes economic structures of exploitation, ideologies of discrimination and modes of representation. Two, the category of historical injustice generally extends across a number of wrongs such as economic deprivation, social discrimination and lack of recognition. This category is complex, not only because of the overlap between a number of wrongs, but because one or the other wrong, generally discrimination, tends to acquire partial autonomy from others. This is borne out by the history of repair in India.,","Reading Interpretation","L3","Inference Trap","","Assumption Misinterpretation","High","Emerging","CSAT_2019_P24","Passage"
"UPSC_2019_CSAT_Q68","2019","Aptitude","pair_match","Reading Interpretation","medium","static","medium","static","","CSAT_2019_SET_9","","","","Letter Coding","Letter Coding; Pattern","",",Q68. If every alternative letter of the English alphabet from B onwards (including B) is written in lower case (small letters) and the remaining letters are capitalized, then how is the first month of the second half of the year written? (a) JuLY (b) jULy (c) jUly (d) jUlY Directions for the following 8 (eight) items: Read the following seven passages and answer the items that follow each passage. Your answers to these items should be based on the passages only. Passage-1 Political theorists no doubt have to take history of injustice, for example, untouchability, seriously. The concept of historical injustice takes note of a variety of historical wrongs that continue into the present in some form or the other and tend to resist repair. Two reasons might account for resistance to repair. One, not only are the roots of injustice buried deep in history, injustice itself constitutes economic structures of exploitation, ideologies of discrimination and modes of representation. Two, the category of historical injustice generally extends across a number of wrongs such as economic deprivation, social discrimination and lack of recognition. This category is complex, not only because of the overlap between a number of wrongs, but because one or the other wrong, generally discrimination, tends to acquire partial autonomy from others. This is borne out by the history of repair in India.,","Reading Interpretation","L2","Inference Trap","","Incomplete Inference","High","Repeating","CSAT_2019_SET_9","Passage"
