"questionId","year","subject","questionType","reasoning_type","difficulty","static_vs_dynamic","suggested_difficulty","suggested_static_vs_dynamic","suggested_reasoning_type","passage_id","suggested_passage_id","question_nature","suggested_question_nature","primary_concept","concepts","concept_suggestions","questionText"
"UPSC_2016_CSAT_Q1","2016","Polity","mcq_standard","Inference","medium","static","medium","static","elimination","CSAT_2016_P1","","","conceptual","Governance Accountability","Internal vs External Accountability; Civil Services Reform; Political Executive vs Bureaucracy","Constitutional Bodies; Emergency Provisions","According to the passage, which of the following factors led to the adverse consequences for governance/public administration? Inability of civil services to strike a balance between internal and external accountabilities Lack of sufficient professional training to the officers of All India Services Lack of proper service benefits in civil services Lack of Constitutional provisions to define the respective roles of professional civil services vis-?-vis political executive Select the correct answer using the code given below:"
"UPSC_2016_CSAT_Q21","2016","Environment","mcq_standard","Elimination","medium","static","medium","static","elimination","CSAT_2016_P2","","","conceptual","Bioenergy Sustainability","Biomass Supply Constraints; Food vs Fuel Debate; Life-cycle Emissions","Carbon Sequestration; Sustainable Agriculture","What is/are the present constraint/constraints in using biomass as fuel for power generation? Lack of sustainable supply of biomass Biomass production competes with food production Bio-energy may not always be low carbon on a life-cycle basis Select the correct answer using the code given below:"
"UPSC_2016_CSAT_Q23","2016","Environment","mcq_standard","Elimination","medium","dynamic","medium","static","elimination","CSAT_2016_P2","","","conceptual","Bioenergy Sustainability","Biomass Energy; Food vs Fuel Debate; Negative Emissions","Sustainable Agriculture","In the context of using biomass, which of the following is/are the characteristics of the sustainable production of biofuel? Biomass as a fuel for power generation could meet all the primary energy requirements of the world by 2050 Biomass as a fuel for power generation does not necessarily disrupt food and forest resources Biomass as a fuel for power generation could help in achieving negative emissions, given certain nascent technologies Select the correct answer using the code given below:"
"UPSC_2016_CSAT_Q3","2016","Polity","mcq_standard","Main Idea","medium","static","medium","static","main_idea","CSAT_2016_P1","","","conceptual","Governance Accountability","Civil Services Reform; Accountability Mechanisms","","Which one of the following is the essential message implied by this passage?"
"UPSC_2016_CSAT_Q41","2016","Geography","mcq_standard","Logical Corollary","medium","dynamic","medium","static","logical_corollary","CSAT_2016_P3","","","conceptual","Crony Capitalism","Economic Growth Constraints; Oligarchies; Governance Transparency","","Which among the following is the most logical corollary to the above passage?"
"UPSC_2016_CSAT_Q48","2016","Environment","mcq_standard","Inference","medium","static","medium","static","inference","CSAT_2016_P4","","","conceptual","Climate Change & Land Use","Greenhouse Gas Emissions; Agriculture Emissions; Deforestation","Protected Areas; Climate Change; Carbon Sequestration","Which among the following is the most logical and rational inference that can be made from the above passage?"
"UPSC_2016_GS1_Q10","2016","History","mcq_standard","","medium","static","medium","static","elimination","","","factual","factual","Ancient Indian Literature","Sanskrit Drama; Shunga Dynasty","Ancient Polities; Modern India Timeline","Which one of the following books of ancient India has the love story of the son of the founder of Sunga dynasty?"
"UPSC_2016_GS1_Q12","2016","Economy","mcq_standard","","medium","static","medium","static","elimination","","","conceptual","elimination","Capital Budget","Public Expenditure; Capital Receipts; Loans & Advances","Capital Markets","Which of the following is/are included in the capital budget of the Government of India? 1. Expenditure on acquisition of assets like roads, buildings, machinery, etc. 2. Loans received from foreign governments 3. Loans and advances granted to the States and Union Territories Select the correct answer using the code given below."
"UPSC_2016_GS1_Q27","2016","Geography","mcq_standard","","medium","static","medium","static","elimination","","","conceptual","elimination","Agricultural Heritage Systems (GIAHS)","Agro-biodiversity; Traditional Farming Systems","River Systems","The FAO accords the status of Globally Important Agricultural Heritage System (GIAHS) to traditional agricultural systems. What is the overall goal of this initiative? 1. To provide modern technology, training in modern farming methods and financial support to local communities of identified GIAHS so as to greatly enhance their agricultural productivity. 2. To identify and safeguard eco-friendly traditional farm practices and their associated landscapes, agricultural biodiversity and knowledge systems of the local communities. 3. To provide Geographical Indication status to all the varieties of agricultural produce in such identified GIAHS. Select the correct answer using the code given below."
"UPSC_2016_GS1_Q29","2016","Economy","statement_correct","","medium","static","medium","static","elimination","","","conceptual","elimination","Banking Technology","Core Banking Systems; Financial Inclusion","Banking Regulation","The term ""Core Banking Solutions"" is sometimes seen in the news. Which of the following statements best describes/describe this term? 1. It is a networking of a bank's branches which enables customers to operate their accounts from any branch of the bank on its network regardless of where they open their accounts. 2. It is an effort to increase RBI's control over commercial banks through computerisation. 3. It is a detailed procedure by which a bank with huge non-performing assets is taken over by another bank. Select the correct answer using the code given below."
"UPSC_2016_GS1_Q37","2016","Economy","mcq_standard","","medium","dynamic","medium","dynamic","elimination","","","factual","conceptual","Global Governance Indices","Ease of Doing Business Index; World Bank","","India's ranking in the ""Ease of Doing Business Index"" is sometimes seen in the news. Which of the following has declared this ranking?"
"UPSC_2016_GS1_Q4","2016","Economy","statement_correct","","medium","static","medium","static","elimination","","","conceptual","elimination","Financial Inclusion","Payment Banks; Banking Regulation","Financial Inclusion","The establishment of ""Payment Banks"" is being allowed in India to promote financial inclusion. Which of the following statements is/are correct in this context? 1. Mobile telephone companies and supermarket chains that are owned and controlled by residents are eligible to be promoters of Payment Banks. 2. Payment Banks can issue both credit cards and debit cards. 3. Payment Banks cannot undertake lending activities. Select the correct answer using the code given below."
"UPSC_2016_GS1_Q47","2016","Science & Technology","mcq_standard","","medium","dynamic","medium","dynamic","elimination","","","factual","conceptual","Aerospace Technology","Electric Aircraft; NASA Technology","Space Missions","What is ""Greased Lightning-10 (GL-10)"", recently in the news?"
"UPSC_2016_GS1_Q52","2016","Environment","statement_correct","","medium","static","medium","static","elimination","","","conceptual","elimination","Ecosystem Valuation","Biodiversity Economics; TEEB Initiative","Biodiversity Conservation","With reference to an initiative called ""The Economics of Ecosystems and Biodiversity"" (TEEB), which of the following statements is/are correct? 1. It is an initiative hosted by UNEP, IMF and World Economic Forum. 2. It is a global initiative that focuses on drawing attention to the economic benefits of biodiversity. 3. It presents an approach that can help decision-makers recognize, demonstrate and capture the value of ecosystems and biodiversity. Select the correct answer using the code given below."
"UPSC_2016_GS1_Q66","2016","Economy","statement_correct","","medium","static","medium","static","elimination","","","conceptual","elimination","Cryptocurrency","Blockchain Technology; Digital Payments; Financial Regulation","","With reference to ""Bitcoins"", sometimes seen in the news, which of the following statements is/are correct? 1. Bitcoins are tracked by the Central Banks of the countries. 2. Anyone with a Bitcoin address can send and receive Bitcoins from anyone else with a Bitcoin address. 3. Online payments can be sent without either side knowing the identity of the other. Select the correct answer using the code given below."
"UPSC_2016_GS1_Q7","2016","Science & Technology","mcq_standard","","medium","dynamic","medium","dynamic","elimination","","","conceptual","factual","Power Sector Reforms","UDAY Scheme; DISCOM Financial Health","Energy Technologies; Nuclear Technology","Which one of the following is a purpose of UDAY, a scheme of the Government?"
"UPSC_2016_GS1_Q71","2016","Geography","mcq_standard","","medium","dynamic","medium","dynamic","elimination","","","conceptual","elimination","Gold Monetization Policy","Sovereign Gold Bonds; Gold Imports; Savings Mobilization","Indian Monsoon","What is/are the purpose/purposes of Government's ""Sovereign Gold Bond Scheme"" and ""Gold Monetization Scheme""? 1. To bring the idle gold lying with Indian households into the economy 2. To promote FDI in the gold and jewellery sector 3. To reduce India's dependence on gold imports Select the correct answer using the code given below."
"UPSC_2016_GS1_Q89","2016","Current Affairs","mcq_standard","","medium","static","medium","static","elimination","","","factual","conceptual","Oral Traditions in History","Oral Historiography; Cultural Memory","","With reference to the cultural history of India, the memorizing of chronicles, dynastic histories and epic tales was the profession of who of the following?"
"UPSC_2016_GS1_Q92","2016","History","mcq_standard","","medium","static","medium","static","elimination","","","factual","conceptual","Indian National Movement","Extremists vs Moderates; Surat Split (1907)","Modern India Timeline","What was the main reason for the split in the Indian National Congress at Surat in 1907?"
"UPSC_2016_GS1_Q95","2016","Polity","mcq_standard","","medium","static","medium","static","elimination","","","conceptual","conceptual","Indian Federalism","Legislative Powers; Rajya Sabha Special Powers","","The Parliament of India acquires power to legislate on any item in the State List in the national interest if a resolution to that effect is passed by the"
"UPSC_2017_CSAT_Q10","2017","Aptitude","statement_based","Elimination","hard","static","hard","static","elimination","CSAT_2017_SET_1","","","","Logical Reasoning","Syllogisms; Statement Evaluation","","With reference to the above information, consider the following statements: Some supporters of party ?X knew Z. Some supporters of party ?X, who opposed Zs campaign strategy, knew Z. No supporters of party ?X supported Zs campaign strategy. Which of the statements given above is/are not correct?"
"UPSC_2017_CSAT_Q20","2017","Aptitude","mcq_standard","Elimination","medium","static","medium","static","elimination","","","","","Profit & Loss","Percentage Change; Reverse Transactions","","Gopal sells at 10% profit, buys back at 10% loss. Net result?"
"UPSC_2017_CSAT_Q48","2017","Environment","statement_correct","Elimination","medium","static","medium","static","elimination","","","","","Biopesticides","Integrated Pest Management; Environmental Safety","","Which of the following statements is/are correct regarding biopesticides? They are not hazardous to human health. They are persistent in environment. They are essential to maintain the biodiversity of any ecosystem. Select the correct answer using the code given below."
"UPSC_2017_CSAT_Q61","2017","Environment","mcq_standard","Inference","medium","static","medium","static","inference","CSAT_2017_P16","","","","Air Pollution & AQI","Air Quality Index; Health Impacts of Air Pollution","","Which among the following is the most logical and rational inference that can be made from the above passage?"
"UPSC_2017_GS1_Q11","2017","Economy","statement_correct","","medium","dynamic","medium","dynamic","elimination","","","conceptual","elimination","Monetary Policy Committee","Inflation Targeting; RBI Governance","Monetary Policy; Fiscal Policy","Which of the following statements is/are correct regarding the Monetary Policy Committee (MPC)? 1. It decides the RBIs benchmark interest rates. 2. It is a 12-member body including the Governor of RBI and is reconstituted every year. 3. It functions under the chairmanship of the Union Finance Minister. Select the correct answer using the code given below:"
"UPSC_2017_GS1_Q13","2017","History","mcq_standard","","medium","static","medium","static","elimination","","","factual","elimination","Ryotwari Settlement","British Land Revenue Systems","Modern India Timeline","Who among the following was/were associated with the introduction of Ryotwari Settlement in India during the British rule? 1. Lord Cornwallis 2. Alexander Read 3. Thomas Munro Select the correct answer using the code given below:"
"UPSC_2017_GS1_Q21","2017","Environment","mcq_standard","","medium","static","medium","static","elimination","","","conceptual","elimination","Ecological Interdependence","Pollination; Trophic Interactions; Biodiversity Loss","Invasive Species","Due to some reason, if there is a huge fall in the population of species of butterflies, what could be its likely consequences? 1. Pollination of some plants could be adversely affected. 2. There could be a drastic increase in the fungal infections of some cultivated plants. 3. It could lead to a fall in the population of some species of wasps, spiders and birds. Select the correct answer using the code given below:"
"UPSC_2017_GS1_Q35","2017","Environment","mcq_standard","","medium","static","medium","static","elimination","","","factual","elimination","Wildlife Protection Act (1972)","Protected Species; Hunting Prohibitions","Wildlife Protection","According to the Wildlife (Protection) Act, 1972, which of the following animals cannot be hunted by any person except under some provisions provided by law? 1. Gharial 2. Indian wild ass 3. Wild buffalo Select the correct answer using the code given below:"
"UPSC_2017_GS1_Q37","2017","History","pair_match","","medium","static","medium","static","elimination","","","factual","conceptual","Early Political Associations","Indian Association; Madras Mahajana Sabha","Modern India Timeline","Consider the following pairs: 1. Radhakanta Deb ? First President of the British Indian Association 2. Gazulu Lakshminarasu Chetty ? Founder of the Madras Mahajana Sabha 3. Surendranath Banerjee ? Founder of the Indian Association Which of the above pairs is/are correctly matched?"
"UPSC_2017_GS1_Q48","2017","Polity","mcq_standard","","medium","static","medium","static","elimination","","","conceptual","conceptual","Constitutional Philosophy","Preamble; Directive Principles; Fundamental Rights","Fundamental Rights; Directive Principles","The mind of the makers of the Constitution of India is reflected in which of the following?"
"UPSC_2017_GS1_Q50","2017","Polity","mcq_standard","","medium","static","medium","static","elimination","","","factual","elimination","Parliamentary Accountability","Question Hour; Adjournment Motion; Supplementary Questions","","The Parliament of India exercises control over the functions of the Council of Ministers through 1. Adjournment motion 2. Question hour 3. Supplementary questions Select the correct answer using the code given below:"
"UPSC_2017_GS1_Q51","2017","Geography","mcq_standard","","medium","static","medium","static","elimination","","","factual","factual","Medieval Ports & Trade","Kakatiya Kingdom; Maritime Trade","","Which one of the following was a very important seaport in the Kakatiya kingdom?"
"UPSC_2017_GS1_Q56","2017","Economy","mcq_standard","","medium","static","medium","static","elimination","","","factual","conceptual","Multilateral Financing Institutions","World Bank Initiatives; Public-Private Partnerships","Capital Markets","The Global Infrastructure Facility is a/an"
"UPSC_2017_GS1_Q64","2017","Economy","mcq_standard","","medium","dynamic","medium","dynamic","elimination","","","factual","conceptual","Stressed Assets Resolution","Banking Reforms; S4A Scheme","","Which of the following best describes ?Scheme for Sustainable Structuring of Stressed Assets (S4A)?"
"UPSC_2017_GS1_Q78","2017","Science & Technology","mcq_standard","","medium","static","medium","static","elimination","","","conceptual","conceptual","Biotechnology","Cloning; Somatic Cell Nuclear Transfer","Nuclear Technology","Somatic Cell Nuclear Transfer technology is used for"
"UPSC_2017_GS1_Q84","2017","Geography","mcq_standard","","medium","static","medium","static","elimination","","","conceptual","conceptual","India's Maritime Strategy","Chabahar Port; Regional Connectivity","","Importance of Chabahar Port for India:"
"UPSC_2017_GS1_Q87","2017","Science & Technology","mcq_standard","","medium","static","medium","static","elimination","","","conceptual","conceptual","Space-based Gravitational Wave Astronomy","eLISA Mission; Gravitational Waves","Space Missions","What is the purpose of ?evolved Laser Interferometer Space Antenna (eLISA) project?"
"UPSC_2017_GS1_Q88","2017","Economy","mcq_standard","","medium","dynamic","medium","static","elimination","","","factual","elimination","Vidyanjali Scheme","Public-Private Participation in Education","","What is the purpose of ?Vidyanjali Yojana? 1. To enable the famous foreign educational institutions to open their campuses in India. 2. To increase the quality of education provided in government schools by taking help from the private sector and the community. 3. To encourage voluntary monetary contributions from private individuals and organizations so as to improve the infrastructure facilities for primary and secondary schools. Select the correct answer using the code given below:"
"UPSC_2017_GS1_Q96","2017","Polity","mcq_standard","","medium","static","medium","static","elimination","","","conceptual","elimination","President's Rule","Article 356; State Governance","Constitutional Bodies; Local Self-Government","Which of the following are **not necessarily** the consequences of the proclamation of the Presidents rule in a State? 1. Dissolution of the State Legislative Assembly 2. Removal of the Council of Ministers in the State 3. Dissolution of the local bodies Select the correct answer using the code given below:"
"UPSC_2017_GS1_Q99","2017","Polity","mcq_standard","","medium","static","medium","static","elimination","","","conceptual","conceptual","Parliamentary System","Collective Responsibility; Cabinet Government","Parliamentary Procedures","Out of the following statements, choose the one that brings out the principle underlying the **Cabinet form of Government**:"
"UPSC_2018_CSAT_Q28","2018","Geography","mcq_standard","","","medium","static","inference","","","","elimination","","","River Systems","Which of the following is/are the correct inference/inferences that can be made from the passage? Deforestation can cause changes in the course of rivers. Salinization of land takes place due to human activities only. Intense monoculture practice in plains is a major reason for desertification in Tropical Asia, Africa and South America. Select the correct answer using the code given below.",""
"UPSC_2018_CSAT_Q49","2018","Environment","mcq_standard","","","medium","static","assumption","","","","conceptual","","","Climate Change; Pollution Control","With reference to the above passage, the following assumptions have been made: Climate change is not a challenge for developed countries. Climate change is a complex policy issue and also a development issue for many countries. Ways and means of finance must be found to enable developing countries to enhance their adaptive capacity. Which of the above assumptions is/are valid?",""
"UPSC_2018_CSAT_Q53","2018","Economy","mcq_standard","","","medium","static","elimination","","","","conceptual","","","","What is the crucial message conveyed by the above passage?",""
"UPSC_2018_GS1_Q13","2018","Geography","mcq_standard","","","medium","dynamic","elimination","","","","elimination","","","","Which of the following has/have shrunk immensely/dried up in the recent past due to human activities? Aral Sea Black Sea Lake Baikal Select the correct answer using the code given below:",""
"UPSC_2018_GS1_Q20","2018","Polity","mcq_standard","","","medium","dynamic","elimination","","","","conceptual","","","Parliamentary Procedures","With reference to the Parliament of India, which of the following Parliamentary Committees scrutinizes and reports to the House whether the powers to make regulations, rules, sub-rules, by-laws, etc., conferred by the Constitution or delegated by the Parliament are being properly exercised by the Executive within the scope of such delegation?",""
"UPSC_2018_GS1_Q43","2018","Science & Technology","mcq_standard","","","medium","static","elimination","","","","conceptual","","","","What is ?Terminal High Altitude Area Defense (THAAD)?, sometimes seen in the news?",""
"UPSC_2018_GS1_Q57","2018","Environment","statement_based","","","hard","dynamic","elimination","","","","conceptual","","","Carbon Sequestration","Consider the following statements: The Earths magnetic field has reversed every few hundred thousand years. When the Earth was created more than 4000 million years ago, there was 54% oxygen and no carbon dioxide. When living organisms originated, they modified the early atmosphere of the Earth. Which of the statements given above is/are correct?",""
"UPSC_2018_GS1_Q58","2018","Science & Technology","mcq_standard","","","medium","dynamic","elimination","","","","conceptual","","","","The terms ?WannaCry?, ?Petya? and ?EternalBlue? sometimes mentioned in the news recently are related to",""
"UPSC_2018_GS1_Q75","2018","History","mcq_standard","","","medium","static","elimination","","","","factual","","","Modern India Timeline","Which one of the following statements does not apply to the system of Subsidiary Alliance introduced by Lord Wellesley?",""
"UPSC_2018_GS1_Q76","2018","History","mcq_standard","","","medium","static","elimination","","","","conceptual","","","Modern India Timeline","Which of the following led to the introduction of English Education in India? Charter Act of 1813 General Committee of Public Instruction, 1823 Orientalist and Anglicist Controversy Select the correct answer:",""
"UPSC_2018_GS1_Q78","2018","Polity","mcq_standard","","","medium","static","elimination","","","","conceptual","","","","In 1920, which of the following changed its name to ?Swarajya Sabha??",""
"UPSC_2018_GS1_Q79","2018","Polity","mcq_standard","","","medium","static","elimination","","","","conceptual","","","","In 1920, which of the following changed its name to ?Swarajya Sabha??",""
"UPSC_2018_GS1_Q80","2018","Economy","mcq_standard","","","medium","static","elimination","","","","conceptual","","","","Which among the following events happened earliest?",""
"UPSC_2018_GS1_Q83","2018","Current Affairs","mcq_standard","","","medium","static","elimination","","","","conceptual","","","Economy in News","The Partnership for Action on Green Economy (PAGE), a UN mechanism to assist countries transition towards greener and more inclusive economies, emerged at",""
"UPSC_2018_GS1_Q86","2018","Environment","mcq_standard","","","medium","static","elimination","","","","conceptual","","","Biodiversity Conservation","Why is a plant called Prosopis juliflora often mentioned in news?",""
"UPSC_2018_GS1_Q89","2018","History","pair_match","","","medium","static","elimination","","","","conceptual","","","Colonial Administration; Modern India Timeline","With reference to educational institutions during colonial rule in India, consider the following pairs: Institution ?"" Founder Sanskrit College at Benaras ?"" William Jones Calcutta Madrasa ?"" Warren Hastings Fort William College ?"" Arthur Wellesley Which of the pairs given above is/are correct?",""
"UPSC_2018_GS1_Q91","2018","Economy","mcq_standard","","","medium","static","elimination","","","","conceptual","","","","Consider the following events: The first democratically elected communist party government formed in a State in India. Indias then largest bank, Imperial Bank of India, was renamed State Bank of India. Air India was nationalised and became the national carrier. Goa became a part of independent India. Which of the following is the correct chronological sequence of the above events?",""
"UPSC_2018_GS1_Q92","2018","Polity","mcq_standard","","","medium","static","elimination","","","","conceptual","","","Directive Principles; Emergency Provisions","Right to Privacy is protected as an intrinsic part of Right to Life and Personal Liberty. Which of the following in the Constitution of India correctly and appropriately imply the above statement?",""
"UPSC_2018_GS1_Q94","2018","Environment","mcq_standard","","","medium","static","elimination","","","","factual","","","Wildlife Protection","In which one of the following States is Pakhui Wildlife Sanctuary located?",""
"UPSC_2018_GS1_Q97","2018","Economy","mcq_standard","","","medium","static","elimination","","","","conceptual","","","","Consider the following items: Cereal grains hulled Chicken eggs cooked Fish processed and canned Newspapers containing advertising material Which of the above items is/are exempted under GST (Goods and Services Tax)?",""
"UPSC_2019_CSAT_Q32","2019","Current Affairs","mcq_standard","","","medium","static","elimination","","","","elimination","","","","In a school, 60% students play cricket. A student who does not play cricket, plays football. Every football player has got a two-wheeler. Which of the following conclusions cannot be drawn from the above data? 60% of the students do not have two-wheelers. No cricketer has a two-wheeler. Cricket players do not play football. Select the correct answer using the code given below:",""
"UPSC_2019_CSAT_Q43","2019","Environment","mcq_standard","","","medium","static","inference","","","","factual","","","Biodiversity Conservation; Protected Areas; Invasive Species","Which one of the following is the most logical and rational inference that can be made from the above passage?",""
"UPSC_2019_CSAT_Q44","2019","Economy","mcq_standard","","","medium","static","assumption","","","","conceptual","","","","On the basis of the above passage, the following assumptions have been made: Food safety is a complex issue that calls for a multipronged solution. Great investments need to be made in developing the manpower for surveillance and training. India needs to make sufficient legislation for governing food processing industry. Which of the above assumptions is/are valid?",""
"UPSC_2019_CSAT_Q52","2019","Economy","mcq_standard","","","medium","static","assumption","","","","conceptual","","","","On the basis of the above passage, the following assumptions have been made: Food safety is a complex issue that calls for a multipronged solution. Great investments need to be made in developing the manpower for surveillance and training. India needs to make sufficient legislation for governing food processing industry. Which of the above assumptions is/are valid",""
"UPSC_2019_CSAT_Q55","2019","Economy","mcq_standard","","","medium","static","inference","","","","factual","","","Banking Regulation; Financial Inclusion","Which one of the following is the most logical, rational and crucial inference that can be derived from the above passage",""
"UPSC_2019_GS1_Q100","2019","Science & Technology","mcq_standard","","","medium","static","elimination","","","","conceptual","","","","Which statement is not correct?",""
"UPSC_2019_GS1_Q12","2019","History","statement_based","","","hard","static","elimination","","","","conceptual","","","Colonial Administration; Ancient Polities","Consider the following statements: 1. In the revenue administration of Delhi Sultanate, the in-charge of revenue collection was known as ""Amil"". 2. The Iqta system of Sultans of Delhi was an ancient indigenous institution. 3. The office of ""Mir Bakshi"" came into existence during the reign of Khalji Sultans of Delhi. Which of the statements given above is/are correct?",""
"UPSC_2019_GS1_Q15","2019","History","pair_match","","","medium","static","elimination","","","","conceptual","","","Modern India Timeline","With reference to Indian National Movement, consider the following pairs: Person - Position held 1. Sir Tej Bahadur Sapru - President, All India Liberal Federation 2. K. C. Neogy - Member, The Constituent Assembly 3. P. C. Joshi - General Secretary, Communist Party of India Which of the pairs given above is/are correctly matched?",""
"UPSC_2019_GS1_Q34","2019","Environment","statement_correct","","","medium","static","elimination","","","","elimination","","","Carbon Sequestration","Which of the following statements are correct about the deposits of ""methane hydrate""? 1. Global warming might trigger the release of methane gas from these deposits. 2. Large deposits of ""methane hydrate"" are found in Arctic Tundra and under the seafloor. 3. Methane in atmosphere oxidizes to carbon dioxide after a decade or two. Select the correct answer using the code given below.",""
"UPSC_2019_GS1_Q35","2019","Environment","mcq_standard","","","medium","static","elimination","","","","conceptual","","","Carbon Sequestration","Consider the following: 1. Carbon monoxide 2. Methane 3. Ozone 4. Sulphur dioxide Which of the above are released into atmosphere due to the burning of crop/biomass residue?",""
"UPSC_2019_GS1_Q4","2019","History","statement_based","","","hard","static","elimination","","","","conceptual","","","Modern India Timeline","Consider the following statements about the Charter Act of 1813: 1. It ended the trade monopoly of the East India Company in India except for trade in tea and trade with China. 2. It asserted the sovereignty of the British Crown over the Indian territories held by the Company. 3. The revenues of India were now controlled by the British Parliament. Which of the statements given above are correct?",""
"UPSC_2019_GS1_Q46","2019","Polity","statement_based","","","hard","static","elimination","","","","conceptual","","","","Consider the following statements: 1. The motion to impeach a Judge of the Supreme Court of India cannot be rejected by the Speaker of the Lok Sabha as per the Judges (Inquiry) Act, 1968. 2. The Constitution of India defines and gives details of what constitutes ""incapacity and proved misbehaviour"" of the Judges of the Supreme Court of India. 3. The details of the process of impeachment of the Judges of the Supreme Court of India are given in the Judges (Inquiry) Act, 1968. 4. If the motion for the impeachment of a Judge is taken up for voting, the law requires the motion to be backed by each House of the Parliament and supported by a majority of total membership of that House and by not less than two-thirds of total members of that House present and voting. Which of the statements given above is/are correct?",""
"UPSC_2019_GS1_Q47","2019","Polity","mcq_standard","","","medium","static","elimination","","","","conceptual","","","","The Ninth Schedule was introduced in the Constitution of India during the prime ministership of",""
"UPSC_2019_GS1_Q52","2019","Polity","mcq_standard","","","medium","static","elimination","","","","factual","","","Constitutional Bodies; Election Commission; Emergency Provisions","With reference to the Constitution of India, prohibitions or limitations or provisions contained in ordinary laws cannot act as prohibitions or limitations on the constitutional powers under Article 142. It could mean which one of the following?",""
"UPSC_2019_GS1_Q55","2019","Polity","mcq_standard","","","medium","static","elimination","","","","conceptual","","","","Which Article of the Constitution of India safeguards one's right to marry the person of one's choice?",""
"UPSC_2019_GS1_Q72","2019","Economy","mcq_standard","","","medium","dynamic","elimination","","","","conceptual","","","Fiscal Policy; Financial Inclusion","What was the purpose of Inter-Creditor Agreement signed by Indian banks and financial institutions recently?",""
"UPSC_2019_GS1_Q8","2019","Geography","mcq_standard","","","medium","static","tone","","","","conceptual","","","","In which of the following relief sculptures inscriptions is ""Ranyo Ashoka"" (King Ashoka) mentioned along with the stone portrait of Ashoka?",""
"UPSC_2019_GS1_Q84","2019","Geography","mcq_standard","","","medium","dynamic","elimination","","","","conceptual","","","","Among the agricultural commodities imported by India, which one accounts for the highest imports in terms of value in the last five years?",""
"UPSC_2019_GS1_Q89","2019","Science & Technology","mcq_standard","","","medium","static","elimination","","","","conceptual","","","Nuclear Technology","India signed the ""Action Plan for Prioritization and Implementation of Cooperation Areas in the Nuclear Field"" with which country?",""
"UPSC_2019_GS1_Q93","2019","Environment","mcq_standard","","","medium","dynamic","elimination","","","","conceptual","","","Invasive Species","With reference to recent developments in science, which is not correct?",""
"UPSC_2020_CSAT_Q23","2020","Economy","mcq_standard","","","medium","static","assumption","","","","conceptual","","","Capital Markets","With reference to the above passage, the following assumptions have been made: Lower tax rates in a country invariably translate into greater investments in higher education. Investment in the education of children ensures their economic freedom. Economic freedom has a positive impact on building up human capital. Which of the above assumptions is/are valid?",""
"UPSC_2020_CSAT_Q26","2020","Economy","mcq_standard","","","medium","static","assumption","","","","conceptual","","","Agriculture Economics; Employment & Poverty","With reference to the above passage, the following assumptions have been made: Structural and rural transformation is impossible when farms are mainly small and marginal. A good price incentive can trigger investments in agriculture. India needs to build value chains for high-value agri-products like livestock and horticulture. Higher global prices of agricultural commodities are essential for Indias poverty reduction. Which of the above assumptions are valid?",""
"UPSC_2020_CSAT_Q27","2020","Economy","mcq_standard","","","medium","static","elimination","","","","factual","","","Agriculture Economics; Employment & Poverty","Which one of the following statements best reflects the critical message of the passage?",""
"UPSC_2020_GS1_Q15","2020","Polity","mcq_standard","","","medium","static","elimination","","","","factual","","","Federalism; Fiscal Federalism; Parliamentary Procedures","In the context of India, which one of the following is the characteristic appropriate for bureaucracy?",""
"UPSC_2020_GS1_Q18","2020","Polity","statement_correct","","","medium","static","elimination","","","","elimination","","","Directive Principles; Emergency Provisions","With reference to the provisions contained in Part IV of the Constitution of India, which of the following statements is/are correct? 1. They shall be enforceable by courts. 2. They shall not be enforceable by any court. 3. The principles laid down in this part are to influence the making of laws by the State. Select the correct answer using the code given below:",""
"UPSC_2020_GS1_Q20","2020","Polity","statement_based","","","hard","dynamic","elimination","","","","conceptual","","","","Consider the following statements: 1. The President of India can summon a session of the Parliament at such place as he/she thinks fit. 2. The Constitution of India provides for three sessions of the Parliament in a year, but it is not mandatory to conduct all three sessions. 3. There is no minimum number of days that the Parliament is required to meet in a year. Which of the statements given above is/are correct?",""
"UPSC_2020_GS1_Q26","2020","History","statement_based","","","hard","static","elimination","","","","conceptual","","","Freedom Struggle; Colonial Administration","With reference to the book ""Desher Katha"" written by Sakharam Ganesh Deuskar during the freedom struggle, consider the following statements: 1. It warned against the Colonial State's hypnotic conquest of the mind. 2. It inspired the performance of swadeshi street plays and folk songs. 3. The use of ""desh"" by Deuskar was in the specific context of the region of Bengal. Which of the statements given above are correct?",""
"UPSC_2020_GS1_Q30","2020","Current Affairs","mcq_standard","","","medium","static","elimination","","","","conceptual","","","","Who among the following rulers advised his subjects through this inscription? ""Whosoever praises his religious sect or blames other sects out of excessive devotion to his own sect, with the view of glorifying his own sect, he rather injures his own sect very severely.""",""
"UPSC_2020_GS1_Q31","2020","History","mcq_standard","","","medium","static","elimination","","","","factual","","","Medieval Kingdoms; Modern India Timeline","Which one of the following is the correct description of the term ""paramita""?",""
"UPSC_2020_GS1_Q35","2020","History","mcq_standard","","","medium","static","elimination","","","","conceptual","","","Economic History; Modern India Timeline","With reference to the history of India, ""Ulgulan"" or the Great Tumult is the description of which of the following events?",""
"UPSC_2020_GS1_Q36","2020","History","statement_based","","","hard","static","elimination","","","","conceptual","","","Ancient Polities; Modern India Timeline","With reference to the scholars/literatures of ancient India, consider the following statements: 1. Panini is associated with Pushyamitra Shunga. 2. Amarasimha is associated with Harshavardhana. 3. Kalidasa is associated with Chandra Gupta II. Which of the statements given above is/are correct?",""
"UPSC_2020_GS1_Q41","2020","Environment","statement_based","","","hard","static","elimination","","","","conceptual","","","Carbon Sequestration","With reference to carbon nanotubes, consider the following statements: 1. They can be used as carriers of drugs and antigens in the human body. 2. They can be made into artificial blood capillaries for an injured part of human body. 3. They can be used in biochemical sensors. 4. Carbon nanotubes are biodegradable. Which of the statements given above are correct?",""
"UPSC_2020_GS1_Q43","2020","Science & Technology","mcq_standard","","","medium","static","elimination","","","","conceptual","","","Space Missions","""The experiment will employ a trio of spacecraft flying in formation in the shape of an equilateral triangle that has sides one million kilometres long, with lasers shining between the craft."" The experiment in question refers to",""
"UPSC_2020_GS1_Q44","2020","Science & Technology","statement_based","","","hard","static","elimination","","","","conceptual","","","","Consider the following statements: 1. Genetic changes can be introduced in the cells that produce eggs or sperms of a prospective parent. 2. A person's genome can be edited before birth at the early embryonic stage. 3. Human induced pluripotent stem cells can be injected into the embryo of a pig. Which of the statements given above is/are correct?",""
"UPSC_2020_GS1_Q66","2020","Geography","mcq_standard","","","medium","dynamic","elimination","","","","elimination","","","","Under the Kisan Credit Card scheme, short-term credit support is given to farmers for which of the following purposes? 1. Working capital for maintenance of farm assets 2. Purchase of combine harvesters, tractors and mini trucks 3. Consumption requirements of farm households 4. Post-harvest expenses 5. Construction of family house and setting up of village cold storage facility Select the correct answer using the code given below:",""
"UPSC_2020_GS1_Q67","2020","Economy","statement_based","","","hard","dynamic","elimination","","","","conceptual","","","Inflation Targeting; Monetary Policy; Fiscal Policy","Consider the following statements: 1. The weighted average of food in Consumer Price Index (CPI) is higher than that in Wholesale Price Index (WPI). 2. The WPI does not capture changes in the prices of services, which CPI does. 3. Reserve Bank of India has now adopted WPI as its key measure of inflation and to decide on changing the key policy rates. Which of the statements given above is/are correct?",""
"UPSC_2020_GS1_Q68","2020","Geography","pair_match","","","medium","static","elimination","","","","conceptual","","","Indian Monsoon; River Systems; Ocean Currents","Consider the following pairs: River - Flows into 1. Mekong - Andaman Sea 2. Thames - Irish Sea 3. Volga - Caspian Sea 4. Zambezi - Indian Ocean Which of the pairs given above is/are correctly matched?",""
"UPSC_2020_GS1_Q73","2020","Environment","mcq_standard","","","medium","static","elimination","","","","elimination","","","Protected Areas; Wildlife Protection","Which of the following Protected Areas are located in Cauvery basin? 1. Nagarhole National Park 2. Papikonda National Park 3. Sathyamangalam Tiger Reserve 4. Wayanad Wildlife Sanctuary Select the correct answer using the code given below:",""
"UPSC_2020_GS1_Q8","2020","Polity","mcq_standard","","","medium","static","elimination","","","","elimination","","","Fundamental Rights; Directive Principles; Emergency Provisions","Other than the Fundamental Rights, which of the following parts of the Constitution of India reflect/reflects the principles and provisions of the Universal Declaration of Human Rights (1948)? 1. Preamble 2. Directive Principles of State Policy 3. Fundamental Duties Select the correct answer using the code given below:",""
"UPSC_2020_GS1_Q81","2020","Environment","mcq_standard","","","medium","static","elimination","","","","conceptual","","","Wildlife Protection; Invasive Species","If a particular plant species is placed under Schedule VI of The Wildlife Protection Act, 1972, what is the implication?",""
"UPSC_2021_CSAT_Q10","2021","Environment","mcq_standard","","","medium","static","elimination","","","","factual","","","Climate Change; Wildlife Protection; Invasive Species","A Statement followed by Conclusion-I and Conclusion-II is given below. You have to take the Statement to be true even if it seems to be at variance from the commonly known facts. Statement: Some radios are mobiles. All mobiles are computers. Some computers are watches. Conclusion-I: Certainly some radios are watches. Conclusion-II: Certainly some mobiles are watches. Which one of the following is correct?",""
"UPSC_2021_CSAT_Q11","2021","Environment","mcq_standard","","","medium","static","assumption","","","","conceptual","","","Biodiversity Conservation; Pollution Control; Invasive Species","On the basis of the passage given above, the following assumptions have been made: Fig trees can often be keystone species in natural forests. Fig trees can grow where other large woody species cannot grow. Sacred trees can have a role in biodiversity conservation. Fig trees have a role in the seed dispersal of other tree species. Which of the above assumptions is/are valid?",""
"UPSC_2021_CSAT_Q18","2021","Economy","mcq_standard","","","medium","static","elimination","","","","conceptual","","","","A bank employee drives 10 km towards South from her house and turns to her left and drives another 20 km. She again turns left and drives 40 km, then she turns to her right and drives for another 5 km. She again turns to her right and drives another 30 km to reach her bank where she works. What is the shortest distance between her bank and her house?",""
"UPSC_2021_CSAT_Q20","2021","Geography","mcq_standard","","","medium","static","elimination","","","","conceptual","","","Urban Geography","A woman runs 12 km towards her North, then 6 km towards her South and then 8 km towards her East. In which direction is she from her starting point?",""
"UPSC_2021_CSAT_Q32","2021","Current Affairs","mcq_standard","","","medium","static","inference","","","","conceptual","","","","Which among the following is the most logical and rational inference that can be made from the passage given above?",""
"UPSC_2021_CSAT_Q71","2021","Science & Technology","mcq_standard","","","medium","static","elimination","","","","factual","","","Space Missions","Which one of the following statements best sums up the passage given above?",""
"UPSC_2021_GS1_Q1","2021","Economy","statement_based","","","hard","static","elimination","","","","conceptual","","","","Consider the following statements: 1. The Governor of the Reserve Bank of India (RBI) is appointed by the Central Government. 2. Certain provisions in the Constitution of India give the Central Government the right to issue directions to the RBI in public interest. 3. The Governor of the RBI draws his power from the RBI Act. Which of the above statements are correct?",""
"UPSC_2021_GS1_Q14","2021","Economy","statement_based","","","hard","static","elimination","","","","conceptual","","","External Sector","With reference to 'WaterCredit', consider the following statements: 1. It puts microfinance tools to work in the water and sanitation sector. 2. It is a global initiative launched under the aegis of the World Health Organization and the World Bank. 3. It aims to enable the poor people to meet their water needs without depending on subsidies. Which of the statements given above are correct?",""
"UPSC_2021_GS1_Q25","2021","Polity","mcq_standard","","","medium","static","elimination","","","","elimination","","","","Magnetite particles, suspected to cause neurodegenerative problems, are generated as environmental pollutants from which of the following? 1. Brakes of motor vehicles 2. Engines of motor vehicles 3. Microwave stoves within homes 4. Power plants 5. Telephone lines Select the correct answer using the code given below.",""
"UPSC_2021_GS1_Q32","2021","History","mcq_standard","","","medium","static","elimination","","","","factual","","","Ancient Polities","Which one of the following ancient towns is well-known for its elaborate system of water harvesting and management by building a series of dams and channelizing water into connected reservoirs?",""
"UPSC_2021_GS1_Q40","2021","History","statement_correct","","","medium","static","elimination","","","","elimination","","","Ancient Polities; Economic History; Modern India Timeline","With reference to the history of ancient India, which of the following statements is/are correct? 1. Mitakshara was the civil law for upper castes and Dayabhaga was the civil law for lower castes. 2. In the Mitakshara system, the sons can claim right to the property during the lifetime of the father, whereas in the Dayabhaga system, it is only after the death of the father that the sons can claim right to the property. 3. The Mitakshara system deals with the matters related to the property held by male members only of a family, whereas the Dayabhaga system deals with the matters related to the property held by both male and female members of a family. Select the correct answer using the code given below.",""
"UPSC_2021_GS1_Q44","2021","History","mcq_standard","","","medium","static","elimination","","","","conceptual","","","Ancient Polities; Religious Movements; Modern India Timeline","Who among the following is associated with 'Songs from Prison', a translation of ancient Indian religious lyrics in English?",""
"UPSC_2021_GS1_Q46","2021","Current Affairs","mcq_standard","","","medium","static","elimination","","","","conceptual","","","","Who among the following was associated as Secretary with Hindu Female School which later came to be known as Bethune Female School?",""
"UPSC_2021_GS1_Q49","2021","History","mcq_standard","","","medium","static","elimination","","","","factual","","","","Which one of the following statements is correct?",""
"UPSC_2021_GS1_Q5","2021","Polity","statement_based","","","hard","static","elimination","","","","conceptual","","","Local Self-Government","With reference to Urban Cooperative Banks in India, consider the following statements: 1. They are supervised and regulated by local boards set up by the State Governments. 2. They can issue equity shares and preference shares. 3. They were brought under the purview of the Banking Regulation Act, 1949 through an Amendment in 1966. Which of the statements given above is/are correct?",""
"UPSC_2021_GS1_Q63","2021","Geography","statement_based","","","hard","static","elimination","","","","conceptual","","","","Consider the following statements: 1. Moringa (drumstick tree) is a leguminous evergreen tree. 2. Tamarind tree is endemic to South Asia. 3. In India, most of the tamarind is collected as minor forest produce. 4. India exports tamarind and seeds of moringa. 5. Seeds of moringa and tamarind can be used in the production of biofuels. Which of the statements given above are correct?",""
"UPSC_2021_GS1_Q7","2021","Economy","mcq_standard","","","medium","static","elimination","","","","conceptual","","","External Sector","Consider the following: 1. Foreign currency convertible bonds 2. Foreign institutional investment with certain conditions 3. Global depository receipts 4. Non-resident external deposits Which of the above can be included in Foreign Direct Investments?",""
"UPSC_2021_GS1_Q80","2021","Polity","statement_based","","","hard","static","elimination","","","","conceptual","","","Election Commission","Consider the following statements: 1. In India, there is no law restricting the candidate from contesting in one Lok Sabha election from three constituencies. 2. In 1991 Lok Sabha Election, Shri Devi Lal contested from three Lok Sabha constituencies. 3. As per the existing rules, if a candidate contests in one Lok Sabha election from many constituencies, his/her party should bear the cost of bye-elections to the constituencies vacated by him/her in the event of him/her winning in all the constituencies. Which of the statements given above is/are correct?",""
"UPSC_2021_GS1_Q84","2021","Environment","mcq_standard","","","medium","static","elimination","","","","conceptual","","","Climate Change","At the national level, which ministry is the nodal agency to ensure effective implementation of the Scheduled Tribes and Other Traditional Forest Dwellers (Recognition of Forest Rights) Act, 2006?",""
"UPSC_2021_GS1_Q93","2021","Polity","mcq_standard","","","medium","static","elimination","","","","conceptual","","","Constitutional Bodies","What was the exact constitutional status of India on 26th January, 1950?",""
"UPSC_2022_GS1_Q13","2022","Polity","statement_based","","","hard","static","elimination","","","","conceptual","","","","Consider the following statements: 1. A bill amending the Constitution requires a prior recommendation of the President of India. 2. When a Constitution Amendment Bill is presented to the President of India, it is obligatory for the President of India to give his/her assent. 3. A Constitution Amendment Bill must be passed by both Lok Sabha and the Rajya Sabha by a special majority and there is no provision for joint sitting. Which of the statements given above are correct?",""
"UPSC_2022_GS1_Q15","2022","Polity","mcq_standard","","","medium","static","elimination","","","","elimination","","","Emergency Provisions","Which of the following is/are the exclusive power(s) of Lok Sabha? 1. To ratify the declaration of Emergency 2. To pass a motion of no-confidence against the Council of Ministers 3. To impeach the President of India Select the correct answer using the code given below:",""
"UPSC_2022_GS1_Q19","2022","Geography","statement_based","","","hard","dynamic","elimination","","","","conceptual","","","","With reference to Ayushman Bharat Digital Mission, consider the following statements: 1. Private and public hospitals must adopt it. 2. As it aims to achieve universal health coverage, every citizen of India should be part of it ultimately. 3. It has seamless portability across the country. Which of the statements given above is/are correct?",""
"UPSC_2022_GS1_Q20","2022","Polity","statement_based","","","hard","static","elimination","","","","conceptual","","","Parliamentary Procedures; Election Commission","With reference to Deputy Speaker of Lok Sabha, consider the following statements: 1. As per the Rules of Procedure and Conduct of Business in Lok Sabha, the election of Deputy Speaker shall be held on such date as the Speaker may fix. 2. There is a mandatory provision that the election of a candidate as Deputy Speaker of Lok Sabha shall be from either the principal opposition party or the ruling party. 3. The Deputy Speaker has the same power as of the Speaker when presiding over the sitting of the House and no appeal lies against his rulings. 4. The well established parliamentary practice regarding the appointment of Deputy Speaker is that the motion is moved by the Speaker and duly seconded by the Prime Minister. Which of the statements given above are correct?",""
"UPSC_2022_GS1_Q25","2022","Geography","pair_match","","","medium","static","elimination","","","","conceptual","","","","Consider the following pairs: Peak - Mountains 1. Nanda Barwa - Garhwal Himalaya 2. Nanda Devi - Kumaon Himalayas 3. Nokrek - Sikkim Himalaya Which of the pairs given above is/are correctly matched?",""
"UPSC_2022_GS1_Q39","2022","Science & Technology","statement_based","","","hard","static","elimination","","","","conceptual","","","","In the context of vaccines manufactured to prevent COVID-19 pandemic, consider the following statements: 1. The Serum Institute of India produced COVID-19 vaccine named Covishield using mRNA platform. 2. Sputnik V vaccine is manufactured using vector based platform. 3. COVAXIN is an inactivated pathogen based vaccine. Which of the statements given above are correct?",""
"UPSC_2022_GS1_Q40","2022","Economy","mcq_standard","","","medium","static","elimination","","","","elimination","","","","If a major solar storm (solar flare) reaches the Earth, which of the following are the possible effects on the Earth? 1. GPS and navigation systems could fail. 2. Tsunamis could occur at equatorial regions. 3. Power grids could be damaged. 4. Intense auroras could occur over much of the Earth. 5. Forest fires could take place over much of the planet. 6. Orbits of the satellites could be disturbed. 7. Shortwave radio communication of the aircraft flying over polar regions could be interrupted. Select the correct answer using the code given below:",""
"UPSC_2022_GS1_Q44","2022","Environment","statement_based","","","hard","dynamic","elimination","","","","conceptual","","","Pollution Control","In the context of WHO Air Quality Guidelines, consider the following statements: 1. The 24-hour mean of PM2.5 should not exceed 15 ug/m3 and annual mean of PM10 should not exceed 5 ug/m3. 2. In a year, the highest levels of ozone pollution occur during the periods of inclement weather. 3. PM10 can penetrate the lung barrier and enter the bloodstream. 4. Excessive ozone in the air can trigger asthma. Which of the statements given above are correct?",""
"UPSC_2022_GS1_Q45","2022","Environment","statement_based","","","hard","static","elimination","","","","conceptual","","","Protected Areas","With reference to 'Gucchi' sometimes mentioned in the news, consider the following statements: 1. It is a fungus. 2. It grows in some Himalayan forest areas. 3. It is commercially cultivated in the Himalayan foothills of north-eastern India. Which of the statements given above is/are correct?",""
"UPSC_2022_GS1_Q52","2022","History","mcq_standard","","","medium","static","elimination","","","","conceptual","","","Medieval Kingdoms; Modern India Timeline","In medieval India, the term 'Fanam' referred to:",""
"UPSC_2022_GS1_Q53","2022","Current Affairs","mcq_standard","","","medium","static","elimination","","","","conceptual","","","","Consider the following freedom fighters: 1. Barindra Kumar Ghosh 2. Jogesh Chandra Chatterjee 3. Rash Behari Bose Who of the above was/were actively associated with the Ghadar Party?",""
"UPSC_2022_GS1_Q55","2022","History","mcq_standard","","","medium","static","elimination","","","","conceptual","","","Economic History; Modern India Timeline","With reference to Indian history, consider the following texts: 1. Nettipakarana 2. Parishishtaparvan 3. Avadanasataka 4. Trishashtilakshana Mahapurana Which of the above are Jaina texts?",""
"UPSC_2022_GS1_Q59","2022","History","statement_based","","","hard","static","elimination","","","","conceptual","","","Economic History; Modern India Timeline","With reference to Indian history, consider the following statements: 1. The Dutch established their factories/warehouses on the east coast on lands granted to them by Gajapati rulers. 2. Alfonso de Albuquerque captured Goa from the Bijapur Sultanate. 3. The English East India Company established a factory at Madras on a plot of land leased from a representative of the Vijayanagara empire. Which of the statements given above are correct?",""
"UPSC_2022_GS1_Q61","2022","Economy","statement_based","","","hard","static","elimination","","","","conceptual","","","Monetary Policy; Fiscal Policy; Capital Markets","Consider the following statements: 1. Tight monetary policy of US Federal Reserve could lead to capital flight. 2. Capital flight may increase the interest cost of firms with existing External Commercial Borrowings (ECBs). 3. Devaluation of domestic currency decreases the currency risk associated with ECBs. Which of the statements given above are correct?",""
"UPSC_2022_GS1_Q63","2022","Economy","statement_based","","","hard","static","elimination","","","","conceptual","","","","Consider the following statements: 1. In India, credit rating agencies are regulated by Reserve Bank of India. 2. The rating agency popularly known as ICRA is a public limited company. 3. Brickwork Ratings is an Indian credit rating agency. Which of the statements given above are correct?",""
"UPSC_2022_GS1_Q7","2022","Economy","mcq_standard","","","medium","static","elimination","","","","elimination","","","External Sector","Which of the following activities constitute real sector in the economy? 1. Farmers harvesting their crops 2. Textile mills converting raw cotton into fabrics 3. A commercial bank lending money to a trading company 4. A corporate body issuing Rupee Denominated Bonds overseas Select the correct answer using the code given below:",""
"UPSC_2022_GS1_Q82","2022","Current Affairs","statement_based","","","hard","static","elimination","","","","conceptual","","","","Consider the following statements: 1. Bidibidi is a large refugee settlement in north-western Kenya. 2. Some people who fled from South Sudan civil war live in Bidibidi. 3. Some people who fled from civil war in Somalia live in Dadaab refugee complex in Kenya. Which of the statements given above are correct?",""
"UPSC_2022_GS1_Q89","2022","Environment","statement_based","","","hard","static","elimination","","","","conceptual","","","Protected Areas; Wildlife Protection","With reference to Indian laws about wildlife protection, consider the following statements: 1. Wild animals are the sole property of the government. 2. When a wild animal is declared protected, such animal is entitled for equal protection whether it is found in protected areas or outside. 3. Apprehension of a protected wild animal becoming a danger to human life is sufficient ground for its capture or killing. Which of the statements given above is/are correct?",""
"UPSC_2022_GS1_Q92","2022","History","pair_match","","","medium","static","elimination","","","","conceptual","","","","Consider the following pairs: King - Dynasty 1. Nannuka - Chandela 2. Jayashakti - Paramara 3. Nagabhata II - Gurjara-Pratihara 4. Bhoja - Rashtrakuta How many pairs given above are correctly matched?",""
"UPSC_2022_GS1_Q96","2022","Polity","statement_correct","","","medium","dynamic","elimination","","","","elimination","","","","The Prime Minister recently inaugurated the new Circuit House near Somnath Temple at Veraval. Which of the following statements are correct regarding Somnath Temple? 1. Somnath Temple is one of the Jyotirlinga shrines. 2. A description of Somnath Temple was given by Al-Biruni. 3. Pran Pratishtha of Somnath Temple (installation of the present day temple) was done by President S. Radhakrishnan. Select the correct answer using the code given below:",""
"UPSC_2023_CSAT_Q21","2023","Economy","mcq_standard","","","medium","static","inference","","","","factual","","","Financial Inclusion; Capital Markets; External Sector","Which one of the following statements best reflects the most logical and rational implication conveyed by the passage?",""
"UPSC_2023_GS1_Q10","2023","Economy","statement_based","","","hard","static","elimination","","","","conceptual","","","","With reference to India?s projects on connectivity, consider the following statements: East-West Corridor under Golden Quadrilateral Project connects Dibrugarh and Surat. Trilateral Highway connects Moreh in Manipur and Chiang Mai in Thailand via Myanmar. Bangladesh-China-India-Myanmar Economic Corridor connects Varanasi in Uttar Pradesh with Kunming in China. How many of the above statements are correct?",""
"UPSC_2023_GS1_Q14","2023","Environment","mcq_standard","","","medium","static","elimination","","","","conceptual","","","","Consider the following fauna: Lion-tailed Macaque Malabar Civet Sambar Deer How many of the above are generally nocturnal or most active after sunset?",""
"UPSC_2023_GS1_Q15","2023","Economy","mcq_standard","","","medium","static","elimination","","","","conceptual","","","","Which of the following organisms perform waggle dance for others of their kin to indicate the direction and the distance to a source of their food?",""
"UPSC_2023_GS1_Q16","2023","Polity","statement_based","","","hard","static","elimination","","","","conceptual","","","","Consider the following statements: Some mushrooms have medicinal properties. Some mushrooms have psychoactive properties. Some mushrooms have insecticidal properties. Some mushrooms have bioluminescent properties. How many of the above statements are correct?",""
"UPSC_2023_GS1_Q20","2023","Environment","mcq_standard","","","medium","static","elimination","","","","conceptual","","","Carbon Sequestration","Consider the following: Aerosols Foam agents Fire retardants Lubricants In the making of how many of the above are hydrofluorocarbons used?",""
"UPSC_2023_GS1_Q30","2023","Geography","mcq_standard","","","medium","static","elimination","","","","conceptual","","","","Consider the following infrastructure sectors: Affordable housing Mass rapid transport Health care Renewable energy On how many of the above does UNOPS Sustainable Investments in Infrastructure and Innovation (S3i) initiative focus for its investments?",""
"UPSC_2023_GS1_Q33","2023","Polity","mcq_standard","","","medium","static","elimination","","","","factual","","","","Which one of the following statements best reflects the Chief purpose of the ?Constitution? of a country?",""
"UPSC_2023_GS1_Q36","2023","Polity","statement_based","","","hard","static","elimination","","","","conceptual","","","Election Commission","Consider the following statements: If the election of the President of India is declared void by the Supreme Court of India, all acts done by him/her in the performance of duties of his/her office of President before the date of decision become invalid. Election for the post of the President of India can be postponed on the ground that some Legislative Assemblies have been dissolved and elections are yet to take place. When a Bill is presented to the President of India, the Constitution prescribes time limits within which he/she has to declare his/her assent. How many of the above statements are correct?",""
"UPSC_2023_GS1_Q38","2023","Environment","statement_based","","","hard","static","elimination","","","","conceptual","","","Wildlife Protection","Consider the following statements: Once the Central Government notifies an area as a ?Community Reserve? the Chief Wildlife Warden of the State becomes the governing authority of such forest hunting is not allowed in such area people of such area are allowed to collect non-timber forest produce people of such area are allowed traditional agricultural practices How many of the above statements are correct?",""
"UPSC_2023_GS1_Q41","2023","History","mcq_standard","","","medium","static","elimination","","","","factual","","","","In which one of the following regions was Dhanyakataka, which flourished as a prominent Buddhist centre under the Mahasanghikas, located?",""
"UPSC_2023_GS1_Q48","2023","History","mcq_standard","","","medium","static","elimination","","","","conceptual","","","","Who among the following rulers of Vijayanagara Empire constructed a large dam across Tungabhadra River and a canal-cum-aqueduct several kilometres long from the river to the capital city?",""
"UPSC_2023_GS1_Q50","2023","History","mcq_standard","","","medium","static","elimination","","","","factual","","","Modern India Timeline","By which one of the following Acts was the Governor General of Bengal designated as the Governor General of India?",""
"UPSC_2023_GS1_Q69","2023","Science & Technology","mcq_standard","","","medium","static","elimination","","","","factual","","","","?Aerial metagenomics? best refers to which one of the following situations?",""
"UPSC_2023_GS1_Q70","2023","Science & Technology","mcq_standard","","","medium","static","elimination","","","","factual","","","","?Microsatellite DNA? is used in the case of which one of the following?",""
"UPSC_2023_GS1_Q77","2023","Polity","statement_based","","","hard","static","elimination","","","","conceptual","","","","Consider the following statements: According to the Constitution of India, the Central Government has a duty to protect States from internal disturbances. The Constitution of India exempts the States from providing legal counsel to a person being held for preventive detention. According to the Prevention of Terrorism Act, 2002, confession of the accused before the police cannot be used as evidence. How many of the above statements are correct?",""
"UPSC_2023_GS1_Q89","2023","Economy","statement_based","","","hard","static","elimination","","","","conceptual","","","","Consider the following statements: The ?Stability and Growth Pact? of the European Union is a treaty that limits the levels of the budgetary deficit of the countries of the European Union makes the countries of the European Union to share their infrastructure facilities enables the countries of the European Union to share their technologies How many of the above statements are correct?",""
"UPSC_2023_GS1_Q9","2023","Geography","statement_based","","","hard","static","elimination","","","","conceptual","","","","Consider the following statements: Amarkantak Hills are at the confluence of Vindhya and Sahyadri Ranges. Biligirirangan Hills constitute the easternmost part of Satpura Range. Seshachalam Hills constitute the southernmost part of Western Ghats. How many of the statements given above are correct?",""
"UPSC_2023_GS1_Q90","2023","Current Affairs","statement_based","","","hard","dynamic","elimination","","","","conceptual","","","International Organizations; Global Summits","Consider the following statements: Recently, all the countries of the United Nations have adopted the first-ever compact for international migration, the ?Global Compact for Safe, Orderly and Regular Migration (GCM)?. The objectives and commitments stated in the GCM are binding on the UN member countries. The GCM addresses internal migration or internally displaced people also in its objectives and commitments. How many of the above statements are correct?",""
"UPSC_2023_GS1_Q99","2023","Environment","mcq_standard","","","medium","static","elimination","","","","conceptual","","","Carbon Sequestration","Consider the following heavy industries: Fertilizer plants Oil refineries Steel plants Green hydrogen is expected to play a significant role in decarbonizing how many of the above industries?",""
"UPSC_2024_CSAT_Q1","2024","Environment","statement_correct","","","medium","dynamic","inference","","","","elimination","","","Carbon Sequestration","Which of the following statements best reflect the most logical and rational inferences that can be made from the passage? The current methods of food distribution are solely responsible for the loss and wastage of food. Land productivity is adversely affected by the prevailing trend of food loss and wastage. Reduction in the loss and wastage of food results in lesser carbon footprint. Post-harvest technologies to prevent or reduce the loss and wastage of food are not available. Select the correct answer using the code given below.",""
"UPSC_2024_CSAT_Q62","2024","Economy","mcq_standard","","","medium","static","inference","","","","factual","","","Capital Markets; External Sector","Which one of the following statements best reflects the most logical, rational and practical message implied by the passage?",""
"UPSC_2024_GS1_Q11","2024","Geography","mcq_standard","","","medium","dynamic","elimination","","","","conceptual","","","","Consider the following airports: 1. Donyi Polo Airport 2. Kushinagar International Airport 3. Vijayawada International Airport In the recent past, which of the above have been constructed as Greenfield projects?",""
"UPSC_2024_GS1_Q13","2024","Geography","mcq_standard","","","medium","dynamic","elimination","","","","conceptual","","","","Consider the following description: 1. Annual and daily range of temperatures is low. 2. Precipitation occurs throughout the year. 3. Precipitation varies between 50 cm - 250 cm. What is this type of climate?",""
"UPSC_2024_GS1_Q18","2024","Environment","mcq_standard","","","medium","static","elimination","","","","conceptual","","","Invasive Species","Consider the following: 1. Carabid beetles 2. Centipedes 3. Flies 4. Termites 5. Wasps Parasitoid species are found in how many of the above kinds of organisms?",""
"UPSC_2024_GS1_Q24","2024","Current Affairs","statement_based","","","hard","dynamic","elimination","","","","conceptual","","","Global Summits","Consider the following statements regarding World Toilet Organization: 1. It is one of the agencies of the United Nations. 2. World Toilet Summit, World Toilet Day and World Toilet College are the initiatives of this organization, to inspire action to tackle the global sanitation crisis. 3. The main focus of its function is to grant funds to the least developed countries and developing countries to achieve the end of open defecation. Which of the statements given above is/are correct?",""
"UPSC_2024_GS1_Q29","2024","Environment","mcq_standard","","","medium","static","elimination","","","","conceptual","","","Invasive Species","Consider the following: 1. Butterflies 2. Fish 3. Frog How many of the above have poisonous species among them?",""
"UPSC_2024_GS1_Q39","2024","Science & Technology","mcq_standard","","","medium","static","elimination","","","","conceptual","","","Energy Technologies","'Membrane Bioreactors' are often discussed in the context of:",""
"UPSC_2024_GS1_Q44","2024","Economy","mcq_standard","","","medium","static","elimination","","","","conceptual","","","Financial Inclusion","Consider the following: 1. Exchange-Traded Funds (ETF) 2. Motor vehicles 3. Currency swap Which of the above is/are considered financial instruments?",""
"UPSC_2024_GS1_Q48","2024","Current Affairs","mcq_standard","","","medium","static","elimination","","","","factual","","","","Which one of the following words/phrases is most appropriately used to denote 'an interoperable network of 3D virtual worlds that can be accessed simultaneously by millions of users, who can exert property rights over virtual items'?",""
"UPSC_2024_GS1_Q53","2024","Economy","statement_based","","","hard","static","elimination","","","","conceptual","","","Inflation Targeting; Monetary Policy; Fiscal Policy","Consider the following statements in respect of the digital rupee: 1. It is a sovereign currency issued by the Reserve Bank of India (RBI) in alignment with its monetary policy. 2. It appears as a liability on the RBI's balance sheet. 3. It is insured against inflation by its very design. 4. It is freely convertible against commercial bank money and cash. Which of the statements given above are correct?",""
"UPSC_2024_GS1_Q54","2024","History","mcq_standard","","","medium","static","elimination","","","","elimination","","","Ancient Polities; Modern India Timeline","With reference to ancient India, Gautama Buddha was generally known by which of the following epithets? 1. Nayaputta 2. Shakyamuni 3. Tathagata Select the correct answer using the code given below:",""
"UPSC_2024_GS1_Q56","2024","History","mcq_standard","","","medium","dynamic","elimination","","","","conceptual","","","Medieval Kingdoms; Modern India Timeline","Who of the following rulers of medieval India gave permission to the Portuguese to build a fort at Bhatkal?",""
"UPSC_2024_GS1_Q6","2024","Geography","mcq_standard","","","medium","static","elimination","","","","factual","","","River Systems","With reference to the Himalayan rivers joining the Ganga downstream of Prayagraj from West to East, which one of the following sequences is correct?",""
"UPSC_2024_GS1_Q61","2024","History","mcq_standard","","","medium","static","elimination","","","","conceptual","","","","Who was the Provisional President of the Constituent Assembly before Dr. Rajendra Prasad took over?",""
"UPSC_2024_GS1_Q70","2024","Polity","mcq_standard","","","medium","static","elimination","","","","elimination","","","","The North Eastern Council (NEC) was established by the North Eastern Council Act, 1971. Subsequent to the amendment of NEC Act in 2002, the Council comprises which of the following members? 1. Governor of the Constituent State 2. Chief Minister of the Constituent State 3. Three Members to be nominated by the President of India 4. The Home Minister of India Select the correct answer using the code given below:",""
"UPSC_2024_GS1_Q74","2024","Polity","statement_correct","","","medium","static","elimination","","","","conceptual","","","Emergency Provisions","Which of the following statements are correct about the Constitution of India? 1. Powers of the Municipalities are given in Part IX A of the Constitution. 2. Emergency provisions are given in Part XVIII of the Constitution. 3. Provisions related to the amendment of the Constitution are given in Part XX of the Constitution. Select the answer using the code given below:",""
"UPSC_2024_GS1_Q76","2024","Polity","mcq_standard","","","medium","static","elimination","","","","conceptual","","","","Under which of the following Articles of the Constitution of India, has the Supreme Court of India placed the Right to Privacy?",""
"UPSC_2024_GS1_Q93","2024","Polity","statement_based","","","hard","static","elimination","","","","conceptual","","","","With reference to the Speaker of the Lok Sabha, consider the following statements: While any resolution for the removal of the Speaker of the Lok Sabha is under consideration 1. He/She shall not preside. 2. He/She shall not have the right to speak. 3. He/She shall not be entitled to vote on the resolution in the first instance. Which of the statements given above is/are correct?",""
"UPSC_2024_GS1_Q98","2024","Polity","statement_based","","","hard","dynamic","elimination","","","","conceptual","","","Fundamental Rights; Local Self-Government","With reference to the Digital India Land Records Modernisation Programme, consider the following statements: 1. To implement the scheme, the Central Government provides 100% funding. 2. Under the Scheme, Cadastral Maps are digitized. 3. An initiative has been undertaken to transliterate the Records of Rights from local language to any of the languages recognized by the Constitution of India. Which of the statements given above are correct?",""
"UPSC_2025_CSAT_Q41","2025","Environment","mcq_standard","","","medium","static","elimination","","","","factual","","","Carbon Sequestration","Which one of the following statements best reflects the central idea conveyed by the passage?",""
"UPSC_2025_CSAT_Q55","2025","Current Affairs","mcq_standard","","","medium","static","elimination","","","","elimination","","","","P is the brother of Q and R. S is Rs mother. T is Ps father. How many of the following statements are definitely true? I. S and T are a couple. II. Q is Ts son. III. T is Qs father. IV. S is Ps mother. V. R is Ts daughter. VI. P is Ss son. Select the correct answer using the code given below:",""
"UPSC_2025_CSAT_Q71","2025","Economy","mcq_standard","","","medium","static","inference","","","","factual","","","Inflation Targeting","Which one of the following statements best reflects the most logical, rational and crucial message conveyed by the passage?",""
"UPSC_2025_CSAT_Q72","2025","Geography","mcq_standard","","","medium","static","elimination","","","","factual","","","","Which one of the following statements best reflects the crux of the passage?",""
"UPSC_2025_GS1_Q100","2025","Current Affairs","statement_based","","","hard","dynamic","elimination","","","","conceptual","","","","Consider the following statements: I. In the finals of the 45th Chess Olympiad held in 2024, Gukesh Dommaraju became the world's youngest winner after defeating the Russian player Ian Nepomniachtchi. II. Abhimanyu Mishra, an American chess player, holds the record of becoming world's youngest ever Grandmaster. Which of the statements given above is/are correct?",""
"UPSC_2025_GS1_Q14","2025","History","mcq_standard","","","medium","static","elimination","","","","conceptual","","","Ancient Polities; Modern India Timeline","Who among the following rulers in ancient India had assumed the titles 'Mattavilasa', 'Vichitrachitta' and 'Gunabhara'?",""
"UPSC_2025_GS1_Q17","2025","History","pair_match","","","medium","static","elimination","","","","conceptual","","","Ancient Polities; Modern India Timeline","With reference to ancient India (600-322 BC), consider the following pairs: Territorial region - River flowing in the region I. Asmaka - Godavari II. Kamboja - Vipas III. Avanti - Mahanadi IV. Kosala - Sarayu How many of the pairs given above are correctly matched?",""
"UPSC_2025_GS1_Q2","2025","Economy","mcq_standard","","","medium","static","elimination","","","","elimination","","","","Which of the following are the sources of income for the Reserve Bank of India? I. Buying and selling Government bonds II. Buying and selling foreign currency III. Pension fund management IV. Lending to private companies V. Printing and distributing currency notes Select the correct answer using the code given below.",""
"UPSC_2025_GS1_Q23","2025","Geography","mcq_standard","","","medium","static","elimination","","","","conceptual","","","","Consider the following water bodies: I. Lake Tanganyika II. Lake Tonle Sap III. Patos Lagoon Through how many of them does the equator pass?",""
"UPSC_2025_GS1_Q29","2025","Economy","statement_based","","","hard","static","elimination","","","","conceptual","","","","Consider the following statements: I. Without the atmosphere, temperature would be well below freezing point everywhere on the Earth's surface. II. Heat absorbed and trapped by the atmosphere maintains our planet's average temperature. III. Atmosphere's gases, like carbon dioxide, are particularly good at absorbing and trapping radiation. Which of the statements given above are correct?",""
"UPSC_2025_GS1_Q36","2025","Environment","statement_correct","","","medium","static","elimination","","","","elimination","","","Carbon Sequestration","With reference to 'Direct Air Capture', an emerging technology, which of the following statements is/are correct? I. It can be used as a way of carbon sequestration. II. It can be a valuable approach for plastic production and in food processing. III. In aviation, it can be a source of carbon for combining with hydrogen to create synthetic low-carbon fuel. Select the correct answer using the code given below.",""
"UPSC_2025_GS1_Q40","2025","Environment","statement_based","","","hard","static","elimination","","","","conceptual","","","","With reference to the planet Earth, consider the following statements: I. Rain forests produce more oxygen than that produced by oceans. II. Marine phytoplankton and photosynthetic bacteria produce about 50% of world's oxygen. III. Well-oxygenated surface water contains several folds higher oxygen than that in atmospheric air. Which of the statements given above is/are correct?",""
"UPSC_2025_GS1_Q56","2025","Polity","statement_based","","","hard","static","elimination","","","","conceptual","","","Local Self-Government","Consider the following statements: With reference to the Constitution of India, if an area in a State is declared as Scheduled Area under the Fifth Schedule I.the State Government loses its executive power in such areas and a local body assumes total administration II.the Union Government can take over the total administration of such areas under certain circumstances on the recommendations of the Governor Which of the statements given above is/are correct?",""
"UPSC_2025_GS1_Q59","2025","Polity","statement_based","","","hard","static","elimination","","","","conceptual","","","","With reference to the Indian polity, consider the following statements: I. The Governor of a State is not answerable to any court for the exercise and performance of the powers and duties of his/her office. II. No criminal proceedings shall be instituted or continued against the Governor during his/her term of office. III. Members of a State Legislature are not liable to any proceedings in any court in respect of anything said within the House. Which of the statements given above are correct?",""
"UPSC_2025_GS1_Q6","2025","Polity","statement_based","","","hard","dynamic","elimination","","","","conceptual","","","","Consider the following statements: I. India has joined the Minerals Security Partnership as a member. II. India is a resource-rich country in all the 30 critical minerals that it has identified. III. The Parliament in 2023 has amended the Mines and Minerals (Development and Regulation) Act, 1957 empowering the Central Government to exclusively auction mining lease and composite licence for certain critical minerals. Which of the statements given above are correct?",""
"UPSC_2025_GS1_Q64","2025","Geography","statement_correct","","","medium","dynamic","elimination","","","","elimination","","","","The World Bank warned that India could become one of the first places where wet-bulb temperatures routinely exceed 35 C. Which of the following statements best reflect(s) the implication of the above-said report? I. Peninsular India will most likely suffer from flooding, tropical cyclones and droughts. II. The survival of animals including humans will be affected as shedding of their body heat through perspiration becomes difficult. Select the correct answer using the code given below.",""
"UPSC_2025_GS1_Q69","2025","Economy","mcq_standard","","","medium","static","elimination","","","","conceptual","","","","Consider the following countries: I. United Arab Emirates II. France III. Germany IV. Singapore V. Bangladesh How many countries amongst the above are there other than India where international merchant payments are accepted under UPI?",""
"UPSC_2025_GS1_Q83","2025","Geography","mcq_standard","","","medium","dynamic","elimination","","","","conceptual","","","","Consider the following space missions: I. Axiom-4 II. SpaDeX III. Gaganyaan How many of the space missions given above encourage and support microgravity research?",""
"UPSC_2025_GS1_Q97","2025","Current Affairs","statement_based","","","hard","dynamic","elimination","","","","conceptual","","","Global Summits; Security & Defence","Consider the following statements with regard to BRICS: I. 16th BRICS Summit was held under the Chairship of Russia in Kazan. II. Indonesia has become a full member of BRICS. III. The theme of the 16th BRICS Summit was 'Strengthening Multiculturalism for Just Global Development and Security'. Which of the statements given above is/are correct?",""
"UPSC_2025_GS1_Q98","2025","Polity","statement_based","","","hard","dynamic","elimination","","","","conceptual","","","","Consider the following statements about Lokpal: I. The power of Lokpal applies to public servants of India, but not to the Indian public servants posted outside India. II. The Chairperson or a Member shall not be a Member of the Parliament or a Member of the Legislature of any State or Union Territory, and only the Chief Justice of India, whether incumbent or retired, has to be its Chairperson. III. The Chairperson or a Member shall not be a person of less than forty-five years of age on the date of assuming office as the Chairperson or Member, as the case may be. IV. Lokpal cannot inquire into the allegations of corruption against a sitting Prime Minister of India. Which of the statements given above is/are correct?",""
"UPSC_2017_CSAT_Q1","2017","Aptitude","mcq_standard","Inference","medium","static","medium","static","elimination","CSAT_2017_P1","","","","Climate Change & Resource Conflicts","Resource Scarcity; Environmental Conflict; Water Conflicts","","What does the above passage imply?"
"UPSC_2017_CSAT_Q11","2017","Aptitude","mcq_standard","","medium","static","medium","static","elimination","","","","","Calendar Problems","Weekday Counting; Calendar Arithmetic","","If second and fourth Saturdays and all the Sundays are taken as only holidays for an office, what would be the minimum number of possible working days of any month of any year?"
"UPSC_2017_CSAT_Q12","2017","Aptitude","mcq_standard","","medium","static","medium","static","elimination","","","","","Exponential Decay","Population Decline; Geometric Progression","","If there is a policy that 1/3rd of a population of a community has migrated every year from one place to some other place, what is the leftover population of that community after the sixth year, if there is no further growth in the population during this period?"
"UPSC_2017_CSAT_Q13","2017","Aptitude","mcq_standard","Elimination","medium","static","medium","static","elimination","CSAT_2017_SET_1","","","","Scheduling and Sequencing","Logic Games; Ordering Constraints","","Four tests???Physics, Chemistry, Mathematics and Biology???are to be conducted on four consecutive days, not necessarily in the same order. Physics test is held before the test which is conducted after Biology Chemistry is conducted exactly after two tests are held Which is the last test held?"
"UPSC_2017_CSAT_Q14","2017","Aptitude","mcq_standard","Elimination","medium","static","medium","static","elimination","CSAT_2017_SET_1","","","","Linear Equations and Inequalities","Income Comparison; Algebraic Reasoning","","The sum of income of A and B is more than that of C and D taken together. The sum of income of A and C is the same as that of B and D taken together. Moreover, A earns half as much as the sum of the income of B and D. Whose income is the highest?"
"UPSC_2017_CSAT_Q15","2017","Aptitude","mcq_standard","Inference","medium","static","medium","static","elimination","CSAT_2017_SET_2","","","","Statement and Conclusion","Logical Inference; Conclusions","","Statement: Good voice is a natural gift but one has to keep practising to improve and excel well in the field of music. Conclusions: I. Natural gifts need nurturing and care. II. Even though ones voice is not good, one can keep practising."
"UPSC_2017_CSAT_Q16","2017","Aptitude","mcq_standard","","medium","static","medium","static","elimination","","","","","Time & Work (Slippage)","Arithmetic Progression; Rates","","Three pillars X, Y and Z of different heights. Spiders A, B and C climb: A: +6 cm, slips 1 cm ??? net 5 cm B: +7 cm, slips 3 cm ??? net 4 cm C: +6.5 cm, slips 2 cm ??? net 4.5 cm Each takes 40 chances to reach top. Find height of shortest pillar."
"UPSC_2017_CSAT_Q17","2017","Aptitude","mcq_standard","Elimination","medium","static","medium","static","elimination","","","","","Concept of Rights","Political Theory; Citizen Rights","","???Rights are certain advantageous conditions of social well-being indispensable to the true development of the citizen.??? Correct understanding:"
"UPSC_2017_CSAT_Q18","2017","Aptitude","mcq_standard","","medium","static","medium","static","elimination","","","","","Ranking","Ordering; Relative Position","","15 students failed in a class of 52. Merit list after removing failures ??? Ramesh is 22nd from top. What is his position from bottom?"
"UPSC_2017_CSAT_Q19","2017","Aptitude","mcq_standard","Elimination","medium","static","medium","static","elimination","CSAT_2017_SET_1","","","","Blood Relations (Symbolic)","Relation Symbols; Family Tree","","A + B ??? A is son of B A ??? B ??? A is wife of B Expression: P + R ??? Q"
"UPSC_2017_CSAT_Q2","2017","Aptitude","mcq_standard","Main Idea","medium","static","medium","static","elimination","CSAT_2017_P2","","","","Decision-Making & Perseverance","Resolution; Perseverance; Indecision","","The keynote that seems to be emerging from the passage is that:"
"UPSC_2017_CSAT_Q21","2017","Aptitude","mcq_standard","Main Idea","medium","static","medium","static","elimination","CSAT_2017_P9","","","","National Integration & Civic Responsibility","Communalism; Citizenship Duties; Social Cohesion","","The challenge the author of the above passage throws to the public is to achieve"
"UPSC_2017_CSAT_Q22","2017","Aptitude","mcq_standard","Main Idea","medium","static","medium","static","elimination","CSAT_2017_P10","","","","Social Contract & General Will","Rousseau; Popular Sovereignty","","In the light of the above passage, the nature of General Will is best described as"
"UPSC_2017_CSAT_Q23","2017","Aptitude","mcq_standard","Inference","medium","static","medium","static","elimination","CSAT_2017_P11","","","","Democratic Legitimacy","Sovereignty; Democratic Legitimacy","","What does the above passage imply?"
"UPSC_2017_CSAT_Q24","2017","Aptitude","mcq_standard","Main Idea","medium","static","medium","static","elimination","CSAT_2017_P12","","","","Civic Participation & Voting Duty","Political Participation; Electoral Responsibility","","This passage relates to"
"UPSC_2017_CSAT_Q25","2017","Aptitude","mcq_standard","Inference","medium","static","medium","static","elimination","CSAT_2017_P13","","","","Leadership & Political Legitimacy","Democratic Leadership; Dictatorship","","The passage seems to suggest that"
"UPSC_2017_CSAT_Q26","2017","Aptitude","mcq_standard","Assumption","medium","static","medium","static","assumption","CSAT_2017_P14","","","","Leisure and Human Progress","Creativity; Technological Progress","","With reference to the above passage, the following assumptions have been made: People always see leisure time as a gift and use it for acquiring more material possessions. Use of leisure by some people to produce new and original things has been the chief source of human progress. Which of these assumptions is/are valid?"
"UPSC_2017_CSAT_Q27","2017","Aptitude","mcq_standard","Assumption","medium","static","medium","static","assumption","CSAT_2017_P15","","","","Historical Lessons for Leadership","Military History; Leadership Traits","","With reference to the above passage, the following assumptions have been made: A study of the famous battles of history would help us understand the modern warfare. Studying the history is essential for anyone who aspires to be a leader. Which of these assumptions is/are valid?"
"UPSC_2017_CSAT_Q28","2017","Aptitude","mcq_standard","","medium","static","medium","static","elimination","","","","","Averages","Weighted Average; Mean Calculation","","Suppose the average weight of 9 persons is 50 kg. The average weight of the first 5 persons is 45 kg, whereas the average weight of the last 5 persons is 55 kg. Then the weight of the 5th person will be"
"UPSC_2017_CSAT_Q29","2017","Aptitude","mcq_standard","Elimination","medium","static","medium","static","elimination","CSAT_2017_SET_1","","","","Grouping & Selection","Logic Games; Set Constraints","","In a group of six women, there are four tennis players, four postgraduates in Sociology, one postgraduate in Commerce and three bank employees. Vimala and Kamala are the bank employees while Amala and Komala are unemployed. Komala and Nirmala are among the tennis players. Amala, Kamala, Komala and Nirmala are postgraduates in Sociology of whom two are bank employees. If Shyamala is a postgraduate in Commerce, who among the following is both a tennis player and a bank employee?"
"UPSC_2017_CSAT_Q30","2017","Aptitude","mcq_standard","","medium","static","medium","static","","","","","","Percentage-Based Comparison","Weighted Average; Inequalities","","Q30. P = (40% of A) + (65% of B) and Q = (50% of A) + (50% of B), where A is greater than B.  In this context, which of the following statements is correct? (a) P is greater than Q (b) Q is greater than P (c) P is equal to Q (d) None of the above can be concluded with certainty"
"UPSC_2017_CSAT_Q31","2017","Aptitude","mcq_standard","","medium","static","medium","static","","","","","","Clock Gain/Loss","Clock Error; Time Difference","","Q31. A watch loses 2 minutes in every 24 hours while another watch gains 2 minutes in every 24 hours. At a particular instant, the two watches showed an identical time. Which of the following statements is correct if 24-hour clock is followed? (a) The two watches show the identical time again on completion of 30 days. (b) The two watches show the identical time again on completion of 90 days. (c) The two watches show the identical time again on completion of 120 days. (d) None of the above statements is correct."
"UPSC_2017_CSAT_Q32","2017","Aptitude","mcq_standard","","medium","static","medium","static","","","","","","Percentage Distribution","Household Income Distribution; Percentage Calculation","","Q32. In a city, 12% of households earn less than ?30,000 per year, 6% households earn more than ?2,00,000 per year, 22% households earn more than ?1,00,000 per year and 990 households earn between ?30,000 and ?1,00,000 per year. How many households earn between ?1,00,000 and ?2,00,000 per year? (a) 250 (b) 240 (c) 230 (d) 225"
"UPSC_2017_CSAT_Q33","2017","Aptitude","mcq_standard","","medium","static","medium","static","","","","","","Clock Striking","Arithmetic Progression; Time Measurement","","Q33. A clock strikes once at 1 o'clock, twice at 2 o'clock and thrice at 3 o'clock, and so on. If it takes 12 seconds to strike at 5 o'clock, what is the time taken by it to strike at 10 o'clock? (a) 20 seconds (b) 24 seconds (c) 28 seconds (d) 30 seconds"
"UPSC_2017_CSAT_Q34","2017","Aptitude","mcq_standard","Elimination","medium","static","medium","static","","CSAT_2017_SET_3","","","","Statement & Conclusion","Logical Validity; Conclusions","","Q34. Consider the given statement and the two conclusions that follow:  Statement: Morning walk is good for health.  Conclusions:  All healthy people go for morning walk.  Morning walk is essential for maintaining good health.  What is/are the valid conclusion/s? (a) 1 only (b) 2 only (c) Both 1 and 2 (d) Neither 1 nor 2"
"UPSC_2017_CSAT_Q35","2017","Aptitude","mcq_standard","","medium","static","medium","static","","","","","","Averages","Arithmetic Progression; Mean of Consecutive Numbers","","Q35. There are thirteen 2-digit consecutive odd numbers. If 39 is the mean of the first five such numbers, then what is the mean of all the thirteen numbers? (a) 47 (b) 49 (c) 51 (d) 45"
"UPSC_2017_CSAT_Q36","2017","Aptitude","mcq_standard","","medium","static","medium","static","","","","","","Net Transactions","Conservation of Quantity; Net Change","","Q36. Six boys A, B, C, D, E and F play a game of cards. Each has a pack of 10 cards. F borrows 2 cards from A and gives away 5 to C who in turn gives 3 to B while B gives 6 to D who passes on 1 to E. Then the number of cards possessed by D and E is equal to the number of cards possessed by (a) A, B and C (b) B, C and F (c) A, B and F (d) A, C and F"
"UPSC_2017_CSAT_Q37","2017","Aptitude","mcq_standard","","medium","static","medium","static","","","","","","Mixtures & Alligation","Ratio; Replacement","","Q37. There is a milk sample with 50% water in it. If 1/3rd of this milk is added to equal amount of pure milk, then water in the new mixture will fall down to (a) 25% (b) 30% (c) 35% (d) 40%"
"UPSC_2017_CSAT_Q38","2017","Aptitude","mcq_standard","","medium","static","medium","static","","","","","","Combinatorics (Counting Rectangles)","Combinatorics; Geometry","","Q38. There are 4 horizontal and 4 vertical lines, parallel and equidistant to one another on a board. What is the maximum number of rectangles and squares that can be formed? (a) 16 (b) 24 (c) 36 (d) 42"
"UPSC_2017_CSAT_Q39","2017","Aptitude","mcq_standard","","medium","static","medium","static","","","","","","Relative Speed","Time-Distance; Overtaking","","Q39. A freight train left Delhi for Mumbai at an average speed of 40 km/hr. Two hours later, an express train left Delhi for Mumbai, following the freight train on a parallel track at an average speed of 60 km/hr. How far from Delhi would the express train meet the freight train? (a) 480 km (b) 260 km (c) 240 km (d) 120 km"
"UPSC_2017_CSAT_Q40","2017","Aptitude","mcq_standard","Elimination","medium","static","medium","static","","CSAT_2017_SET_4","","","","Ranking & Inequalities","Comparative Statements; Order","","Q40. In a test, Randhir obtained more marks than the total marks obtained by Kunal and Debu. The total marks obtained by Kunal and Shankar are more than those of Randhir. Sonal obtained more marks than Shankar. Neha obtained more marks than Randhir. Who amongst them obtained highest marks? (a) Randhir (b) Neha (c) Sonal (d) Data are inadequate  Directions for the following 8 (eight) items: Read the following seven passages and answer the items that follow the passages. Your answers should be based on the passages only.  Passage-1  Disruption of traditional institutions, identifications and loyalties is likely to lead to ambivalent situations. It is possible that some people may renew their identification with traditional groups whereas others align themselves with new groups and symbols emergent from processes of political development. In addition, political development tends to foster group awareness of a variety of class, tribe, region, clan, language, religion, occupation and others."
"UPSC_2017_CSAT_Q41","2017","Aptitude","mcq_standard","Main Idea","medium","static","medium","static","","CSAT_2017_P17","","","","Political Development & Group Identity","Traditional vs Modern Identities; Social Cleavages","","Q41. Which one of the following is the best explanation of the above passage? (a) Political development is not a unilinear process for it involves both growth and decay. (b) Traditional societies succeed in resisting positive aspects of political development. (c) It is impossible for traditional societies to break away from lingering loyalties. (d) Sustenance of traditional loyalties is conducive to political development.  Passage-2  There has been a significant trend worldwide towards regionalism in government, resulting in a widespread transfer of powers downwards towards regions and communities since 1990s. This process, which involves the creation of new political entities and bodies at a sub-national level and an increase in their content and powers, is known as devolution. Devolution has been characterized as being made up of three factors-political legitimacy, decentralization of authority and decentralization of resources. Political legitimacy here means a mass demand from below for the decentralization process, which is able to create a political force for it to take place. In many cases, decentralization is initiated by the upper tier of government without sufficient political mobilization for it at the grassroots level, and in such cases the decentralization process often does not fulfil its objectives."
"UPSC_2017_CSAT_Q42","2017","Aptitude","mcq_standard","Inference","medium","static","medium","static","","CSAT_2017_P18","","","","Devolution & Decentralization","Political Legitimacy; Grassroots Participation","","Q42. Which among the following is the most logical, rational and critical inference that can be made from the above passage? (a) Emergence of powerful mass leaders is essential to create sub-national political entities and thus ensure successful devolution and decentralization. (b) The upper tier of government should impose devolution and decentralization on the regional communities by law or otherwise. (c) Devolution, to be successful, requires a democracy in which there is free expression of the will of the people at lower level and their active participation at the grassroots level. (d) For devolution to take place, a strong feeling of regionalism in the masses is essential.  Passage-3  We live in digital times. The digital is not just something we use strategically and specifically to do a few tasks. Our very perception of who we are, how we connect to the world around us, and the ways in which we define our domains of life, labour and language are hugely structured by the digital technologies. The digital is everywhere and, like air, invisible. We live within digital systems, we live with intimate gadgets, we interact through digital media, and the very presence and imagination of the digital has dramatically restructured our lives. The digital, far from being a tool, is a condition and context that defines the shapes and boundaries of our understanding of the self, the society, and the structure of governance."
"UPSC_2017_CSAT_Q43","2017","Aptitude","mcq_standard","Main Idea","medium","static","medium","static","","CSAT_2017_P19","","","","Digital Society & Governance","Digital Technologies; Social Transformation","","Q43. Which among the following is the most logical and essential message conveyed by the above passage? (a) All problems of governance can be solved by using digital technologies. (b) Speaking of digital technologies is speaking of our life and living. (c) Our creativity and imagination cannot be expressed without digital media. (d) Use of digital systems is imperative for the existence of mankind in future.  Passage-4  The IMF has pointed out that the fast growing economies of Asia face the risk of falling into 'middle-income trap'. It means that average incomes in these countries, which till now have been growing rapidly, will stop growing beyond a point-a point that is well short of incomes in the developed West. The IMF identifies a number of causes of middle-income trap-none of which is surprising-from infrastructure to weak institutions, to less than favourable macroeconomic conditions. But the broad, overall cause, says IMF, is a collapse in the growth of productivity."
"UPSC_2017_CSAT_Q44","2017","Aptitude","mcq_standard","Inference","medium","static","medium","static","","CSAT_2017_P20","","","","Middle-Income Trap","Productivity Growth; Economic Development","","Q44. Which among the following is the most logical, rational and critical inference that can be made from the above passage? (a) Once a country reaches middle-income stage, it runs the risk of falling productivity which leads to stagnant incomes. (b) Falling into middle-income trap is a general characteristic of fast growing economies. (c) There is no hope at all for emerging Asian economies to sustain the growth momentum. (d) As regards growth of productivity, the performance of Asian economies is not satisfactory.  Passage-5  An innovative India will be inclusive as well as technologically advanced, improving the lives of all Indians. Innovation and R&D can mitigate increases in social inequality and relieve the pressures created by rapid urbanization. The growing divergence in productivity between agriculture and knowledge-intensive manufacturing and services threatens to increase income inequality. By encouraging India's R&D labs and universities to focus on the needs of poor people and by improving the ability of informal firms to absorb knowledge, an innovation and research agenda can counter this effect. Inclusive innovation can lower the costs of goods and services and create income-earning opportunities for the poor people."
"UPSC_2017_CSAT_Q45","2017","Aptitude","mcq_standard","Assumption","medium","static","medium","static","","CSAT_2017_P21","","","","Inclusive Innovation & Inequality","R&D Policy; Income Inequality","","Q45. Which among the following is the most logical and rational assumption that can be made from the above passage? (a) Innovation and R&D is the only way to reduce rural to urban migration. (b) Every rapidly growing country needs to minimize the divergence between productivity in agriculture and other sectors. (c) Inclusive innovation and R&D can help create an egalitarian society. (d) Rapid urbanization takes place only when a country's economic growth is rapid.  Passage-6  Climate change is likely to expose a large number of people to increasing environmental risks forcing them to migrate. The international community is yet to recognize this new category of migrants. There is no consensus on the definition and status of climate refugees owing to the distinct meaning the term refugees carry under international laws. There are still gaps in understanding how climate change will work as the root cause of migration. Even if there is recognition of climate refugees, who is going to provide protection? More emphasis has been given to international migration due to climate change. But there is a need to recognize the migration of such people within the countries also so that their problems can be addressed properly."
"UPSC_2017_CSAT_Q46","2017","Aptitude","mcq_standard","Inference","medium","static","medium","static","","CSAT_2017_P22","","","","Climate Change & Migration","Climate Refugees; Environmental Risk","","Q46. Which of the following is the most rational inference from the above passage? (a) The world will not be able to cope with large-scale migration of climate refugees. (b) We must find the ways and means to stop further climate change. (c) Climate change will be the most important reason for the migration of people in the future. (d) Relation between climate change and migration is not yet properly understood.  Passage-7  Many farmers use synthetic pesticides to kill infesting insects. The consumption of pesticides in some of the developed countries is touching 3000 grams/hectare. Unfortunately, there are reports that these compounds possess inherent toxicities that endanger the health of the farm operators, consumers and the environment. Synthetic pesticides are generally persistent in environment. Entering in food chain they destroy the microbial diversity and cause ecological imbalance. Their indiscriminate use has resulted in development of resistance among insects to insecticides, upsetting balance in nature and resurgence of treated populations. Natural pest control using botanical pesticides is safer to the user and the environment because they break down into harmless compounds within hours or days in the presence of sunlight. Plants with pesticidal properties have been in nature for millions of years without any ill or adverse effects on the ecosystem. They are easily decomposed by many microbes common in most soils. They help in the maintenance of biological diversity of predators and the reduction of environmental contamination and human health hazards. Botanical pesticides formulated from plants are biodegradable and their use in crop protection is a practical sustainable alternative."
"UPSC_2017_CSAT_Q47","2017","Aptitude","mcq_standard","Assumption","medium","static","medium","static","","CSAT_2017_P23","","","","Botanical Pesticides & Sustainable Agriculture","Synthetic Pesticides; Ecological Balance","","Q47. On the basis of the above passage, the following assumptions have been made:  Synthetic pesticides should never be used in modern agriculture.  One of the aims of sustainable agriculture is to ensure minimal ecological imbalance.  Botanical pesticides are more effective as compared to synthetic pesticides.  Which of the assumptions given above is/are correct? (a) 1 and 2 only (b) 2 only (c) 1 and 3 only (d) 1, 2 and 3"
"UPSC_2017_CSAT_Q49","2017","Aptitude","mcq_standard","","medium","static","medium","static","","","","","","Divisibility & Number Properties","Reversal of Digits; Number Theory","","Q49. Certain 3-digit numbers have the following characteristics:  All the three digits are different.  The number is divisible by 7.  The number on reversing the digits is also divisible by 7.  How many such 3-digit numbers are there? (a) 2 (b) 4 (c) 6 (d) 8"
"UPSC_2017_CSAT_Q50","2017","Aptitude","mcq_standard","Elimination","medium","static","medium","static","","CSAT_2017_SET_3","","","","Logical Statements","Syllogism; Valid Conclusions","","Q50. Examine the following statements:  All colours are pleasant.  Some colours are pleasant.  No colour is pleasant.  Some colours are not pleasant.  Given that statement 4 is true, what can be definitely concluded? (a) 1 and 2 are true. (b) 3 is true. (c) 2 is false. (d) 1 is false."
"UPSC_2017_GS1_Q1","2017","Polity","statement_correct","","medium","static","medium","static","","","","factual","","Parliamentary Procedure","Private Member Bill; Parliament","","1.  With reference to the Parliament of India, consider the following statements :  A private member's bill is a bill presented by a Member of Parliament who is not elected but only nominated by the President of India.  Recently, a private member's bill has been passed in the Parliament of India for the first time in its history.  Which of the statements given above is/are correct? (a) 1 only (b) 2 only (c) Both 1 and 2 (d) Neither 1 nor 2"
"UPSC_2017_GS1_Q2","2017","History","statement_correct","","medium","static","medium","static","","","","factual","","Vedic Civilization","Indus Valley Civilization; Cultural Differences","","2.  With reference to the difference between the culture of Rigvedic Aryans and Indus Valley people, which of the following statements is/are correct?  Rigvedic Aryans used the coat of mail and helmet in warfare whereas the people of Indus Valley Civilization did not leave any evidence of using them.  Rigvedic Aryans knew gold, silver and copper whereas Indus Valley people knew only copper and iron.  Rigvedic Aryans had domesticated the horse whereas there is no evidence of Indus Valley people having been aware of this animal.  Select the correct answer using the code given below : (a) 1 only (b) 2 and 3 only (c) 1 and 3 only (d) 1, 2 and 3"
"UPSC_2017_GS1_Q3","2017","Economy","mcq_standard","","medium","dynamic","medium","dynamic","","","","factual","","Skill Development Programs","Recognition of Prior Learning; National Skill Development","","3.  'Recognition of Prior Learning Scheme' is sometimes mentioned in the news with reference to  (a) Certifying the skills acquired by construction workers through traditional channels (b) Enrolling the persons in Universities for distance learning programmes. (c) Reserving some skilled jobs to rural and urban poor in some public sector undertakings. (d) Certifying the skills acquired by trainees under the National Skill Development Programme."
"UPSC_2017_GS1_Q4","2017","Environment","mcq_standard","","medium","static","medium","static","","","","factual","","Wildlife Corridors","Sathyamangalam Tiger Reserve; Western & Eastern Ghats","","4.  From the ecological point of view, which one of the following assumes importance in being a good link between the Eastern Ghats and the Western Ghats?  (a) Sathyamangalam Tiger Reserve (b) Nallamala Forest (c) Nagarhole National Park (d) Seshachalam Biosphere Reserve"
"UPSC_2017_GS1_Q5","2017","Polity","mcq_standard","","medium","static","medium","static","","","","conceptual","","Concept of Equality","Social Justice; Privileges","","5.  One of the implications of equality in society is the absence of  (a) Privileges (b) Restraints (c) Competition (d) Ideology"
"UPSC_2017_GS1_Q6","2017","Environment","statement_correct","","medium","static","medium","static","","","","factual","","Wildlife Trade Monitoring (TRAFFIC)","UNEP; Wildlife Conservation","","6.  Consider the following statements in respect of Trade Related Analysis of Fauna and Flora in Commerce (TRAFFIC) :  TRAFFIC is a bureau under United Nations Environment Programme (UNEP).  The mission of TRAFFIC is to ensure that trade in wild plants and animals is not a threat to the conservation of nature.  Which of the above statements is/are correct ? (a) 1 only (b) 2 only (c) Both 1 and 2 (d) Neither 1 nor 2"
"UPSC_2017_GS1_Q7","2017","Polity","mcq_standard","","medium","static","medium","static","","","","factual","","Directive Principles Amendments","42nd Amendment; Workers' Participation","","7.  Which principle among the following was added to the Directive Principles of State Policy by the 42nd Amendment to the Constitution ?  (a) Equal pay for equal work for both men and women (b) Participation of workers in the management of industries (c) Right to work, education and public assistance (d) Securing living wage and human conditions of work to workers"
"UPSC_2017_GS1_Q8","2017","Polity","mcq_standard","","medium","static","medium","static","","","","conceptual","","Concept of Rights","State vs Citizen Rights","","8.  Which one of the following statements is correct ?  (a) Rights are claims of the State against the citizens. (b) Rights are privileges which are incorporated in the Constitution of a State. (c) Rights are claims of the citizens against the State. (d) Rights are privileges of a few citizens against the many."
"UPSC_2017_GS1_Q9","2017","Economy","mcq_standard","","medium","dynamic","medium","dynamic","","","","factual","","Global Indices","Global Gender Gap Index; World Economic Forum","","9.  Which of the following gives 'Global Gender Gap Index' ranking to the countries of the world ?  (a) World Economic Forum (b) UN Human Rights Council (c) UN Women (d) World Health Organization"
"UPSC_2017_GS1_Q10","2017","Science & Technology","statement_correct","","medium","dynamic","medium","dynamic","","","","factual","","Innovation Programs","Smart India Hackathon; Digital Innovation","","10.  Which of the following statements is/are correct regarding Smart India Hackathon 2017 ?  It is a centrally sponsored scheme for developing every city of our country into Smart Cities in a decade.  It is an initiative to identify new digital technology innovations for solving the many problems faced by our country.  It is a programme aimed at making all the financial transactions in our country completely digital in a decade.  Select the correct answer using the code given below : (a) 1 and 3 only (b) 2 only (c) 3 only (d) 2 and 3 only"
"UPSC_2017_GS1_Q12","2017","Culture","statement_correct","","medium","static","medium","static","","","","factual","","Traditional Performing Arts","Manipuri Sankirtana; Krishna Bhakti","","12.  With reference to Manipuri Sankirtana, consider the following statements :  It is a song and dance performance.  Cymbals are the only musical instruments used in the performance.  It is performed to narrate the life and deeds of Lord Krishna.  Which of the statements given above is/are correct ? (a) 1, 2 and 3 (b) 1 and 3 only (c) 2 and 3 only (d) 1 only"
"UPSC_2017_GS1_Q14","2017","Environment","statement_correct","","medium","static","medium","static","","","","conceptual","","Bioremediation","Biodegradation; Genetic Engineering","","14.  In the context of solving pollution problems, what is/are the advantage/advantages of bioremediation technique ?  It is a technique for cleaning up pollution by enhancing the same biodegradation process that occurs in nature.  Any contaminant with heavy metals such as cadmium and lead can be readily and completely treated by bioremediation using microorganisms.  Genetic engineering can be used to create microorganisms specifically designed for bioremediation.  Select the correct answer using the code given below : (a) 1 only (b) 2 and 3 only (c) 1 and 3 only (d) 1, 2 and 3"
"UPSC_2017_GS1_Q15","2017","History","mcq_standard","","medium","static","medium","static","","","","factual","","Industrial Relations Legislation","Trade Disputes Act 1929; Strikes","","15.  The Trade Disputes Act of 1929 provided for  (a) the participation of workers in the management of industries. (b) arbitrary powers to the management to quell industrial disputes. (c) an intervention by the British Court in the event of a trade dispute. (d) a system of tribunals and a ban on strikes."
"UPSC_2017_GS1_Q16","2017","Polity","mcq_standard","","medium","static","medium","static","","","","conceptual","","Democratic Decentralization","Local Self-Government","","16.  Local self-government can be best explained as an exercise in  (a) Federalism (b) Democratic decentralisation (c) Administrative delegation (d) Direct democracy"
"UPSC_2017_GS1_Q17","2017","Polity","statement_correct","","medium","static","medium","static","","","","conceptual","","Directive Principles (Nature)","Legislative vs Executive Functions","","17.  Consider the following statements :  With reference to the Constitution of India, the Directive Principles of State Policy constitute limitations upon  legislative function.  executive function.  Which of the above statements is/are correct ? (a) 1 only (b) 2 only (c) Both 1 and 2 (d) Neither 1 nor 2"
"UPSC_2017_GS1_Q18","2017","Economy","mcq_standard","","medium","dynamic","medium","dynamic","","","","factual","","Digital Single Market Strategy","European Union","","18.  The term 'Digital Single Market Strategy' seen in the news refers to  (a) ASEAN (b) BRICS (c) EU (d) G20"
"UPSC_2017_GS1_Q19","2017","Geography","mcq_standard","","medium","static","medium","static","","","","factual","","Tidal Phenomena","Chandipur; Tides","","19.  At one of the places in India, if you stand on the seashore and watch the sea, you will find that the sea water recedes from the shore line a few kilometres and comes back to the shore twice a day, and you can actually walk on the sea floor when the water recedes. This unique phenomenon is seen at  (a) Bhavnagar (b) Bheemunipatnam (c) Chandipur (d) Nagapattinam"
"UPSC_2017_GS1_Q20","2017","Polity","statement_correct","","medium","dynamic","medium","dynamic","","","","factual","","Benami Property Law","PBPT Act; Confiscation","","20.  With reference to the 'Prohibition of Benami Property Transactions Act, 1988 (PBPT Act)', consider the following statements :  A property transaction is not treated as a benami transaction if the owner of the property is not aware of the transaction.  Properties held benami are liable for confiscation by the Government.  The Act provides for three authorities for investigations but does not provide for any appellate mechanism.  Which of the statements given above is/are correct ? (a) 1 only (b) 2 only (c) 1 and 3 only (d) 2 and 3 only"
"UPSC_2017_GS1_Q22","2017","Environment","statement_correct","","medium","dynamic","medium","dynamic","","","","conceptual","","Algal Biofuels","Biofuel Technology; Ecological Concerns","","22.  It is possible to produce algae based biofuels, but what is/are the likely limitations of developing countries in promoting this industry ?  Production of algae based biofuels is possible in seas only and not on continents.  Setting up and engineering the algae based biofuel production requires high level of expertise/technology until the construction is completed.  Economically viable production necessitates the setting up of large scale facilities which may raise ecological and social concerns.  Select the correct answer using the code given below : (a) 1 and 2 only (b) 2 and 3 only (c) 3 only (d) 1, 2 and 3"
"UPSC_2017_GS1_Q23","2017","Social Justice","statement_correct","","medium","dynamic","medium","dynamic","","","","factual","","Nutrition Programs","National Nutrition Mission; Anaemia Reduction","","23.  Which of the following are the objectives of National Nutrition Mission ?  To create awareness relating to malnutrition among pregnant women and lactating mothers.  To reduce the incidence of anaemia among young children, adolescent girls and women.  To promote the consumption of millets, coarse cereals and unpolished rice.  To promote the consumption of poultry eggs.  Select the correct answer using the code given below : (a) 1 and 2 only (b) 1, 2 and 3 only (c) 1, 2 and 4 only (d) 3 and 4 only"
